"exp","subj","used_feedback","used_percentage","fpf_aware","fpf_aware_text","all_feedback_aware","all_feedback_aware_text","which_feedback_false","percent_false_t1","percent_false_t2","percent_false_t3","percent_false_t4","false_feedback_nature","all_feedback_accurate_10","all_feedback_false_10","some_feedback_false_10","comments","strategy_text","self_disclose","self_disclose_text","fprob_aware","fprob_aware_text","study_strategy_text","test_strategy_text","conf_strategy","conf_strategy_text","self_bias","self_bias_text1","self_bias_text2","self_bias_text3","incentive_text"
"FPF01","AAWL","Yes, sometimes","Yes, sometimes","No","I did not find anything inaccurate.","I believe that all of the feedback I received throughout this study were accurate (true to my expectations).","","I don't believe there were any inaccurate or misleading feedback",0,0,0,0,"I'm pretty sure that all of the feedback I received were correct.","Agree","Disagree","Disagree","",NA,NA,NA,NA,NA,NA,NA,NA,NA,NA,NA,NA,NA,NA
"FPF01","ADDR","Yes, sometimes","Yes, all the time","I'm not sure","sometimes it seemed like I'd seen the image before but it was wrong, but it might just be that I was remembering a similar image","I believe that some of the feedback I received were inaccurate or misleading.","","During test blocks that did not show percentage information",5,5,21,61,"The feedback was occasionally inaccurate when I correctly responded ""new"". I responded ""new"" and was pretty sure that my response was correct, but the feedback occasionally said that my response was incorrect.","Disagree","Disagree","Agree","",NA,NA,NA,NA,NA,NA,NA,NA,NA,NA,NA,NA,NA,NA
"FPF01","ADDV","Yes, throughout the entire study","Yes, sometimes","No","I did not feel the feedback was inaccurate; I specifically recall some images and received correct feedback for them","I believe that all of the feedback I received throughout this study were accurate (true to my expectations).","","I don't believe there were any inaccurate or misleading feedback",0,0,5,5,"The feedback was occasionally inaccurate when I correctly responded ""new"". I responded ""new"" and was pretty sure that my response was correct, but the feedback occasionally said that my response was incorrect.,The feedback was occasionally inaccurate when I incorrectly responded ""new"". I responded ""new"" and was pretty sure that my response was NOT correct, but the feedback occasionally said that my response was correct.","Disagree","Disagree","Agree","Study was interesting and intriguing; I believed that 100% of the feedback was correct until the survey asked me otherwise, then doubted ALL of the feedback was correct.",NA,NA,NA,NA,NA,NA,NA,NA,NA,NA,NA,NA,NA,NA
"FPF01","APGL","Yes, sometimes","Yes, sometimes","No","N/A","I believe that all of the feedback I received throughout this study were accurate (true to my expectations).","","I don't believe there were any inaccurate or misleading feedback",1,1,1,1,"The feedback was occasionally inaccurate when I correctly responded ""old"". Meaning - there were trials where I responded ""old"" and was pretty sure that my response was correct, but the feedback occasionally said that my response was incorrect.","Agree","Disagree","Disagree","",NA,NA,NA,NA,NA,NA,NA,NA,NA,NA,NA,NA,NA,NA
"FPF01","ARNE","Yes, sometimes","Yes, sometimes","I'm not sure","I dont know","I believe that some of the feedback I received were inaccurate or misleading.","","During test blocks that did not show percentage information",9,9,9,10,"I'm not sure whether the feedback I received were correct.","Disagree","Not sure/Did not pay attention to feedback","Agree","",NA,NA,NA,NA,NA,NA,NA,NA,NA,NA,NA,NA,NA,NA
"FPF01","ARYV","No, the feedback did not influence my answers at all","Yes, sometimes","I'm not sure","I noticed that there were many pictures similar to each other in terms of color and landscape, the thing that I noticed to be different sometimes was the angle the scenery was captured. Like in some instances, it seemed like there was two pictures of the same thing but at different angles/viewpoints.","I believe that some of the feedback I received were inaccurate or misleading.","","During test blocks that did not show percentage information",30,30,20,20,"The feedback was occasionally inaccurate when I correctly responded ""new"". I responded ""new"" and was pretty sure that my response was correct, but the feedback occasionally said that my response was incorrect.","Disagree","Disagree","Agree","",NA,NA,NA,NA,NA,NA,NA,NA,NA,NA,NA,NA,NA,NA
"FPF01","BDIL","Yes, sometimes","Yes, sometimes","I'm not sure","I did not notice anything odd about the feedback","I don't know / did not pay attention to whether the feedback were accurate or inaccurate.","","I don't know / I did not pay attention to the feedback at all",30,40,20,10,"I'm not sure whether the feedback I received were correct.","Not sure/Did not pay attention to feedback","Not sure/Did not pay attention to feedback","Not sure/Did not pay attention to feedback","Fun study! I did not pay attention to the feedback after the first 10 images or so from when the feedback started. I mostly relied on my memory (which I am usually confident in anyway) but someimes second-guess myself.",NA,NA,NA,NA,NA,NA,NA,NA,NA,NA,NA,NA,NA,NA
"FPF01","BDVL","Yes, sometimes","Yes, sometimes","I'm not sure","I did not find anything inaccurate about the feedback","I believe that all of the feedback I received throughout this study were accurate (true to my expectations).","","I don't believe there were any inaccurate or misleading feedback",1,1,1,1,"I'm not sure whether the feedback I received were correct.","Agree","Disagree","Disagree","",NA,NA,NA,NA,NA,NA,NA,NA,NA,NA,NA,NA,NA,NA
"FPF01","CESC","Yes, sometimes","Yes, sometimes","I'm not sure","I wasn't really sure but I think few of my answer that I am pretty sure was right but it wasn't right, I think when there is some picture about flowers that I knew was old but few of the feedback said it was wrong. I didn't pay much attention since I did trust the feedback most of the time. ","I don't know / did not pay attention to whether the feedback were accurate or inaccurate.","","I don't know / I did not pay attention to the feedback at all",0,4,4,10,"The feedback was occasionally inaccurate when I correctly responded ""old"". Meaning - there were trials where I responded ""old"" and was pretty sure that my response was correct, but the feedback occasionally said that my response was incorrect.","Not sure/Did not pay attention to feedback","Not sure/Did not pay attention to feedback","Not sure/Did not pay attention to feedback","",NA,NA,NA,NA,NA,NA,NA,NA,NA,NA,NA,NA,NA,NA
"FPF01","COTV","Yes, sometimes","Yes, sometimes","I'm not sure","I'm not sure","I believe that some of the feedback I received were inaccurate or misleading.","","During test blocks that did not show percentage information",0,0,9,0,"The feedback was occasionally inaccurate when I correctly responded ""old"". Meaning - there were trials where I responded ""old"" and was pretty sure that my response was correct, but the feedback occasionally said that my response was incorrect.","Disagree","Not sure/Did not pay attention to feedback","Agree","",NA,NA,NA,NA,NA,NA,NA,NA,NA,NA,NA,NA,NA,NA
"FPF01","CYPT","No, the feedback did not influence my answers at all","Yes, sometimes","Yes","In the last set, there were a few pictures that I was sure that I had seen them before, but I got feedback that it is new. ","I believe that some of the feedback I received were inaccurate or misleading.","","During test blocks that did not show percentage information",1,1,1,19,"The feedback was occasionally inaccurate when I correctly responded ""old"". Meaning - there were trials where I responded ""old"" and was pretty sure that my response was correct, but the feedback occasionally said that my response was incorrect.,I'm not sure whether the feedback I received were correct.","Disagree","Disagree","Agree","",NA,NA,NA,NA,NA,NA,NA,NA,NA,NA,NA,NA,NA,NA
"FPF01","DDJV","Yes, sometimes","Yes, sometimes","No","I do not think I noticed anything inaccurate","I believe that all of the feedback I received throughout this study were accurate (true to my expectations).","","I don't believe there were any inaccurate or misleading feedback",2,4,4,7,"I'm pretty sure that all of the feedback I received were correct.","Agree","Disagree","Agree","",NA,NA,NA,NA,NA,NA,NA,NA,NA,NA,NA,NA,NA,NA
"FPF01","DEEH","Yes, throughout the entire study","No, the percentages did not influence my answers at all","Yes","some of the pictures looked older but they were marked young","I believe that most of the feedback I received were inaccurate or misleading.","","During both conditions mentioned above",50,61,75,88,"The feedback was occasionally inaccurate when I correctly responded ""old"". Meaning - there were trials where I responded ""old"" and was pretty sure that my response was correct, but the feedback occasionally said that my response was incorrect.","Disagree","Agree","Disagree","",NA,NA,NA,NA,NA,NA,NA,NA,NA,NA,NA,NA,NA,NA
"FPF01","DHVC","Yes, throughout the entire study","Yes, sometimes","I'm not sure","I did not find anything inaccurate that much with the study.","I believe that all of the feedback I received throughout this study were accurate (true to my expectations).","","I don't believe there were any inaccurate or misleading feedback",0,5,50,50,"The feedback was occasionally inaccurate when I correctly responded ""old"". Meaning - there were trials where I responded ""old"" and was pretty sure that my response was correct, but the feedback occasionally said that my response was incorrect.","Agree","Not sure/Did not pay attention to feedback","Not sure/Did not pay attention to feedback","different study to test memory. I would like to try different studies that will appear on Sona .",NA,NA,NA,NA,NA,NA,NA,NA,NA,NA,NA,NA,NA,NA
"FPF01","DJAJ","Yes, throughout the entire study","Yes, sometimes","Yes","I saw some that said correct/ wrong when I thought I for sure saw it. ","I believe that all of the feedback I received throughout this study were accurate (true to my expectations).","","During test blocks that did not show percentage information",3,10,10,1,"The feedback was occasionally inaccurate when I correctly responded ""old"". Meaning - there were trials where I responded ""old"" and was pretty sure that my response was correct, but the feedback occasionally said that my response was incorrect.","Agree","Disagree","Agree","N/A",NA,NA,NA,NA,NA,NA,NA,NA,NA,NA,NA,NA,NA,NA
"FPF01","DUJQ","Yes, sometimes","Yes, sometimes","Yes","There were a few that I marked as new even though I KNEW I had seen them because I remembered my memory item a second too late but it still marked me correct. (As the pictures flashed I tried to note one thing about each that first drew my eye, such as objects like ""yellow vase"" ""two frames"" and ""green board"". This is what I meant by memory item.) After I noticed the discrepancy twice, I tried to stop paying attention to the feedback.","I believe that some of the feedback I received were inaccurate or misleading.","","During test blocks that did not show percentage information",0,10,20,30,"The feedback was occasionally inaccurate when I incorrectly responded ""new"". I responded ""new"" and was pretty sure that my response was NOT correct, but the feedback occasionally said that my response was correct.","Disagree","Not sure/Did not pay attention to feedback","Agree","I noticed that some of the ""new"" images were reused. I only noticed this after I noticed the feedback was wrong so I have no idea how it influenced my score, though.",NA,NA,NA,NA,NA,NA,NA,NA,NA,NA,NA,NA,NA,NA
"FPF01","DWVZ","Yes, sometimes","Yes, sometimes","Yes","In this last task, I think that it marked some of my answers correct when they were wrong.","I believe that some of the feedback I received were inaccurate or misleading.","","During test blocks that did not show percentage information",0,0,18,66,"The feedback was occasionally inaccurate when I incorrectly responded ""new"". I responded ""new"" and was pretty sure that my response was NOT correct, but the feedback occasionally said that my response was correct.","Disagree","Disagree","Agree","none",NA,NA,NA,NA,NA,NA,NA,NA,NA,NA,NA,NA,NA,NA
"FPF01","EDUT","Yes, throughout the entire study","Yes, sometimes","Yes","I believe I noticed that sometimes when I realized that my answer was wrong, the feedback I would receive would say correct. I noticed this towards the end of the experiment. ","I believe that some of the feedback I received were inaccurate or misleading.","","During test blocks that did not show percentage information",0,8,28,44,"The feedback was occasionally inaccurate when I incorrectly responded ""old"". I responded ""old"" and was pretty sure that my response was NOT correct, but the feedback occasionally said that my response was correct.,The feedback was occasionally inaccurate when I incorrectly responded ""new"". I responded ""new"" and was pretty sure that my response was NOT correct, but the feedback occasionally said that my response was correct.","Disagree","Not sure/Did not pay attention to feedback","Agree","",NA,NA,NA,NA,NA,NA,NA,NA,NA,NA,NA,NA,NA,NA
"FPF01","EEIP","Yes, throughout the entire study","Yes, sometimes","I'm not sure","I don't feel like I noticed anything unusual. I trusted the machine.","I believe that all of the feedback I received throughout this study were accurate (true to my expectations).","","I don't believe there were any inaccurate or misleading feedback",2,2,29,30,"I'm pretty sure that all of the feedback I received were correct.","Agree","Disagree","Not sure/Did not pay attention to feedback","I feel like I got more wrong during the last memory block with the percentages. If this was due to the feedback, I would be surprised. This study made me incredibly sleepy so I'm surprised I was able to remember anything.",NA,NA,NA,NA,NA,NA,NA,NA,NA,NA,NA,NA,NA,NA
"FPF01","EGMM","Yes, sometimes","Yes, sometimes","No","No","I believe that all of the feedback I received throughout this study were accurate (true to my expectations).","","I don't believe there were any inaccurate or misleading feedback",1,1,1,1,"I'm pretty sure that all of the feedback I received were correct.","Agree","Disagree","Disagree","",NA,NA,NA,NA,NA,NA,NA,NA,NA,NA,NA,NA,NA,NA
"FPF01","EIQL","Yes, sometimes","Yes, sometimes","I'm not sure","I think I received at least one incorrect feedback response.","I believe that some of the feedback I received were inaccurate or misleading.","","During test blocks that showed percentage information of old/new items",0,0,0,10,"I'm not sure whether the feedback I received were correct.","Disagree","Disagree","Agree","",NA,NA,NA,NA,NA,NA,NA,NA,NA,NA,NA,NA,NA,NA
"FPF01","EISK","Yes, throughout the entire study","Yes, sometimes","I'm not sure","","I believe that some of the feedback I received were inaccurate or misleading.","","During test blocks that showed percentage information of old/new items",13,18,17,13,"I'm not sure whether the feedback I received were correct.","Not sure/Did not pay attention to feedback","Not sure/Did not pay attention to feedback","Not sure/Did not pay attention to feedback","",NA,NA,NA,NA,NA,NA,NA,NA,NA,NA,NA,NA,NA,NA
"FPF01","EJDK","Yes, sometimes","Yes, sometimes","I'm not sure","There seemed to be a lot of ""new"" images during the final test phase but I'm not sure that was necessarily inaccurate.","I believe that all of the feedback I received throughout this study were accurate (true to my expectations).","","During test blocks that showed percentage information of old/new items",0,0,0,10,"The feedback was occasionally inaccurate when I incorrectly responded ""new"". I responded ""new"" and was pretty sure that my response was NOT correct, but the feedback occasionally said that my response was correct.","Not sure/Did not pay attention to feedback","Disagree","Not sure/Did not pay attention to feedback","These photos were so unsettling, it's hard for some of them not to be burned into your memory.",NA,NA,NA,NA,NA,NA,NA,NA,NA,NA,NA,NA,NA,NA
"FPF01","EMAO","No, the feedback did not influence my answers at all","Yes, all the time","I'm not sure","I did not find anything inaccurate about feedback","I don't know / did not pay attention to whether the feedback were accurate or inaccurate.","","I don't believe there were any inaccurate or misleading feedback",71,70,5,5,"I'm pretty sure that all of the feedback I received were correct.","Agree","Agree","Not sure/Did not pay attention to feedback","",NA,NA,NA,NA,NA,NA,NA,NA,NA,NA,NA,NA,NA,NA
"FPF01","ENZE","No, the feedback did not influence my answers at all","No, the percentages did not influence my answers at all","Yes","I can't tell for sure, but there was a moment or two where I felt that I had aabsolutely not seen and image before and I ansered as such, but it told me I was incorrect. Although I'm not sure whether it was my memory playing tricks on me or whether it was the purpose of the experiment.","I believe that some of the feedback I received were inaccurate or misleading.","","During test blocks that did not show percentage information",0,10,15,10,"The feedback was occasionally inaccurate when I correctly responded ""new"". I responded ""new"" and was pretty sure that my response was correct, but the feedback occasionally said that my response was incorrect.","Disagree","Not sure/Did not pay attention to feedback","Agree","",NA,NA,NA,NA,NA,NA,NA,NA,NA,NA,NA,NA,NA,NA
"FPF01","EQHC","No, the feedback did not influence my answers at all","Yes, sometimes","I did not pay attention to the feedback","didn't fully pay attention to it","I don't know / did not pay attention to whether the feedback were accurate or inaccurate.","","I don't know / I did not pay attention to the feedback at all",5,13,20,40,"The feedback was occasionally inaccurate when I incorrectly responded ""old"". I responded ""old"" and was pretty sure that my response was NOT correct, but the feedback occasionally said that my response was correct.","Not sure/Did not pay attention to feedback","Disagree","Agree","",NA,NA,NA,NA,NA,NA,NA,NA,NA,NA,NA,NA,NA,NA
"FPF01","ESBK","Yes, sometimes","Yes, sometimes","Yes","There were times I was so certain about one answer, only to receive feedback that said I was wrong","I believe that some of the feedback I received were inaccurate or misleading.","","During test blocks that showed percentage information of old/new items",1,1,20,20,"The feedback was occasionally inaccurate when I correctly responded ""old"". Meaning - there were trials where I responded ""old"" and was pretty sure that my response was correct, but the feedback occasionally said that my response was incorrect.,The feedback was occasionally inaccurate when I correctly responded ""new"". I responded ""new"" and was pretty sure that my response was correct, but the feedback occasionally said that my response was incorrect.","Disagree","Disagree","Agree","",NA,NA,NA,NA,NA,NA,NA,NA,NA,NA,NA,NA,NA,NA
"FPF01","EZRP","Yes, sometimes","Yes, sometimes","Yes","I noticed this more in the 3rd task, there were 2 images that I am almost 100% sure were part of the memorization part so they would be ""old"" but the feedback said that the images were ""new""","I believe that some of the feedback I received were inaccurate or misleading.","","During test blocks that did not show percentage information",100,100,80,50,"The feedback was occasionally inaccurate when I correctly responded ""old"". Meaning - there were trials where I responded ""old"" and was pretty sure that my response was correct, but the feedback occasionally said that my response was incorrect.","Disagree","Disagree","Agree","",NA,NA,NA,NA,NA,NA,NA,NA,NA,NA,NA,NA,NA,NA
"FPF01","FBLT","No, the feedback did not influence my answers at all","Yes, sometimes","I'm not sure","I think that a few times, when I chose ""new"" or ""old"" for an image, it gave me the wrong feedback, but maybe it was just me remembering incorrectly or not remembering.","I believe that some of the feedback I received were inaccurate or misleading.","","During both conditions mentioned above",0,15,30,30,"I'm not sure whether the feedback I received were correct.","Disagree","Disagree","Agree","",NA,NA,NA,NA,NA,NA,NA,NA,NA,NA,NA,NA,NA,NA
"FPF01","FDDG","No, the feedback did not influence my answers at all","Yes, sometimes","I did not pay attention to the feedback","There were 1-2 times were I thought I hadn't seen something before (I said the image was 'new'), but overall I didn't pay much attention to the feedback. ","I believe that all of the feedback I received throughout this study were accurate (true to my expectations).","","I don't believe there were any inaccurate or misleading feedback",0,0,5,0,"The feedback was occasionally inaccurate when I correctly responded ""new"". I responded ""new"" and was pretty sure that my response was correct, but the feedback occasionally said that my response was incorrect.","Not sure/Did not pay attention to feedback","Not sure/Did not pay attention to feedback","Not sure/Did not pay attention to feedback","",NA,NA,NA,NA,NA,NA,NA,NA,NA,NA,NA,NA,NA,NA
"FPF01","FGQB","Yes, sometimes","Yes, sometimes","I'm not sure","For some photos, I knew that it was old, but I clicked ""new."" The screen then said ""correct,"" which surprised me. I only noticed 1 occasion of this.","I believe that some of the feedback I received were inaccurate or misleading.","","I don't know / I did not pay attention to the feedback at all",10,10,0,0,"The feedback was occasionally inaccurate when I incorrectly responded ""new"". I responded ""new"" and was pretty sure that my response was NOT correct, but the feedback occasionally said that my response was correct.","Disagree","Disagree","Agree","",NA,NA,NA,NA,NA,NA,NA,NA,NA,NA,NA,NA,NA,NA
"FPF01","FYMC","No, the feedback did not influence my answers at all","No, the percentages did not influence my answers at all","Yes","In the last memory task, I think I was told that my answers were incorrect when they were right. I think this was the case for both old and new photos. I noticed it enough to wonder if the point of that testing block was the effect of incorrect feedback.","I believe that some of the feedback I received were inaccurate or misleading.","","During test blocks that did not show percentage information",0,0,0,28,"The feedback was occasionally inaccurate when I correctly responded ""new"". I responded ""new"" and was pretty sure that my response was correct, but the feedback occasionally said that my response was incorrect.","Disagree","Disagree","Agree","",NA,NA,NA,NA,NA,NA,NA,NA,NA,NA,NA,NA,NA,NA
"FPF01","FZXW","Yes, throughout the entire study","No, the percentages did not influence my answers at all","No","I did not find anything unusual about the feedback.","I believe that all of the feedback I received throughout this study were accurate (true to my expectations).","","I don't believe there were any inaccurate or misleading feedback",1,1,1,1,"I'm pretty sure that all of the feedback I received were correct.","Agree","Disagree","Disagree","",NA,NA,NA,NA,NA,NA,NA,NA,NA,NA,NA,NA,NA,NA
"FPF01","GITG","Yes, sometimes","Yes, sometimes","Yes","I thought that some of the ones I thought I had seen were correct but then it would say it was wrong","I believe that some of the feedback I received were inaccurate or misleading.","","During test blocks that did not show percentage information",0,0,30,35,"The feedback was occasionally inaccurate when I correctly responded ""old"". Meaning - there were trials where I responded ""old"" and was pretty sure that my response was correct, but the feedback occasionally said that my response was incorrect.,The feedback was occasionally inaccurate when I correctly responded ""new"". I responded ""new"" and was pretty sure that my response was correct, but the feedback occasionally said that my response was incorrect.,The feedback was occasionally inaccurate when I incorrectly responded ""new"". I responded ""new"" and was pretty sure that my response was NOT correct, but the feedback occasionally said that my response was correct.","Disagree","Disagree","Agree","",NA,NA,NA,NA,NA,NA,NA,NA,NA,NA,NA,NA,NA,NA
"FPF01","GUPI","Yes, sometimes","Yes, all the time","I'm not sure","Not sure if I found anything inaccurate.","I don't know / did not pay attention to whether the feedback were accurate or inaccurate.","","I don't know / I did not pay attention to the feedback at all",82,88,85,89,"I'm not sure whether the feedback I received were correct.","Not sure/Did not pay attention to feedback","Not sure/Did not pay attention to feedback","Not sure/Did not pay attention to feedback","",NA,NA,NA,NA,NA,NA,NA,NA,NA,NA,NA,NA,NA,NA
"FPF01","HCRN","Yes, sometimes","Yes, sometimes","I'm not sure","nothing unusual I think","I believe that all of the feedback I received throughout this study were accurate (true to my expectations).","","I don't believe there were any inaccurate or misleading feedback",3,5,4,6,"I'm pretty sure that all of the feedback I received were correct.","Agree","Agree","Agree","I have ADHD, so my short-term memory may need be at the same level as other participants",NA,NA,NA,NA,NA,NA,NA,NA,NA,NA,NA,NA,NA,NA
"FPF01","HDPY","No, the feedback did not influence my answers at all","Yes, sometimes","I'm not sure","nothing inaccurate","I believe that some of the feedback I received were inaccurate or misleading.","","During test blocks that showed percentage information of old/new items",6,0,20,0,"The feedback was occasionally inaccurate when I correctly responded ""new"". I responded ""new"" and was pretty sure that my response was correct, but the feedback occasionally said that my response was incorrect.,The feedback was occasionally inaccurate when I incorrectly responded ""old"". I responded ""old"" and was pretty sure that my response was NOT correct, but the feedback occasionally said that my response was correct.","Disagree","Disagree","Agree","",NA,NA,NA,NA,NA,NA,NA,NA,NA,NA,NA,NA,NA,NA
"FPF01","HRQB","Yes, sometimes","Yes, sometimes","No","I did not notice anything.","I don't know / did not pay attention to whether the feedback were accurate or inaccurate.","","I don't know / I did not pay attention to the feedback at all",0,0,0,0,"I'm not sure whether the feedback I received were correct.","Not sure/Did not pay attention to feedback","Not sure/Did not pay attention to feedback","Not sure/Did not pay attention to feedback","I did not notice any misleading feedback, but these survey questions are making me rethink and doubt myself.",NA,NA,NA,NA,NA,NA,NA,NA,NA,NA,NA,NA,NA,NA
"FPF01","HYCF","Yes, sometimes","No, the percentages did not influence my answers at all","Yes","I noticed that either the feedback sometimes was intentionally wrong, I noticed it graded correct for some answers I thought were wrong. Also some immages were in the same scenery with different camera angle so that could have affected my assesment in thinking feedback was sometimes inaccurate.","I believe that some of the feedback I received were inaccurate or misleading.","","During test blocks that did not show percentage information",8,13,3,0,"The feedback was occasionally inaccurate when I incorrectly responded ""old"". I responded ""old"" and was pretty sure that my response was NOT correct, but the feedback occasionally said that my response was correct.,The feedback was occasionally inaccurate when I incorrectly responded ""new"". I responded ""new"" and was pretty sure that my response was NOT correct, but the feedback occasionally said that my response was correct.","Disagree","Disagree","Agree","",NA,NA,NA,NA,NA,NA,NA,NA,NA,NA,NA,NA,NA,NA
"FPF01","IBVV","Yes, sometimes","Yes, sometimes","I'm not sure","a couple times i thought i had seen an image before and it said i had not","I believe that some of the feedback I received were inaccurate or misleading.","","During both conditions mentioned above",4,4,4,3,"The feedback was occasionally inaccurate when I correctly responded ""old"". Meaning - there were trials where I responded ""old"" and was pretty sure that my response was correct, but the feedback occasionally said that my response was incorrect.,The feedback was occasionally inaccurate when I correctly responded ""new"". I responded ""new"" and was pretty sure that my response was correct, but the feedback occasionally said that my response was incorrect.","Disagree","Not sure/Did not pay attention to feedback","Agree","",NA,NA,NA,NA,NA,NA,NA,NA,NA,NA,NA,NA,NA,NA
"FPF01","JMJX","Yes, sometimes","Yes, sometimes","Yes","There were some photos I was sure I'd seen before, but when I selected old it was incorrect. Sometimes I also felt like I was seeing photos from previous blocks, which was confusing.","I believe that some of the feedback I received were inaccurate or misleading.","","During test blocks that did not show percentage information",100,100,79,48,"The feedback was occasionally inaccurate when I correctly responded ""old"". Meaning - there were trials where I responded ""old"" and was pretty sure that my response was correct, but the feedback occasionally said that my response was incorrect.,The feedback was occasionally inaccurate when I incorrectly responded ""new"". I responded ""new"" and was pretty sure that my response was NOT correct, but the feedback occasionally said that my response was correct.","Disagree","Not sure/Did not pay attention to feedback","Not sure/Did not pay attention to feedback","",NA,NA,NA,NA,NA,NA,NA,NA,NA,NA,NA,NA,NA,NA
"FPF01","JVYU","No, the feedback did not influence my answers at all","No, the percentages did not influence my answers at all","Yes","I was very confident that my answer was right for some, but it told me that it was incorrect.","I believe that some of the feedback I received were inaccurate or misleading.","","During test blocks that showed percentage information of old/new items",0,1,38,28,"The feedback was occasionally inaccurate when I correctly responded ""new"". I responded ""new"" and was pretty sure that my response was correct, but the feedback occasionally said that my response was incorrect.","Disagree","Disagree","Agree","",NA,NA,NA,NA,NA,NA,NA,NA,NA,NA,NA,NA,NA,NA
"FPF01","KBLM","Yes, sometimes","Yes, sometimes","I did not pay attention to the feedback","I did not notice.","I believe that some of the feedback I received were inaccurate or misleading.","","During test blocks that did not show percentage information",9,10,38,75,"The feedback was occasionally inaccurate when I correctly responded ""old"". Meaning - there were trials where I responded ""old"" and was pretty sure that my response was correct, but the feedback occasionally said that my response was incorrect.,The feedback was occasionally inaccurate when I correctly responded ""new"". I responded ""new"" and was pretty sure that my response was correct, but the feedback occasionally said that my response was incorrect.","Disagree","Agree","Not sure/Did not pay attention to feedback","",NA,NA,NA,NA,NA,NA,NA,NA,NA,NA,NA,NA,NA,NA
"FPF01","KGMJ","Yes, sometimes","No, the percentages did not influence my answers at all","Yes","felt some of the answers were graded wrong","I believe that some of the feedback I received were inaccurate or misleading.","","During test blocks that showed percentage information of old/new items",0,9,70,70,"The feedback was occasionally inaccurate when I correctly responded ""new"". I responded ""new"" and was pretty sure that my response was correct, but the feedback occasionally said that my response was incorrect.","Disagree","Not sure/Did not pay attention to feedback","Not sure/Did not pay attention to feedback","",NA,NA,NA,NA,NA,NA,NA,NA,NA,NA,NA,NA,NA,NA
"FPF01","LJQQ","Yes, sometimes","Yes, all the time","Yes","I felt like sometimes it showed me the same picture twice and gave me different feedbacks","I believe that some of the feedback I received were inaccurate or misleading.","","During both conditions mentioned above",0,30,0,30,"The feedback was occasionally inaccurate when I correctly responded ""old"". Meaning - there were trials where I responded ""old"" and was pretty sure that my response was correct, but the feedback occasionally said that my response was incorrect.","Disagree","Disagree","Agree","",NA,NA,NA,NA,NA,NA,NA,NA,NA,NA,NA,NA,NA,NA
"FPF01","LOCF","No, the feedback did not influence my answers at all","Yes, all the time","Yes","I selected 'old' and it said 'incorrect'- maybe I accidentally selected 'new'","I believe that some of the feedback I received were inaccurate or misleading.","","During test blocks that did not show percentage information",10,1,10,1,"The feedback was occasionally inaccurate when I correctly responded ""old"". Meaning - there were trials where I responded ""old"" and was pretty sure that my response was correct, but the feedback occasionally said that my response was incorrect.","Disagree","Not sure/Did not pay attention to feedback","Agree","",NA,NA,NA,NA,NA,NA,NA,NA,NA,NA,NA,NA,NA,NA
"FPF01","MBNH","Yes, sometimes","No, the percentages did not influence my answers at all","Yes","I know memory is imperfect, but I definitely feel like some images were brand new but new was marked as incorrect. I do believe I am at fault though. Also the last image you didn't get feedback on :(","I believe that all of the feedback I received throughout this study were accurate (true to my expectations).","","I don't believe there were any inaccurate or misleading feedback",0,0,0,0,"I'm pretty sure that all of the feedback I received were correct.","Agree","Disagree","Disagree","Lots of questions about the accuracy of feedback is making me question whether it was accurate or not. Still, I hold to my belief that it was accurate and my 'disagreement' with some feedback was my own memory being inaccurate.",NA,NA,NA,NA,NA,NA,NA,NA,NA,NA,NA,NA,NA,NA
"FPF01","MCIP","No, the feedback did not influence my answers at all","No, the percentages did not influence my answers at all","Yes","There were times were pictures seemed familiar, though it stated I was incorrect. This happened more in the beginning of the study.","I believe that some of the feedback I received were inaccurate or misleading.","","During test blocks that did not show percentage information",0,2,10,20,"The feedback was occasionally inaccurate when I correctly responded ""old"". Meaning - there were trials where I responded ""old"" and was pretty sure that my response was correct, but the feedback occasionally said that my response was incorrect.,The feedback was occasionally inaccurate when I correctly responded ""new"". I responded ""new"" and was pretty sure that my response was correct, but the feedback occasionally said that my response was incorrect.","Disagree","Disagree","Agree","For the ""  Did you use the ""correct""/""wrong"" feedback that you received to make your ""old""/""new"" memory decisions?  In 2 of the 4 memory test blocks, there was an on-screen prompt that indicated the percentages of old/new items in the test. Did you use the ""70% old items""/""70% new items"" information that you saw on-screen to make your ""old""/""new"" memory decisions?  Did you notice anything unusual, inaccurate, or misleading about the ""correct""/""wrong"" feedback that you received during the memory tests?  What specifically did you notice was unusual, inaccurate, or misleading about the feedback that you received? Please describe below in as much as detail as possible.   If you did not find anything inaccurate about the feedback, please state so. There were times were pictures seemed familiar, though it stated I was incorrect. This happened more in the beginning of the study.  Consider all ""correct""/""wrong"" feedback that you received. From the statements below, please select the one that you agree with.  If you feel that some of the feedback that you received were inaccurate or misleading, at which test phase did those inaccurate feedback occur?  Consider each of the 4 memory test blocks individually. How much of the feedback do you think were inaccurate or misleading? Provide an estimate/guesstimate.  For each of the 4 test blocks, click on the slider to indicate a percentage between 0 (all feedback accurate) and 100 (all feedback inaccurate). (Order of the test blocks doesn't matter)  Consider the feedback that you received during each of the 4 memory test blocks individually. In the following statements, select all that apply."" question a ""I didn't pay attention to when it disagreed with me, but am sure it did"" option would be nice",NA,NA,NA,NA,NA,NA,NA,NA,NA,NA,NA,NA,NA,NA
"FPF01","MMZA","Yes, sometimes","No, the percentages did not influence my answers at all","Yes","There were some that I felt I've never seen as old and some old ones which were new.","I believe that most of the feedback I received were inaccurate or misleading.","","During both conditions mentioned above",21,24,60,61,"The feedback was occasionally inaccurate when I incorrectly responded ""new"". I responded ""new"" and was pretty sure that my response was NOT correct, but the feedback occasionally said that my response was correct.","Disagree","Agree","Disagree","",NA,NA,NA,NA,NA,NA,NA,NA,NA,NA,NA,NA,NA,NA
"FPF01","MNKG","Yes, throughout the entire study","Yes, sometimes","No","I did not find anything inaccurate about the feedback","I believe that all of the feedback I received throughout this study were accurate (true to my expectations).","","I don't believe there were any inaccurate or misleading feedback",0,0,0,0,"I'm pretty sure that all of the feedback I received were correct.","Agree","Disagree","Disagree","",NA,NA,NA,NA,NA,NA,NA,NA,NA,NA,NA,NA,NA,NA
"FPF01","MPNR","Yes, sometimes","Yes, sometimes","No","I trusted that the feedback was accurate so i didn't question its accuracy throughout the experiment","I don't know / did not pay attention to whether the feedback were accurate or inaccurate.","","I don't believe there were any inaccurate or misleading feedback",9,8,7,7,"I'm pretty sure that all of the feedback I received were correct.,I'm not sure whether the feedback I received were correct.","Not sure/Did not pay attention to feedback","Not sure/Did not pay attention to feedback","Not sure/Did not pay attention to feedback","I wish I could retake the study and pay more attention to the feedback. I was mainly focused on using my memory to determine whether the images were old or new. ",NA,NA,NA,NA,NA,NA,NA,NA,NA,NA,NA,NA,NA,NA
"FPF01","MXAV","Yes, sometimes","Yes, all the time","I'm not sure","might have been wrong, felt more wrong at end ""against"" me and maybe more wrong at beginning in my favor","I believe that all of the feedback I received throughout this study were accurate (true to my expectations).","","During test blocks that showed percentage information of old/new items",0,6,32,32,"I'm not sure whether the feedback I received were correct.","Not sure/Did not pay attention to feedback","Disagree","Agree","thought the percentage ones might have been off, but maybe it was in my favor (e.g., i was wrong but it told me i was right) on the earlier blocks",NA,NA,NA,NA,NA,NA,NA,NA,NA,NA,NA,NA,NA,NA
"FPF01","NBDU","Yes, sometimes","Yes, sometimes","Yes","I found that some answers were incorrect.","I believe that some of the feedback I received were inaccurate or misleading.","","During both conditions mentioned above",0,5,11,15,"The feedback was occasionally inaccurate when I incorrectly responded ""old"". I responded ""old"" and was pretty sure that my response was NOT correct, but the feedback occasionally said that my response was correct.,The feedback was occasionally inaccurate when I incorrectly responded ""new"". I responded ""new"" and was pretty sure that my response was NOT correct, but the feedback occasionally said that my response was correct.","Disagree","Disagree","Agree","",NA,NA,NA,NA,NA,NA,NA,NA,NA,NA,NA,NA,NA,NA
"FPF01","NBKA","Yes, throughout the entire study","Yes, sometimes","I'm not sure","When I see wrong feedback, I will be more tempted to choose another option in next picture.","I believe that some of the feedback I received were inaccurate or misleading.","","During both conditions mentioned above",1,30,60,60,"The feedback was occasionally inaccurate when I correctly responded ""old"". Meaning - there were trials where I responded ""old"" and was pretty sure that my response was correct, but the feedback occasionally said that my response was incorrect.,The feedback was occasionally inaccurate when I incorrectly responded ""new"". I responded ""new"" and was pretty sure that my response was NOT correct, but the feedback occasionally said that my response was correct.","Disagree","Disagree","Agree","",NA,NA,NA,NA,NA,NA,NA,NA,NA,NA,NA,NA,NA,NA
"FPF01","NMIG","Yes, sometimes","Yes, all the time","I'm not sure","I as if I got more wrong feedback I got more answers wrong","I believe that some of the feedback I received were inaccurate or misleading.","","During test blocks that showed percentage information of old/new items",3,3,50,50,"The feedback was occasionally inaccurate when I correctly responded ""old"". Meaning - there were trials where I responded ""old"" and was pretty sure that my response was correct, but the feedback occasionally said that my response was incorrect.","Disagree","Disagree","Agree","",NA,NA,NA,NA,NA,NA,NA,NA,NA,NA,NA,NA,NA,NA
"FPF01","NZRP","Yes, sometimes","No, the percentages did not influence my answers at all","No","I felt in very low number of cases that I should have been wrong but I was not sure of this and it was a small percentage","I believe that some of the feedback I received were inaccurate or misleading.","","During test blocks that showed percentage information of old/new items",0,5,5,3,"The feedback was occasionally inaccurate when I incorrectly responded ""new"". I responded ""new"" and was pretty sure that my response was NOT correct, but the feedback occasionally said that my response was correct.,I'm not sure whether the feedback I received were correct.","Disagree","Disagree","Agree","nothing, thanks",NA,NA,NA,NA,NA,NA,NA,NA,NA,NA,NA,NA,NA,NA
"FPF01","OJHZ","Yes, sometimes","Yes, all the time","No","I only found myself thinking that the correct/wrong information was misleading during the percentages tests and only had those thoughts rarely","None of the above (please explain)","I believe that some of the correct/wrong answers were misleading during the test","During test blocks that showed percentage information of old/new items",2,2,6,6,"The feedback was occasionally inaccurate when I correctly responded ""old"". Meaning - there were trials where I responded ""old"" and was pretty sure that my response was correct, but the feedback occasionally said that my response was incorrect.","Disagree","Disagree","Agree","Thank you! this was interesting and I was happy to be a part of it (:",NA,NA,NA,NA,NA,NA,NA,NA,NA,NA,NA,NA,NA,NA
"FPF01","OQUQ","Yes, sometimes","No, the percentages did not influence my answers at all","Yes","I could press new for some images that were old and get them correct.","I believe that some of the feedback I received were inaccurate or misleading.","","During both conditions mentioned above",40,53,58,39,"The feedback was occasionally inaccurate when I correctly responded ""old"". Meaning - there were trials where I responded ""old"" and was pretty sure that my response was correct, but the feedback occasionally said that my response was incorrect.,The feedback was occasionally inaccurate when I correctly responded ""new"". I responded ""new"" and was pretty sure that my response was correct, but the feedback occasionally said that my response was incorrect.","Disagree","Agree","Agree","",NA,NA,NA,NA,NA,NA,NA,NA,NA,NA,NA,NA,NA,NA
"FPF01","ORUS","Yes, sometimes","Yes, sometimes","Yes","Some of the feedback do not match my memory","I believe that some of the feedback I received were inaccurate or misleading.","","During both conditions mentioned above",50,50,50,50,"The feedback was occasionally inaccurate when I incorrectly responded ""new"". I responded ""new"" and was pretty sure that my response was NOT correct, but the feedback occasionally said that my response was correct.","Disagree","Disagree","Agree","Thank you for the study this is very interesting! ",NA,NA,NA,NA,NA,NA,NA,NA,NA,NA,NA,NA,NA,NA
"FPF01","OVHO","Yes, sometimes","No, the percentages did not influence my answers at all","I'm not sure","I did not find anything inaccurate. ","I believe that all of the feedback I received throughout this study were accurate (true to my expectations).","","I don't believe there were any inaccurate or misleading feedback",1,1,1,1,"I'm pretty sure that all of the feedback I received were correct.","Agree","Not sure/Did not pay attention to feedback","Not sure/Did not pay attention to feedback","",NA,NA,NA,NA,NA,NA,NA,NA,NA,NA,NA,NA,NA,NA
"FPF01","PKUY","Yes, sometimes","Yes, all the time","I'm not sure","I thought a photo was definitely new but I could definitely be mistaken. But whenever I know for a fact it was a photo I had seen before it never counted it as wrong. I also think that whenever it was wrong it flashed wrong for much shorter than it flashed correct/","I believe that some of the feedback I received were inaccurate or misleading.","","During test blocks that did not show percentage information",15,3,9,15,"The feedback was occasionally inaccurate when I correctly responded ""old"". Meaning - there were trials where I responded ""old"" and was pretty sure that my response was correct, but the feedback occasionally said that my response was incorrect.,The feedback was occasionally inaccurate when I correctly responded ""new"". I responded ""new"" and was pretty sure that my response was correct, but the feedback occasionally said that my response was incorrect.","Disagree","Disagree","Agree","I wish I had seen what percentage I got correct",NA,NA,NA,NA,NA,NA,NA,NA,NA,NA,NA,NA,NA,NA
"FPF01","PKYB","Yes, throughout the entire study","Yes, sometimes","I'm not sure","It seemed like a few of them should have been correct, but I'm not positive. ","I believe that some of the feedback I received were inaccurate or misleading.","","During both conditions mentioned above",20,10,30,30,"The feedback was occasionally inaccurate when I correctly responded ""new"". I responded ""new"" and was pretty sure that my response was correct, but the feedback occasionally said that my response was incorrect.","Disagree","Disagree","Agree","",NA,NA,NA,NA,NA,NA,NA,NA,NA,NA,NA,NA,NA,NA
"FPF01","QHKB","Yes, sometimes","Yes, sometimes","I'm not sure","sometimes it felt like it would say correct for a past old image instead of just for the current set of images (i could be mistaken though).","I believe that some of the feedback I received were inaccurate or misleading.","","During test blocks that did not show percentage information",3,3,15,1,"The feedback was occasionally inaccurate when I correctly responded ""old"". Meaning - there were trials where I responded ""old"" and was pretty sure that my response was correct, but the feedback occasionally said that my response was incorrect.","Disagree","Disagree","Agree","I thought there were only three memory test blocks. ",NA,NA,NA,NA,NA,NA,NA,NA,NA,NA,NA,NA,NA,NA
"FPF01","QHVC","Yes, throughout the entire study","Yes, all the time","I'm not sure","I'm not sure, it glitched a couple times but that's all I noticed.","I don't know / did not pay attention to whether the feedback were accurate or inaccurate.","","I don't know / I did not pay attention to the feedback at all",9,8,6,6,"I'm pretty sure that all of the feedback I received were correct.,I'm not sure whether the feedback I received were correct.","Not sure/Did not pay attention to feedback","Not sure/Did not pay attention to feedback","Not sure/Did not pay attention to feedback","",NA,NA,NA,NA,NA,NA,NA,NA,NA,NA,NA,NA,NA,NA
"FPF01","RIME","Yes, sometimes","Yes, sometimes","Yes","There was at least one image that were marked as correct that I thought was an image from a previous block, but I wasn't/am not sure if this is true. ","I believe that some of the feedback I received were inaccurate or misleading.","","During test blocks that showed percentage information of old/new items",0,1,10,10,"The feedback was occasionally inaccurate when I incorrectly responded ""old"". I responded ""old"" and was pretty sure that my response was NOT correct, but the feedback occasionally said that my response was correct.","Disagree","Disagree","Agree","",NA,NA,NA,NA,NA,NA,NA,NA,NA,NA,NA,NA,NA,NA
"FPF01","RSAP","No, the feedback did not influence my answers at all","Yes, sometimes","No","I did not find anything inaccurate about the feedback. ","I believe that all of the feedback I received throughout this study were accurate (true to my expectations).","","I don't believe there were any inaccurate or misleading feedback",0,0,0,0,"I'm pretty sure that all of the feedback I received were correct.","Agree","Disagree","Disagree","",NA,NA,NA,NA,NA,NA,NA,NA,NA,NA,NA,NA,NA,NA
"FPF01","RXDK","Yes, sometimes","No, the percentages did not influence my answers at all","I'm not sure","For some of them, probably 2-3 of them, I was pretty sure I've seen the image before so I selected ""old"" but the prompt told me it was wrong. But again, that could just be my memory failing me. Also the Correct promps seemed to stay up a teeny bit longer than the Wrong prompts.  But maybe that's also psychological as well. ","I believe that some of the feedback I received were inaccurate or misleading.","","During test blocks that did not show percentage information",0,1,2,1,"The feedback was occasionally inaccurate when I correctly responded ""old"". Meaning - there were trials where I responded ""old"" and was pretty sure that my response was correct, but the feedback occasionally said that my response was incorrect.","Disagree","Disagree","Agree","I'm not 100% sure if it was my memory failing or if there was genuinely a mistake in some of the feedback.",NA,NA,NA,NA,NA,NA,NA,NA,NA,NA,NA,NA,NA,NA
"FPF01","RZLI","Yes, sometimes","Yes, sometimes","I'm not sure","Sometimes I feel like the feedback might have been wrong, or it could have been my memory.","I believe that some of the feedback I received were inaccurate or misleading.","","During both conditions mentioned above",25,25,33,33,"The feedback was occasionally inaccurate when I correctly responded ""old"". Meaning - there were trials where I responded ""old"" and was pretty sure that my response was correct, but the feedback occasionally said that my response was incorrect.,The feedback was occasionally inaccurate when I correctly responded ""new"". I responded ""new"" and was pretty sure that my response was correct, but the feedback occasionally said that my response was incorrect.,I'm not sure whether the feedback I received were correct.","Disagree","Agree","Disagree","",NA,NA,NA,NA,NA,NA,NA,NA,NA,NA,NA,NA,NA,NA
"FPF01","SLMS","No, the feedback did not influence my answers at all","Yes, sometimes","No","I didn't notice anything inaccurate about the feedback","I believe that all of the feedback I received throughout this study were accurate (true to my expectations).","","I don't believe there were any inaccurate or misleading feedback",0,0,0,0,"I'm pretty sure that all of the feedback I received were correct.","Agree","Disagree","Disagree","",NA,NA,NA,NA,NA,NA,NA,NA,NA,NA,NA,NA,NA,NA
"FPF01","SNGC","No, the feedback did not influence my answers at all","Yes, sometimes","I'm not sure","I did not find anything inaccurate about the feedback.","I don't know / did not pay attention to whether the feedback were accurate or inaccurate.","","I don't know / I did not pay attention to the feedback at all",1,1,26,26,"I'm pretty sure that all of the feedback I received were correct.,I'm not sure whether the feedback I received were correct.","Not sure/Did not pay attention to feedback","Not sure/Did not pay attention to feedback","Not sure/Did not pay attention to feedback","",NA,NA,NA,NA,NA,NA,NA,NA,NA,NA,NA,NA,NA,NA
"FPF01","SXST","No, the feedback did not influence my answers at all","Yes, sometimes","Yes","","I believe that all of the feedback I received were inaccurate or misleading.","","During test blocks that showed percentage information of old/new items",1,1,24,25,"The feedback was occasionally inaccurate when I correctly responded ""old"". Meaning - there were trials where I responded ""old"" and was pretty sure that my response was correct, but the feedback occasionally said that my response was incorrect.,The feedback was occasionally inaccurate when I incorrectly responded ""new"". I responded ""new"" and was pretty sure that my response was NOT correct, but the feedback occasionally said that my response was correct.","Disagree","Disagree","Agree","",NA,NA,NA,NA,NA,NA,NA,NA,NA,NA,NA,NA,NA,NA
"FPF01","TTLU","Yes, throughout the entire study","Yes, all the time","Yes","sometimes a yellow word showed up and distracted me, and I did not feel like the 30/70 ratios of correct and wrong were right","I believe that some of the feedback I received were inaccurate or misleading.","","During test blocks that showed percentage information of old/new items",21,20,80,80,"The feedback was occasionally inaccurate when I correctly responded ""old"". Meaning - there were trials where I responded ""old"" and was pretty sure that my response was correct, but the feedback occasionally said that my response was incorrect.,The feedback was occasionally inaccurate when I correctly responded ""new"". I responded ""new"" and was pretty sure that my response was correct, but the feedback occasionally said that my response was incorrect.,The feedback was occasionally inaccurate when I incorrectly responded ""old"". I responded ""old"" and was pretty sure that my response was NOT correct, but the feedback occasionally said that my response was correct.,The feedback was occasionally inaccurate when I incorrectly responded ""new"". I responded ""new"" and was pretty sure that my response was NOT correct, but the feedback occasionally said that my response was correct.","Disagree","Disagree","Agree","",NA,NA,NA,NA,NA,NA,NA,NA,NA,NA,NA,NA,NA,NA
"FPF01","TTUG","Yes, sometimes","Yes, sometimes","I'm not sure","I did not notice any innacuracy","I believe that all of the feedback I received throughout this study were accurate (true to my expectations).","","I don't believe there were any inaccurate or misleading feedback",0,0,0,0,"I'm pretty sure that all of the feedback I received were correct.","Agree","Disagree","Disagree","N/A",NA,NA,NA,NA,NA,NA,NA,NA,NA,NA,NA,NA,NA,NA
"FPF01","TVFC","Yes, sometimes","Yes, sometimes","I'm not sure","I thought the feedback was accurate for the most part until towards the end like the last trial I kinda had a feeling something was up.","I believe that some of the feedback I received were inaccurate or misleading.","","During test blocks that showed percentage information of old/new items",5,5,30,40,"The feedback was occasionally inaccurate when I correctly responded ""old"". Meaning - there were trials where I responded ""old"" and was pretty sure that my response was correct, but the feedback occasionally said that my response was incorrect.","Disagree","Disagree","Agree","",NA,NA,NA,NA,NA,NA,NA,NA,NA,NA,NA,NA,NA,NA
"FPF01","TVWM","Yes, throughout the entire study","Yes, all the time","I'm not sure","n/a","I believe that all of the feedback I received throughout this study were accurate (true to my expectations).","","I don't believe there were any inaccurate or misleading feedback",0,0,0,0,"I'm not sure whether the feedback I received were correct.","Not sure/Did not pay attention to feedback","Not sure/Did not pay attention to feedback","Not sure/Did not pay attention to feedback","I don't think my memory is that great. Towards the end the images were a blurr and I just relied on the 70% prediction rate. ",NA,NA,NA,NA,NA,NA,NA,NA,NA,NA,NA,NA,NA,NA
"FPF01","TWKP","Yes, sometimes","Yes, sometimes","I'm not sure","I didn't find anything inaccurate.","I believe that all of the feedback I received throughout this study were accurate (true to my expectations).","","I don't believe there were any inaccurate or misleading feedback",0,0,0,0,"I'm pretty sure that all of the feedback I received were correct.","Agree","Not sure/Did not pay attention to feedback","Disagree","",NA,NA,NA,NA,NA,NA,NA,NA,NA,NA,NA,NA,NA,NA
"FPF01","UACQ","Yes, sometimes","Yes, sometimes","Yes","In the third block, I did think that what I thought was old was marked as new and vise versa. Like I was sort of certain that I got it correct and that made me believe that this was intended by the experimenter so I stopped paying attention to the feedback. ","I believe that some of the feedback I received were inaccurate or misleading.","","During test blocks that did not show percentage information",0,0,0,30,"The feedback was occasionally inaccurate when I correctly responded ""old"". Meaning - there were trials where I responded ""old"" and was pretty sure that my response was correct, but the feedback occasionally said that my response was incorrect.,The feedback was occasionally inaccurate when I correctly responded ""new"". I responded ""new"" and was pretty sure that my response was correct, but the feedback occasionally said that my response was incorrect.","Disagree","Disagree","Agree","",NA,NA,NA,NA,NA,NA,NA,NA,NA,NA,NA,NA,NA,NA
"FPF01","UYGH","Yes, sometimes","Yes, sometimes","Yes","There were some that were ""Wrong"" that I believed to have been ""Correct""","I believe that some of the feedback I received were inaccurate or misleading.","","During test blocks that showed percentage information of old/new items",0,0,9,18,"The feedback was occasionally inaccurate when I correctly responded ""old"". Meaning - there were trials where I responded ""old"" and was pretty sure that my response was correct, but the feedback occasionally said that my response was incorrect.,The feedback was occasionally inaccurate when I correctly responded ""new"". I responded ""new"" and was pretty sure that my response was correct, but the feedback occasionally said that my response was incorrect.,The feedback was occasionally inaccurate when I incorrectly responded ""old"". I responded ""old"" and was pretty sure that my response was NOT correct, but the feedback occasionally said that my response was correct.","Disagree","Disagree","Agree","",NA,NA,NA,NA,NA,NA,NA,NA,NA,NA,NA,NA,NA,NA
"FPF01","UZOU","Yes, sometimes","Yes, sometimes","Yes","Some of them said it was correct when I said it was an old photo, but after I submitted my answer I remembered the photo","I believe that some of the feedback I received were inaccurate or misleading.","","During test blocks that did not show percentage information",0,0,25,30,"The feedback was occasionally inaccurate when I incorrectly responded ""old"". I responded ""old"" and was pretty sure that my response was NOT correct, but the feedback occasionally said that my response was correct.,I'm not sure whether the feedback I received were correct.","Disagree","Not sure/Did not pay attention to feedback","Agree","",NA,NA,NA,NA,NA,NA,NA,NA,NA,NA,NA,NA,NA,NA
"FPF01","VGED","Yes, sometimes","Yes, sometimes","No","I didn't notice anything inaccurate","I believe that all of the feedback I received throughout this study were accurate (true to my expectations).","","I don't believe there were any inaccurate or misleading feedback",0,0,0,0,"I'm pretty sure that all of the feedback I received were correct.","Agree","Disagree","Disagree","",NA,NA,NA,NA,NA,NA,NA,NA,NA,NA,NA,NA,NA,NA
"FPF01","VIJE","Yes, sometimes","Yes, sometimes","I'm not sure","I could have sworn that some of the images were old even though choosing old returned wrong.","I believe that some of the feedback I received were inaccurate or misleading.","","During test blocks that did not show percentage information",0,0,0,3,"The feedback was occasionally inaccurate when I correctly responded ""old"". Meaning - there were trials where I responded ""old"" and was pretty sure that my response was correct, but the feedback occasionally said that my response was incorrect.","Disagree","Disagree","Agree","",NA,NA,NA,NA,NA,NA,NA,NA,NA,NA,NA,NA,NA,NA
"FPF01","VOGH","No, the feedback did not influence my answers at all","Yes, sometimes","I'm not sure","I'm not sure. There was some pictures that I knew I've seen them before, but I was not sure if they belonged to the most current set. If there was a misleading feedback, it was on these pictures.","None of the above (please explain)","Most of them (>98%) were accurate","During test blocks that did not show percentage information",0,0,2,0,"I'm pretty sure that all of the feedback I received were correct.","Disagree","Disagree","Agree","",NA,NA,NA,NA,NA,NA,NA,NA,NA,NA,NA,NA,NA,NA
"FPF01","VQBD","Yes, sometimes","Yes, sometimes","No","I did not notice anything.","None of the above (please explain)","I'm not sure. I was more focused on the changing photos then the feedback given.","I don't know / I did not pay attention to the feedback at all",1,1,1,1,"I'm pretty sure that all of the feedback I received were correct.,I'm not sure whether the feedback I received were correct.","Not sure/Did not pay attention to feedback","Not sure/Did not pay attention to feedback","Not sure/Did not pay attention to feedback","",NA,NA,NA,NA,NA,NA,NA,NA,NA,NA,NA,NA,NA,NA
"FPF01","VQKZ","Yes, throughout the entire study","Yes, all the time","Yes","this information was sometimes inaccurate","I believe that some of the feedback I received were inaccurate or misleading.","","During both conditions mentioned above",30,48,70,70,"The feedback was occasionally inaccurate when I correctly responded ""old"". Meaning - there were trials where I responded ""old"" and was pretty sure that my response was correct, but the feedback occasionally said that my response was incorrect.","Disagree","Agree","Agree","",NA,NA,NA,NA,NA,NA,NA,NA,NA,NA,NA,NA,NA,NA
"FPF01","VSCA","Yes, sometimes","Yes, sometimes","Yes","It seemed like in the last module there were images I had seen before that were marked as incorrect","I believe that some of the feedback I received were inaccurate or misleading.","","During test blocks that did not show percentage information",1,1,8,15,"The feedback was occasionally inaccurate when I correctly responded ""old"". Meaning - there were trials where I responded ""old"" and was pretty sure that my response was correct, but the feedback occasionally said that my response was incorrect.","Disagree","Disagree","Agree","",NA,NA,NA,NA,NA,NA,NA,NA,NA,NA,NA,NA,NA,NA
"FPF01","VVBV","No, the feedback did not influence my answers at all","No, the percentages did not influence my answers at all","I'm not sure","i think there might be times when the feedback is wrong","I believe that some of the feedback I received were inaccurate or misleading.","","During both conditions mentioned above",6,15,20,20,"The feedback was occasionally inaccurate when I correctly responded ""old"". Meaning - there were trials where I responded ""old"" and was pretty sure that my response was correct, but the feedback occasionally said that my response was incorrect.,The feedback was occasionally inaccurate when I correctly responded ""new"". I responded ""new"" and was pretty sure that my response was correct, but the feedback occasionally said that my response was incorrect.","Disagree","Agree","Disagree","",NA,NA,NA,NA,NA,NA,NA,NA,NA,NA,NA,NA,NA,NA
"FPF01","VWMY","Yes, sometimes","Yes, sometimes","I'm not sure","I am not sure if I found anything inaccurate, but I think some of it may have been inaccurate ","I believe that some of the feedback I received were inaccurate or misleading.","","During test blocks that did not show percentage information",0,15,27,0,"The feedback was occasionally inaccurate when I correctly responded ""old"". Meaning - there were trials where I responded ""old"" and was pretty sure that my response was correct, but the feedback occasionally said that my response was incorrect.,The feedback was occasionally inaccurate when I correctly responded ""new"". I responded ""new"" and was pretty sure that my response was correct, but the feedback occasionally said that my response was incorrect.,I'm not sure whether the feedback I received were correct.","Disagree","Disagree","Agree","",NA,NA,NA,NA,NA,NA,NA,NA,NA,NA,NA,NA,NA,NA
"FPF01","VWOJ","Yes, throughout the entire study","Yes, sometimes","I'm not sure","It was better than I thought...","I believe that some of the feedback I received were inaccurate or misleading.","","During both conditions mentioned above",20,20,40,40,"I'm not sure whether the feedback I received were correct.","Disagree","Agree","Disagree","",NA,NA,NA,NA,NA,NA,NA,NA,NA,NA,NA,NA,NA,NA
"FPF01","WKGT","Yes, sometimes","Yes, all the time","Yes","There were a couple instances where my fingers were working more quickly than my brain. I knew I clicked the wrong response, but would still get ""correct"" feedback. This made me slow down a little.","I believe that some of the feedback I received were inaccurate or misleading.","","During test blocks that did not show percentage information",0,29,40,0,"The feedback was occasionally inaccurate when I incorrectly responded ""old"". I responded ""old"" and was pretty sure that my response was NOT correct, but the feedback occasionally said that my response was correct.","Disagree","Not sure/Did not pay attention to feedback","Agree","",NA,NA,NA,NA,NA,NA,NA,NA,NA,NA,NA,NA,NA,NA
"FPF01","WQPY","No, the feedback did not influence my answers at all","Yes, sometimes","No","I didn't find anything wrong","I believe that all of the feedback I received throughout this study were accurate (true to my expectations).","","I don't believe there were any inaccurate or misleading feedback",0,0,0,0,"I'm pretty sure that all of the feedback I received were correct.","Agree","Disagree","Disagree","no final comments ",NA,NA,NA,NA,NA,NA,NA,NA,NA,NA,NA,NA,NA,NA
"FPF01","WUVQ","Yes, sometimes","No, the percentages did not influence my answers at all","No","I didn't find anything inaccurate","I believe that all of the feedback I received throughout this study were accurate (true to my expectations).","","I don't know / I did not pay attention to the feedback at all",2,1,19,1,"I'm not sure whether the feedback I received were correct.","Not sure/Did not pay attention to feedback","Not sure/Did not pay attention to feedback","Not sure/Did not pay attention to feedback","",NA,NA,NA,NA,NA,NA,NA,NA,NA,NA,NA,NA,NA,NA
"FPF01","WVYT","Yes, sometimes","Yes, sometimes","Yes","There were a couple times I thought an image was old but it was incorrect and vice versa ","I believe that some of the feedback I received were inaccurate or misleading.","","During test blocks that did not show percentage information",100,93,86,86,"The feedback was occasionally inaccurate when I correctly responded ""old"". Meaning - there were trials where I responded ""old"" and was pretty sure that my response was correct, but the feedback occasionally said that my response was incorrect.","Disagree","Disagree","Agree","",NA,NA,NA,NA,NA,NA,NA,NA,NA,NA,NA,NA,NA,NA
"FPF01","WXBC","Yes, sometimes","Yes, all the time","No","I did not find anything inaccurate. ","I believe that all of the feedback I received throughout this study were accurate (true to my expectations).","","I don't believe there were any inaccurate or misleading feedback",0,0,0,0,"I'm pretty sure that all of the feedback I received were correct.","Agree","Disagree","Disagree","",NA,NA,NA,NA,NA,NA,NA,NA,NA,NA,NA,NA,NA,NA
"FPF01","WZGS","Yes, sometimes","Yes, sometimes","I'm not sure","nothing was inaccurate","I believe that all of the feedback I received throughout this study were accurate (true to my expectations).","","I don't believe there were any inaccurate or misleading feedback",0,0,0,0,"I'm pretty sure that all of the feedback I received were correct.","Agree","Disagree","Disagree","",NA,NA,NA,NA,NA,NA,NA,NA,NA,NA,NA,NA,NA,NA
"FPF01","WZZO","Yes, sometimes","Yes, sometimes","Yes","I got a lot of them correct back-to-back in the last test block, which made me wonder if it was true.","I believe that some of the feedback I received were inaccurate or misleading.","","During test blocks that did not show percentage information",0,0,0,30,"The feedback was occasionally inaccurate when I incorrectly responded ""old"". I responded ""old"" and was pretty sure that my response was NOT correct, but the feedback occasionally said that my response was correct.,The feedback was occasionally inaccurate when I incorrectly responded ""new"". I responded ""new"" and was pretty sure that my response was NOT correct, but the feedback occasionally said that my response was correct.","Disagree","Disagree","Agree","",NA,NA,NA,NA,NA,NA,NA,NA,NA,NA,NA,NA,NA,NA
"FPF01","XATH","Yes, sometimes","Yes, all the time","I'm not sure","There were a few where I felt like I definitely hadn't seen it but then it said I had but now I'm not sure if I had or not.","I believe that some of the feedback I received were inaccurate or misleading.","","During both conditions mentioned above",0,30,20,30,"The feedback was occasionally inaccurate when I correctly responded ""new"". I responded ""new"" and was pretty sure that my response was correct, but the feedback occasionally said that my response was incorrect.,The feedback was occasionally inaccurate when I incorrectly responded ""old"". I responded ""old"" and was pretty sure that my response was NOT correct, but the feedback occasionally said that my response was correct.","Disagree","Disagree","Agree","",NA,NA,NA,NA,NA,NA,NA,NA,NA,NA,NA,NA,NA,NA
"FPF01","XLAF","Yes, sometimes","Yes, sometimes","I did not pay attention to the feedback","I didnt really pay attention to the feedback","I don't know / did not pay attention to whether the feedback were accurate or inaccurate.","","I don't know / I did not pay attention to the feedback at all",24,28,38,11,"I'm not sure whether the feedback I received were correct.","Not sure/Did not pay attention to feedback","Not sure/Did not pay attention to feedback","Not sure/Did not pay attention to feedback","",NA,NA,NA,NA,NA,NA,NA,NA,NA,NA,NA,NA,NA,NA
"FPF01","YATQ","Yes, sometimes","Yes, sometimes","I'm not sure","Have I really seen that? Have I really not? I should trust the feedback though, right?","I don't know / did not pay attention to whether the feedback were accurate or inaccurate.","","During test blocks that showed percentage information of old/new items",0,0,10,10,"The feedback was occasionally inaccurate when I correctly responded ""old"". Meaning - there were trials where I responded ""old"" and was pretty sure that my response was correct, but the feedback occasionally said that my response was incorrect.,The feedback was occasionally inaccurate when I correctly responded ""new"". I responded ""new"" and was pretty sure that my response was correct, but the feedback occasionally said that my response was incorrect.,I'm not sure whether the feedback I received were correct.","Disagree","Disagree","Agree","All the scenery pictures look the same to me, so I can't really tell. Those were the hardest. Then maybe the generic buildings that all look the same. Maybe my memory is just that bad. Thank you for letting me participate. ",NA,NA,NA,NA,NA,NA,NA,NA,NA,NA,NA,NA,NA,NA
"FPF01","YCTV","Yes, sometimes","Yes, sometimes","Yes","","I believe that some of the feedback I received were inaccurate or misleading.","","During test blocks that did not show percentage information",0,5,5,5,"The feedback was occasionally inaccurate when I correctly responded ""new"". I responded ""new"" and was pretty sure that my response was correct, but the feedback occasionally said that my response was incorrect.","Not sure/Did not pay attention to feedback","Disagree","Agree","",NA,NA,NA,NA,NA,NA,NA,NA,NA,NA,NA,NA,NA,NA
"FPF01","YJLD","Yes, sometimes","Yes, sometimes","No","Did not see anything too inaccurate, I can't put my finger on anything in particular","I believe that some of the feedback I received were inaccurate or misleading.","","During test blocks that did not show percentage information",1,1,15,5,"The feedback was occasionally inaccurate when I correctly responded ""old"". Meaning - there were trials where I responded ""old"" and was pretty sure that my response was correct, but the feedback occasionally said that my response was incorrect.","Disagree","Disagree","Agree","",NA,NA,NA,NA,NA,NA,NA,NA,NA,NA,NA,NA,NA,NA
"FPF01","YMCV","No, the feedback did not influence my answers at all","Yes, sometimes","I'm not sure","I did not find anything inaccurate.","I don't know / did not pay attention to whether the feedback were accurate or inaccurate.","","I don't believe there were any inaccurate or misleading feedback",5,5,6,3,"I'm pretty sure that all of the feedback I received were correct.","Agree","Not sure/Did not pay attention to feedback","Not sure/Did not pay attention to feedback","",NA,NA,NA,NA,NA,NA,NA,NA,NA,NA,NA,NA,NA,NA
"FPF01","YMKH","Yes, sometimes","Yes, sometimes","I'm not sure","There were images that I strongly believed were present, and when I selected that they were ""old"" it said I was incorrect. I think may be the fact that the picture present in front of me and the one I had in my head were similar but not the same in actuality, but I'm not sure. ","I believe that some of the feedback I received were inaccurate or misleading.","","During both conditions mentioned above",100,95,90,85,"The feedback was occasionally inaccurate when I correctly responded ""old"". Meaning - there were trials where I responded ""old"" and was pretty sure that my response was correct, but the feedback occasionally said that my response was incorrect.,The feedback was occasionally inaccurate when I correctly responded ""new"". I responded ""new"" and was pretty sure that my response was correct, but the feedback occasionally said that my response was incorrect.,I'm not sure whether the feedback I received were correct.","Disagree","Not sure/Did not pay attention to feedback","Agree","",NA,NA,NA,NA,NA,NA,NA,NA,NA,NA,NA,NA,NA,NA
"FPF01","YMNM","Yes, throughout the entire study","Yes, all the time","Yes","There were a few ones that I remember being there but I got it wrong.","I believe that some of the feedback I received were inaccurate or misleading.","","During both conditions mentioned above",38,39,41,84,"The feedback was occasionally inaccurate when I correctly responded ""new"". I responded ""new"" and was pretty sure that my response was correct, but the feedback occasionally said that my response was incorrect.","Agree","Disagree","Agree","",NA,NA,NA,NA,NA,NA,NA,NA,NA,NA,NA,NA,NA,NA
"FPF01","YXUT","Yes, sometimes","No, the percentages did not influence my answers at all","Yes","The percentages sometimes threw you off into picking the wrong choice. ","I believe that some of the feedback I received were inaccurate or misleading.","","During test blocks that showed percentage information of old/new items",76,4,9,11,"The feedback was occasionally inaccurate when I correctly responded ""old"". Meaning - there were trials where I responded ""old"" and was pretty sure that my response was correct, but the feedback occasionally said that my response was incorrect.,The feedback was occasionally inaccurate when I correctly responded ""new"". I responded ""new"" and was pretty sure that my response was correct, but the feedback occasionally said that my response was incorrect.","Disagree","Not sure/Did not pay attention to feedback","Disagree","",NA,NA,NA,NA,NA,NA,NA,NA,NA,NA,NA,NA,NA,NA
"FPF01","ZIMB","No, the feedback did not influence my answers at all","Yes, sometimes","I'm not sure","The last test seemed to occasionally give me wrong feedback when I responded that the image was new. ","I believe that some of the feedback I received were inaccurate or misleading.","","During test blocks that did not show percentage information",0,0,30,0,"The feedback was occasionally inaccurate when I correctly responded ""new"". I responded ""new"" and was pretty sure that my response was correct, but the feedback occasionally said that my response was incorrect.,I'm not sure whether the feedback I received were correct.","Not sure/Did not pay attention to feedback","Disagree","Not sure/Did not pay attention to feedback","",NA,NA,NA,NA,NA,NA,NA,NA,NA,NA,NA,NA,NA,NA
"FPF01","ZMPE","Yes, sometimes","Yes, sometimes","I'm not sure","there were so many images I just assumed I was mistaken","I don't know / did not pay attention to whether the feedback were accurate or inaccurate.","","I don't know / I did not pay attention to the feedback at all",4,26,3,38,"I'm not sure whether the feedback I received were correct.","Not sure/Did not pay attention to feedback","Disagree","Agree","",NA,NA,NA,NA,NA,NA,NA,NA,NA,NA,NA,NA,NA,NA
"FPF02","AAUN","Yes, throughout the entire study","Yes, sometimes","Yes","I noticed that even when I realized I had gotten an answer wrong it marked me as correct","I believe that some of the feedback I received were inaccurate or misleading.",NA,"The feedback was occasionally inaccurate when I incorrectly responded ""old"". I responded ""old"" and was pretty sure that my response was NOT correct, but the feedback occasionally said that my response was correct.",NA,NA,NA,NA,NA,NA,NA,NA,NA,"I would try and focus on remembering one thing from the picture, usually the thing that stuck out most.","Yes!",NA,NA,NA,NA,NA,NA,NA,NA,NA,NA,NA,NA
"FPF02","ABEG","No, the feedback did not influence my answers at all","Yes, sometimes","No","Nothing inaccurate","I believe that all of the feedback I received throughout this study were accurate (true to my expectations).",NA,"I'm pretty sure that all of the feedback I received were correct.",NA,NA,NA,NA,NA,NA,NA,NA,NA,"Focus on one specific item ie red pillow on couch","Yes!",NA,NA,NA,NA,NA,NA,NA,NA,NA,NA,NA,NA
"FPF02","AKJK","Yes, sometimes","No, the percentages did not influence my answers at all","Yes","i don't know how to describe it","I believe that some of the feedback I received were inaccurate or misleading.",NA,"The feedback was occasionally inaccurate when I correctly responded ""old"". Meaning - there were trials where I responded ""old"" and was pretty sure that my response was correct, but the feedback occasionally said that my response was incorrect.,The feedback was occasionally inaccurate when I correctly responded ""new"". I responded ""new"" and was pretty sure that my response was correct, but the feedback occasionally said that my response was incorrect.,I'm not sure whether the feedback I received were correct.",NA,NA,NA,NA,NA,NA,NA,NA,"fun","quick word association when the list runs through quickly before the test","Yes!",NA,NA,NA,NA,NA,NA,NA,NA,NA,NA,NA,NA
"FPF02","APHY","Yes, throughout the entire study","Yes, all the time","No","Knowing that im getting something right or wrong makes me more engaged and want to do better. It hurts to be wrong so I took my time.","I believe that all of the feedback I received throughout this study were accurate (true to my expectations).",NA,"I'm pretty sure that all of the feedback I received were correct.",NA,NA,NA,NA,NA,NA,NA,NA,NA,"I just tried to focus on something for each image.","Yes!",NA,NA,NA,NA,NA,NA,NA,NA,NA,NA,NA,NA
"FPF02","ASJZ","Yes, throughout the entire study","Yes, sometimes","I'm not sure","I think some of the images may have appeared in the previous section.","I believe that some of the feedback I received were inaccurate or misleading.",NA,"I'm not sure whether the feedback I received were correct.",NA,NA,NA,NA,NA,NA,NA,NA,NA,"I was trying to memorize colors and/or specific items.","Yes!",NA,NA,NA,NA,NA,NA,NA,NA,NA,NA,NA,NA
"FPF02","BOFH","No, the feedback did not influence my answers at all","No, the percentages did not influence my answers at all","No",NA,"I don't know / did not pay attention to whether the feedback were accurate or inaccurate.",NA,"I'm not sure whether the feedback I received were correct.",NA,NA,NA,NA,NA,NA,NA,NA,NA,"I tried to remember something unique in each image","Yes!",NA,NA,NA,NA,NA,NA,NA,NA,NA,NA,NA,NA
"FPF02","BRXP","Yes, throughout the entire study","Yes, all the time","Yes","Even when I pressed the wrong ones,it said correct,I ddint notice at first but when I went on and on with the feedback,I found it is misleading.I was so into the screen,I did not realize it sooner.","I believe that most of the feedback I received were inaccurate or misleading.",NA,"The feedback was occasionally inaccurate when I correctly responded ""old"". Meaning - there were trials where I responded ""old"" and was pretty sure that my response was correct, but the feedback occasionally said that my response was incorrect.",NA,NA,NA,NA,NA,NA,NA,NA,"The study was captivating.","I said out loud the props with colors in the picture","Yes!",NA,NA,NA,NA,NA,NA,NA,NA,NA,NA,NA,NA
"FPF02","BUUP","Yes, sometimes","Yes, sometimes","I'm not sure","I'm not sure.","I believe that some of the feedback I received were inaccurate or misleading.",NA,"I'm not sure whether the feedback I received were correct.",NA,NA,NA,NA,NA,NA,NA,NA,NA,NA,"Yes!",NA,NA,NA,NA,NA,NA,NA,NA,NA,NA,NA,NA
"FPF02","BXVI","Yes, sometimes","No, the percentages did not influence my answers at all","I'm not sure","sone images I thought were old or new was incorrect according to the feedback","I believe that some of the feedback I received were inaccurate or misleading.",NA,"The feedback was occasionally inaccurate when I correctly responded ""old"". Meaning - there were trials where I responded ""old"" and was pretty sure that my response was correct, but the feedback occasionally said that my response was incorrect.,The feedback was occasionally inaccurate when I correctly responded ""new"". I responded ""new"" and was pretty sure that my response was correct, but the feedback occasionally said that my response was incorrect.",NA,NA,NA,NA,NA,NA,NA,NA,NA,"If I saw anything unique in each image, I made a mental note of what it was, making it easier to recognize during memory tests.","Yes!",NA,NA,NA,NA,NA,NA,NA,NA,NA,NA,NA,NA
"FPF02","CAWN","Yes, sometimes","No, the percentages did not influence my answers at all","I'm not sure","There were a couple photos I thought I did see in the memory task.","I believe that some of the feedback I received were inaccurate or misleading.",NA,"The feedback was occasionally inaccurate when I correctly responded ""new"". I responded ""new"" and was pretty sure that my response was correct, but the feedback occasionally said that my response was incorrect.",NA,NA,NA,NA,NA,NA,NA,NA,NA,"I used 1-2 words to describe each picture in my head.","Yes!",NA,NA,NA,NA,NA,NA,NA,NA,NA,NA,NA,NA
"FPF02","CEHN","Yes, sometimes","Yes, sometimes","Yes","I feel that the feedback were correct","I believe that all of the feedback I received throughout this study were accurate (true to my expectations).",NA,"The feedback was occasionally inaccurate when I correctly responded ""old"". Meaning - there were trials where I responded ""old"" and was pretty sure that my response was correct, but the feedback occasionally said that my response was incorrect.,I'm not sure whether the feedback I received were correct.",NA,NA,NA,NA,NA,NA,NA,NA,NA,NA,"Yes!",NA,NA,NA,NA,NA,NA,NA,NA,NA,NA,NA,NA
"FPF02","CERN","Yes, sometimes","No, the percentages did not influence my answers at all","No",NA,"I don't know / did not pay attention to whether the feedback were accurate or inaccurate.",NA,"I'm pretty sure that all of the feedback I received were correct.",NA,NA,NA,NA,NA,NA,NA,NA,NA,"i used color and shaped. also anything that stuck out in the image","Yes!",NA,NA,NA,NA,NA,NA,NA,NA,NA,NA,NA,NA
"FPF02","CIBB","Yes, sometimes","No, the percentages did not influence my answers at all","Yes","There were times where I mis-clicked ""new"" instead of ""old"", but it would still feed me ""correct"".","I believe that some of the feedback I received were inaccurate or misleading.",NA,"The feedback was occasionally inaccurate when I incorrectly responded ""new"". I responded ""new"" and was pretty sure that my response was NOT correct, but the feedback occasionally said that my response was correct.",NA,NA,NA,NA,NA,NA,NA,NA,NA,"I would try to find something that stood out or was most interesting/relevant to me in each image.","Yes!",NA,NA,NA,NA,NA,NA,NA,NA,NA,NA,NA,NA
"FPF02","CTHZ","Yes, sometimes","Yes, all the time","Yes","I was sure I saw some photos then i clicked j and it was incorrect","I believe that all of the feedback I received throughout this study were accurate (true to my expectations).",NA,"The feedback was occasionally inaccurate when I correctly responded ""old"". Meaning - there were trials where I responded ""old"" and was pretty sure that my response was correct, but the feedback occasionally said that my response was incorrect.,I'm pretty sure that all of the feedback I received were correct.",NA,NA,NA,NA,NA,NA,NA,NA,"Toward the end I was falling asleep","I would talk out loud about the pictures when each one came up","Yes!",NA,NA,NA,NA,NA,NA,NA,NA,NA,NA,NA,NA
"FPF02","CTIM","Yes, throughout the entire study","Yes, all the time","Yes","Sometimes it would say ""correct"" to a picture I knew was old but accidentally put it was ""new""","I believe that some of the feedback I received were inaccurate or misleading.",NA,"The feedback was occasionally inaccurate when I incorrectly responded ""new"". I responded ""new"" and was pretty sure that my response was NOT correct, but the feedback occasionally said that my response was correct.",NA,NA,NA,NA,NA,NA,NA,NA,NA,"I just went with my intuition. If a picture seemed even the tiniest familiar, I would select ""old""","Yes!",NA,NA,NA,NA,NA,NA,NA,NA,NA,NA,NA,NA
"FPF02","DDOQ","Yes, sometimes","No, the percentages did not influence my answers at all","Yes","at least one of the feedback was incorrect","I believe that some of the feedback I received were inaccurate or misleading.",NA,"The feedback was occasionally inaccurate when I correctly responded ""old"". Meaning - there were trials where I responded ""old"" and was pretty sure that my response was correct, but the feedback occasionally said that my response was incorrect.,The feedback was occasionally inaccurate when I incorrectly responded ""old"". I responded ""old"" and was pretty sure that my response was NOT correct, but the feedback occasionally said that my response was correct.,The feedback was occasionally inaccurate when I incorrectly responded ""new"". I responded ""new"" and was pretty sure that my response was NOT correct, but the feedback occasionally said that my response was correct.,I'm not sure whether the feedback I received were correct.",NA,NA,NA,NA,NA,NA,NA,NA,NA,"I tried to use color and certain objects to memorize the images better.","Yes!",NA,NA,NA,NA,NA,NA,NA,NA,NA,NA,NA,NA
"FPF02","DKGP","Yes, sometimes","Yes, all the time","Yes","I feel as though sometimes I would remember an image and be confident I saw it, but when the feedback said incorrect, I questioned myself and the feedback.","I believe that some of the feedback I received were inaccurate or misleading.",NA,"The feedback was occasionally inaccurate when I correctly responded ""old"". Meaning - there were trials where I responded ""old"" and was pretty sure that my response was correct, but the feedback occasionally said that my response was incorrect.,The feedback was occasionally inaccurate when I incorrectly responded ""old"". I responded ""old"" and was pretty sure that my response was NOT correct, but the feedback occasionally said that my response was correct.,The feedback was occasionally inaccurate when I incorrectly responded ""new"". I responded ""new"" and was pretty sure that my response was NOT correct, but the feedback occasionally said that my response was correct.",NA,NA,NA,NA,NA,NA,NA,NA,NA,"I tried to memorize certain objects that I could later relate to that image. I also would try to connect that image to a place I have seen in my life to try and remember it.","Yes!",NA,NA,NA,NA,NA,NA,NA,NA,NA,NA,NA,NA
"FPF02","DQDL","Yes, sometimes","No, the percentages did not influence my answers at all","I'm not sure","there is one that mostly color are green, I am sure I've seen it before, but I am not sure whether I see it in this memory section.","I believe that all of the feedback I received throughout this study were accurate (true to my expectations).",NA,"I'm not sure whether the feedback I received were correct.",NA,NA,NA,NA,NA,NA,NA,NA,NA,"remember the focus of this image.","Yes!",NA,NA,NA,NA,NA,NA,NA,NA,NA,NA,NA,NA
"FPF02","DQYS","Yes, sometimes","Yes, sometimes","I'm not sure","It seemed to be in a pattern of clumping together new images then old images at some parts, for example, new new new new, old,old,old,old","I believe that all of the feedback I received throughout this study were accurate (true to my expectations).",NA,"I'm not sure whether the feedback I received were correct.",NA,NA,NA,NA,NA,NA,NA,NA,NA,"Associating an image with a memory or experience","Yes!",NA,NA,NA,NA,NA,NA,NA,NA,NA,NA,NA,NA
"FPF02","DYVG","No, the feedback did not influence my answers at all","Yes, sometimes","I'm not sure",NA,"I believe that some of the feedback I received were inaccurate or misleading.",NA,"The feedback was occasionally inaccurate when I incorrectly responded ""new"". I responded ""new"" and was pretty sure that my response was NOT correct, but the feedback occasionally said that my response was correct.",NA,NA,NA,NA,NA,NA,NA,NA,NA,NA,"Yes!",NA,NA,NA,NA,NA,NA,NA,NA,NA,NA,NA,NA
"FPF02","ECRE","Yes, throughout the entire study","Yes, sometimes","Yes","one of the images had already been used","I believe that some of the feedback I received were inaccurate or misleading.",NA,"The feedback was occasionally inaccurate when I correctly responded ""old"". Meaning - there were trials where I responded ""old"" and was pretty sure that my response was correct, but the feedback occasionally said that my response was incorrect.",NA,NA,NA,NA,NA,NA,NA,NA,NA,"yes, i tried to picture them in my mind","Yes!",NA,NA,NA,NA,NA,NA,NA,NA,NA,NA,NA,NA
"FPF02","EGFE","Yes, throughout the entire study","Yes, sometimes","Yes","there were certainly images that i had not seen that when i said i had it stated correct","I believe that most of the feedback I received were inaccurate or misleading.",NA,"The feedback was occasionally inaccurate when I correctly responded ""new"". I responded ""new"" and was pretty sure that my response was correct, but the feedback occasionally said that my response was incorrect.",NA,NA,NA,NA,NA,NA,NA,NA,NA,"I honetsly just tried to use my best judgement. In phase three i figured one portion was 75% new and the next 75% old.","Yes!",NA,NA,NA,NA,NA,NA,NA,NA,NA,NA,NA,NA
"FPF02","EIEB","Yes, sometimes","Yes, sometimes","I'm not sure","I did not find anything inaccurate about the feedback, I was too focused on the task at hand.","I don't know / did not pay attention to whether the feedback were accurate or inaccurate.",NA,"I'm not sure whether the feedback I received were correct.",NA,NA,NA,NA,NA,NA,NA,NA,NA,"I focused on one part of each image to memorize that stuck out to me instead of focusing on the entire photo itself. For example, if there was a couch with a green colored pillow, I would focus on that green pillow. The object I focused on tended to vary, but was very salient in the photo.","Yes!",NA,NA,NA,NA,NA,NA,NA,NA,NA,NA,NA,NA
"FPF02","EVPU","Yes, throughout the entire study","Yes, sometimes","Yes","Sometimes I felt that the feedback was incorrect. (e.g. Said it was ""wrong"" when I felt that it was correct)","I believe that some of the feedback I received were inaccurate or misleading.",NA,"The feedback was occasionally inaccurate when I correctly responded ""old"". Meaning - there were trials where I responded ""old"" and was pretty sure that my response was correct, but the feedback occasionally said that my response was incorrect.,The feedback was occasionally inaccurate when I correctly responded ""new"". I responded ""new"" and was pretty sure that my response was correct, but the feedback occasionally said that my response was incorrect.",NA,NA,NA,NA,NA,NA,NA,NA,NA,"I tried to make a specific judgment or thought about the image or something in the image to help me recall the images better by associating my experience or opinions with it.","Yes!",NA,NA,NA,NA,NA,NA,NA,NA,NA,NA,NA,NA
"FPF02","FLZR","No, the feedback did not influence my answers at all","Yes, sometimes","Yes","the feedback was wrong, so i had to start ignoring the feedback. it seems that i was always correct when it was old, but if i hit knew it randomly told me if i was wrong or right.","I believe that most of the feedback I received were inaccurate or misleading.",NA,"The feedback was occasionally inaccurate when I correctly responded ""new"". I responded ""new"" and was pretty sure that my response was correct, but the feedback occasionally said that my response was incorrect.",NA,NA,NA,NA,NA,NA,NA,NA,NA,"sometimes i would focus on an object in the rooms. sometimes i had to quickly come up with an adjective like ""ugly bedspread"" or ""sketchy cabin""","Yes!",NA,NA,NA,NA,NA,NA,NA,NA,NA,NA,NA,NA
"FPF02","FMEH","No, the feedback did not influence my answers at all","Yes, sometimes","I'm not sure","Some of the feedback seemed unusual on the images I felt more confident about","I believe that some of the feedback I received were inaccurate or misleading.",NA,"The feedback was occasionally inaccurate when I correctly responded ""old"". Meaning - there were trials where I responded ""old"" and was pretty sure that my response was correct, but the feedback occasionally said that my response was incorrect.,The feedback was occasionally inaccurate when I correctly responded ""new"". I responded ""new"" and was pretty sure that my response was correct, but the feedback occasionally said that my response was incorrect.",NA,NA,NA,NA,NA,NA,NA,NA,NA,"I tried to find something in each image that stood out and would make it easier for me to remember the image if I were to see it again.","Yes!",NA,NA,NA,NA,NA,NA,NA,NA,NA,NA,NA,NA
"FPF02","FPXH","Yes, sometimes","No, the percentages did not influence my answers at all","No","I did not find anything inaccurate.","I believe that all of the feedback I received throughout this study were accurate (true to my expectations).",NA,"I'm pretty sure that all of the feedback I received were correct.",NA,NA,NA,NA,NA,NA,NA,NA,NA,"I tried to remember noticeable things/objects that stood out from the pictures, flowers, the way the rocks were placed, and primarily the color red (which was in the majority of images).","Yes!",NA,NA,NA,NA,NA,NA,NA,NA,NA,NA,NA,NA
"FPF02","FWEC","Yes, sometimes","Yes, sometimes","No","I did not notice anything inaccurate","I believe that all of the feedback I received throughout this study were accurate (true to my expectations).",NA,"I'm pretty sure that all of the feedback I received were correct.",NA,NA,NA,NA,NA,NA,NA,NA,NA,"I would try to remember specific details of the images","Yes!",NA,NA,NA,NA,NA,NA,NA,NA,NA,NA,NA,NA
"FPF02","GBDG","No, the feedback did not influence my answers at all","Yes, sometimes","Yes","Most things were what I expected but I felt that the feedback might be wrong on a fraction of the images.","I believe that some of the feedback I received were inaccurate or misleading.",NA,"The feedback was occasionally inaccurate when I incorrectly responded ""new"". I responded ""new"" and was pretty sure that my response was NOT correct, but the feedback occasionally said that my response was correct.",NA,NA,NA,NA,NA,NA,NA,NA,NA,"Trying to associate each image with a memory of my own, noting colors and composition of the photo","Yes!",NA,NA,NA,NA,NA,NA,NA,NA,NA,NA,NA,NA
"FPF02","GCIL","No, the feedback did not influence my answers at all","Yes, sometimes","I'm not sure","I did not find anything inaccurate","I believe that some of the feedback I received were inaccurate or misleading.",NA,"I'm not sure whether the feedback I received were correct.",NA,NA,NA,NA,NA,NA,NA,NA,NA,"When a photo popped up, I said one word in my head to help me recall this photo. When I saw an image on the test phase, I tried to think of a word and if the word was familiar, I said old.","Yes!",NA,NA,NA,NA,NA,NA,NA,NA,NA,NA,NA,NA
"FPF02","GKLU","Yes, sometimes","Yes, sometimes","No","i did not notice anything inaccurate, but i think the feedback could be stating some of my answers to be correct when they are actually not.","I believe that all of the feedback I received throughout this study were accurate (true to my expectations).",NA,"I'm not sure whether the feedback I received were correct.",NA,NA,NA,NA,NA,NA,NA,NA,NA,"Associating each picture with several unique labels","Yes!",NA,NA,NA,NA,NA,NA,NA,NA,NA,NA,NA,NA
"FPF02","GLQL","Yes, sometimes","Yes, sometimes","I'm not sure",NA,"I believe that some of the feedback I received were inaccurate or misleading.",NA,"The feedback was occasionally inaccurate when I incorrectly responded ""old"". I responded ""old"" and was pretty sure that my response was NOT correct, but the feedback occasionally said that my response was correct.,The feedback was occasionally inaccurate when I incorrectly responded ""new"". I responded ""new"" and was pretty sure that my response was NOT correct, but the feedback occasionally said that my response was correct.,I'm not sure whether the feedback I received were correct.",NA,NA,NA,NA,NA,NA,NA,NA,NA,"some tricks i used was to pay attention to any bright colors that stood out, or relate the pictures to something familiar, or make a story out of the pictures given to me","Yes!",NA,NA,NA,NA,NA,NA,NA,NA,NA,NA,NA,NA
"FPF02","GLTF","No, the feedback did not influence my answers at all","Yes, sometimes","I'm not sure","It felt like it gave me more corrects than i thought i got","I believe that some of the feedback I received were inaccurate or misleading.",NA,"The feedback was occasionally inaccurate when I incorrectly responded ""old"". I responded ""old"" and was pretty sure that my response was NOT correct, but the feedback occasionally said that my response was correct.",NA,NA,NA,NA,NA,NA,NA,NA,NA,"I said a word in my head for every image and attached the two","Yes!",NA,NA,NA,NA,NA,NA,NA,NA,NA,NA,NA,NA
"FPF02","GUTN","Yes, sometimes","Yes, all the time","Yes","Seems like the feedbacks had a lot of ""correct"" or ""wrong"" in a row","I believe that some of the feedback I received were inaccurate or misleading.",NA,"The feedback was occasionally inaccurate when I correctly responded ""old"". Meaning - there were trials where I responded ""old"" and was pretty sure that my response was correct, but the feedback occasionally said that my response was incorrect.,The feedback was occasionally inaccurate when I correctly responded ""new"". I responded ""new"" and was pretty sure that my response was correct, but the feedback occasionally said that my response was incorrect.,The feedback was occasionally inaccurate when I incorrectly responded ""old"". I responded ""old"" and was pretty sure that my response was NOT correct, but the feedback occasionally said that my response was correct.,The feedback was occasionally inaccurate when I incorrectly responded ""new"". I responded ""new"" and was pretty sure that my response was NOT correct, but the feedback occasionally said that my response was correct.",NA,NA,NA,NA,NA,NA,NA,NA,NA,"I tried to link some of the objects shown in picture with real life objects (although it might no be accurate), for example, there were a bell tower and I thought it looked like the tower at UC Berkeley, so I named it ""berkeley tower""","Yes!",NA,NA,NA,NA,NA,NA,NA,NA,NA,NA,NA,NA
"FPF02","HHKV","No, the feedback did not influence my answers at all","Yes, sometimes","I'm not sure","Wasn't Sure","I don't know / did not pay attention to whether the feedback were accurate or inaccurate.",NA,"The feedback was occasionally inaccurate when I correctly responded ""old"". Meaning - there were trials where I responded ""old"" and was pretty sure that my response was correct, but the feedback occasionally said that my response was incorrect.,The feedback was occasionally inaccurate when I correctly responded ""new"". I responded ""new"" and was pretty sure that my response was correct, but the feedback occasionally said that my response was incorrect.",NA,NA,NA,NA,NA,NA,NA,NA,NA,"Yes I tried calling out a thing and their color or noting a unique landmark of the picture","Yes!",NA,NA,NA,NA,NA,NA,NA,NA,NA,NA,NA,NA
"FPF02","HISL","Yes, throughout the entire study","Yes, sometimes","I'm not sure","I did not find anything in accurate","I believe that all of the feedback I received throughout this study were accurate (true to my expectations).",NA,"The feedback was occasionally inaccurate when I correctly responded ""new"". I responded ""new"" and was pretty sure that my response was correct, but the feedback occasionally said that my response was incorrect.",NA,NA,NA,NA,NA,NA,NA,NA,NA,"nope","Yes!",NA,NA,NA,NA,NA,NA,NA,NA,NA,NA,NA,NA
"FPF02","HJIG","Yes, throughout the entire study","Yes, sometimes","Yes","I started to see a pattern that one study has more new images and the second study has more new images.","I believe that some of the feedback I received were inaccurate or misleading.",NA,"The feedback was occasionally inaccurate when I incorrectly responded ""old"". I responded ""old"" and was pretty sure that my response was NOT correct, but the feedback occasionally said that my response was correct.",NA,NA,NA,NA,NA,NA,NA,NA,NA,"For each photo, In my head I saved the first item that I saw in each photo in my head.","Yes!",NA,NA,NA,NA,NA,NA,NA,NA,NA,NA,NA,NA
"FPF02","HJUZ","Yes, sometimes","Yes, sometimes","I'm not sure","I thought I was correct on  few images, but I am not sure","I believe that all of the feedback I received throughout this study were accurate (true to my expectations).",NA,"The feedback was occasionally inaccurate when I correctly responded ""old"". Meaning - there were trials where I responded ""old"" and was pretty sure that my response was correct, but the feedback occasionally said that my response was incorrect.",NA,NA,NA,NA,NA,NA,NA,NA,NA,"I stared at the cross in the center to get some kind of still image imprinted in my head","Yes!",NA,NA,NA,NA,NA,NA,NA,NA,NA,NA,NA,NA
"FPF02","HNDY","Yes, throughout the entire study","Yes, all the time","Yes","There are some answers I was very surprised that I got right","I believe that all of the feedback I received throughout this study were accurate (true to my expectations).",NA,"The feedback was occasionally inaccurate when I correctly responded ""old"". Meaning - there were trials where I responded ""old"" and was pretty sure that my response was correct, but the feedback occasionally said that my response was incorrect.",NA,NA,NA,NA,NA,NA,NA,NA,NA,"I try to think of key terms to go along with the picture","Yes!",NA,NA,NA,NA,NA,NA,NA,NA,NA,NA,NA,NA
"FPF02","HQWE","Yes, sometimes","Yes, sometimes","I did not pay attention to the feedback","i didn't find anything inaccurate","I believe that all of the feedback I received throughout this study were accurate (true to my expectations).",NA,"I'm not sure whether the feedback I received were correct.",NA,NA,NA,NA,NA,NA,NA,NA,NA,"i would say out loud one thing that stood out to me about each photo","Yes!",NA,NA,NA,NA,NA,NA,NA,NA,NA,NA,NA,NA
"FPF02","HTIY","No, the feedback did not influence my answers at all","Yes, sometimes","I did not pay attention to the feedback",NA,"I don't know / did not pay attention to whether the feedback were accurate or inaccurate.",NA,"I'm not sure whether the feedback I received were correct.",NA,NA,NA,NA,NA,NA,NA,NA,NA,"I tried to remember all of the ones with really bright colors. I also remembered some places I've been to that some of the pictures reminded me of, so I said the name of the place in my head.","Yes!",NA,NA,NA,NA,NA,NA,NA,NA,NA,NA,NA,NA
"FPF02","IDGL","Yes, sometimes","Yes, sometimes","Yes","I just thought some of the photos that were wrong should have been correct","I believe that some of the feedback I received were inaccurate or misleading.",NA,"I'm pretty sure that all of the feedback I received were correct.",NA,NA,NA,NA,NA,NA,NA,NA,NA,"Yes, as fast I could, I tried to remember something specific about each photo. I also noticed a certain amount of photos. For example in the first phase there was about 3 tennis court photos, so i could eliminate the other new ones that came up.","Yes!",NA,NA,NA,NA,NA,NA,NA,NA,NA,NA,NA,NA
"FPF02","IDLG","Yes, throughout the entire study","Yes, all the time","I'm not sure","I didn't trust the correct/wrong feedback for the beginning 10-20 trials. Then, I thought the feedback was somewhat accurate and trusted the feedback 80-90%.","I believe that some of the feedback I received were inaccurate or misleading.",NA,"The feedback was occasionally inaccurate when I correctly responded ""new"". I responded ""new"" and was pretty sure that my response was correct, but the feedback occasionally said that my response was incorrect.,The feedback was occasionally inaccurate when I incorrectly responded ""new"". I responded ""new"" and was pretty sure that my response was NOT correct, but the feedback occasionally said that my response was correct.",NA,NA,NA,NA,NA,NA,NA,NA,NA,"I described the scene in the photo in my mind and noticed the salient features.","Yes!",NA,NA,NA,NA,NA,NA,NA,NA,NA,NA,NA,NA
"FPF02","ILWK","Yes, sometimes","No, the percentages did not influence my answers at all","No","nothing unusual","I believe that all of the feedback I received throughout this study were accurate (true to my expectations).",NA,"I'm pretty sure that all of the feedback I received were correct.",NA,NA,NA,NA,NA,NA,NA,NA,NA,"summarized image into one word","Yes!",NA,NA,NA,NA,NA,NA,NA,NA,NA,NA,NA,NA
"FPF02","IQNX","Yes, throughout the entire study","Yes, all the time","No","I did not find anything inaccurate/ I cannot really remember","I believe that some of the feedback I received were inaccurate or misleading.",NA,"The feedback was occasionally inaccurate when I correctly responded ""new"". I responded ""new"" and was pretty sure that my response was correct, but the feedback occasionally said that my response was incorrect.",NA,NA,NA,NA,NA,NA,NA,NA,NA,"Find the most outstanding feature or object in the picture and memorize that only.","Yes!",NA,NA,NA,NA,NA,NA,NA,NA,NA,NA,NA,NA
"FPF02","ISNL","Yes, throughout the entire study","Yes, sometimes","Yes","I feel that sometimes the website would change to right or wrong according to my answers, even if I was being accurate. There were times where i feel as though the feedback was changing in order to change my perception.","I believe that some of the feedback I received were inaccurate or misleading.",NA,"The feedback was occasionally inaccurate when I correctly responded ""new"". I responded ""new"" and was pretty sure that my response was correct, but the feedback occasionally said that my response was incorrect.,The feedback was occasionally inaccurate when I incorrectly responded ""old"". I responded ""old"" and was pretty sure that my response was NOT correct, but the feedback occasionally said that my response was correct.",NA,NA,NA,NA,NA,NA,NA,NA,"I thought the study portions were a bit long and i think occasionally the images would repeat. other thnan that, i think this was pretty straight forward and I enjoyed it!","I tried to take note of stand out colors or in the time between the swaps i would really quickly describe what stands out to me in my head. Focusing on specific colors and explaining the images brieflyt in my head helped me to recognize images in the future","Yes!",NA,NA,NA,NA,NA,NA,NA,NA,NA,NA,NA,NA
"FPF02","JHKR","Yes, sometimes","Yes, all the time","No","I dont think I found anything inaccurate about the feedback","I believe that all of the feedback I received throughout this study were accurate (true to my expectations).",NA,"The feedback was occasionally inaccurate when I correctly responded ""new"". I responded ""new"" and was pretty sure that my response was correct, but the feedback occasionally said that my response was incorrect.,I'm pretty sure that all of the feedback I received were correct.",NA,NA,NA,NA,NA,NA,NA,NA,NA,"i tried to pick a word to describe a key element of what I saw (color, object, first thought that came to mind)","Yes!",NA,NA,NA,NA,NA,NA,NA,NA,NA,NA,NA,NA
"FPF02","JIZI","Yes, sometimes","Yes, all the time","Yes","Often it would tell me I misremembered a picture, and often led me to doubt my memory, so the next picture I saw, I questioned myself a bit more","I believe that some of the feedback I received were inaccurate or misleading.",NA,"The feedback was occasionally inaccurate when I correctly responded ""old"". Meaning - there were trials where I responded ""old"" and was pretty sure that my response was correct, but the feedback occasionally said that my response was incorrect.,The feedback was occasionally inaccurate when I correctly responded ""new"". I responded ""new"" and was pretty sure that my response was correct, but the feedback occasionally said that my response was incorrect.,The feedback was occasionally inaccurate when I incorrectly responded ""old"". I responded ""old"" and was pretty sure that my response was NOT correct, but the feedback occasionally said that my response was correct.,The feedback was occasionally inaccurate when I incorrectly responded ""new"". I responded ""new"" and was pretty sure that my response was NOT correct, but the feedback occasionally said that my response was correct.",NA,NA,NA,NA,NA,NA,NA,NA,"This was fun and interesting and I'm glad there was a way to earn more money than we initially signed up for; definitely added an incentive","My personal trick is to memorize something about the picture that stands out; one example is for one picture, I memorized the room best by starting with the purple bed sheets","Yes!",NA,NA,NA,NA,NA,NA,NA,NA,NA,NA,NA,NA
"FPF02","JLUU","No, the feedback did not influence my answers at all","Yes, sometimes","No","There were some photos where I was not sure whether the statement given was correct or not but I think my eyes had seen to many similar photos that I may have gotten confused.","I believe that some of the feedback I received were inaccurate or misleading.",NA,"The feedback was occasionally inaccurate when I correctly responded ""new"". I responded ""new"" and was pretty sure that my response was correct, but the feedback occasionally said that my response was incorrect.,The feedback was occasionally inaccurate when I incorrectly responded ""old"". I responded ""old"" and was pretty sure that my response was NOT correct, but the feedback occasionally said that my response was correct.",NA,NA,NA,NA,NA,NA,NA,NA,NA,"Imade a lot of mental notes about colors that was happening in the pictures instead of the actual things in the picture if there was too much going on. I also made mental note of big items or the locations of where the item photographed was near.","Yes!",NA,NA,NA,NA,NA,NA,NA,NA,NA,NA,NA,NA
"FPF02","JNJU","Yes, throughout the entire study","No, the percentages did not influence my answers at all","No","I did not find anything inaccurate about the feedback.","I believe that all of the feedback I received throughout this study were accurate (true to my expectations).",NA,"I'm pretty sure that all of the feedback I received were correct.",NA,NA,NA,NA,NA,NA,NA,NA,"I was going a bit too fast. I would have slowed down a bit and been more accurate if the incentives were much, much greater.","Think of two- or three-word phrase for image, imagine some action happening in image scene, imagine myself performing some action in image scene","Yes!",NA,NA,NA,NA,NA,NA,NA,NA,NA,NA,NA,NA
"FPF02","JVFG","No, the feedback did not influence my answers at all","No, the percentages did not influence my answers at all","I'm not sure",NA,"I believe that all of the feedback I received throughout this study were accurate (true to my expectations).",NA,"I'm pretty sure that all of the feedback I received were correct.",NA,NA,NA,NA,NA,NA,NA,NA,NA,NA,"Yes!",NA,NA,NA,NA,NA,NA,NA,NA,NA,NA,NA,NA
"FPF02","KOTA","Yes, throughout the entire study","Yes, all the time","Yes","I thought some of the new photos should have been correct but they were wrong. Also I feel that I received too many corrects on new photos.","I believe that some of the feedback I received were inaccurate or misleading.",NA,"The feedback was occasionally inaccurate when I correctly responded ""new"". I responded ""new"" and was pretty sure that my response was correct, but the feedback occasionally said that my response was incorrect.",NA,NA,NA,NA,NA,NA,NA,NA,"It was fun","Halfway through I started associating key words with the photos that were either related to things in the photos themselves, things/places the photos reminded me of, or emotions they brought up.","Yes!",NA,NA,NA,NA,NA,NA,NA,NA,NA,NA,NA,NA
"FPF02","KQKD","Yes, throughout the entire study","Yes, all the time","No","I think most of the feedback are accurate, but I could not recall the details.","I believe that some of the feedback I received were inaccurate or misleading.",NA,"The feedback was occasionally inaccurate when I incorrectly responded ""new"". I responded ""new"" and was pretty sure that my response was NOT correct, but the feedback occasionally said that my response was correct.",NA,NA,NA,NA,NA,NA,NA,NA,"This is challenging as there are so many images to memorize at once.","I tried to remember some specific characteristics of the images, like sign, cars, etc.","Yes!",NA,NA,NA,NA,NA,NA,NA,NA,NA,NA,NA,NA
"FPF02","KRXX","No, the feedback did not influence my answers at all","Yes, sometimes","Yes","Some answers I marked in correctly were marked ""correct"" and vice versa.","I believe that some of the feedback I received were inaccurate or misleading.",NA,"The feedback was occasionally inaccurate when I incorrectly responded ""new"". I responded ""new"" and was pretty sure that my response was NOT correct, but the feedback occasionally said that my response was correct.",NA,NA,NA,NA,NA,NA,NA,NA,NA,"Yes. For each image, I picked one defining characteristic that could be described in one or two words and made sure to say it to myself in my head. For example, If there was a red pillow on the bed, I would say ""red pillow"" in my head when I saw the image. If there was a patch of snow on the roof, I would say ""roof snow"" in my head.","Yes!",NA,NA,NA,NA,NA,NA,NA,NA,NA,NA,NA,NA
"FPF02","KYQO","No, the feedback did not influence my answers at all","No, the percentages did not influence my answers at all","I'm not sure","I'm not sure","I believe that some of the feedback I received were inaccurate or misleading.",NA,"The feedback was occasionally inaccurate when I correctly responded ""new"". I responded ""new"" and was pretty sure that my response was correct, but the feedback occasionally said that my response was incorrect.",NA,NA,NA,NA,NA,NA,NA,NA,NA,"Not really, I just tried to memorize them as best I could","Yes!",NA,NA,NA,NA,NA,NA,NA,NA,NA,NA,NA,NA
"FPF02","LLES","Yes, throughout the entire study","Yes, sometimes","No","I did not find anything inaccurate.","I believe that all of the feedback I received throughout this study were accurate (true to my expectations).",NA,"The feedback was occasionally inaccurate when I incorrectly responded ""old"". I responded ""old"" and was pretty sure that my response was NOT correct, but the feedback occasionally said that my response was correct.",NA,NA,NA,NA,NA,NA,NA,NA,"I thought it was going to be difficult to remember, but it wasn't! The picture were very fair.","I looked for certain patterns/colors to remember.","Yes!",NA,NA,NA,NA,NA,NA,NA,NA,NA,NA,NA,NA
"FPF02","LWOE","Yes, sometimes","Yes, sometimes","I'm not sure","seemed like it was saying correct a lot more than I expected it to","I believe that some of the feedback I received were inaccurate or misleading.",NA,"I'm not sure whether the feedback I received were correct.",NA,NA,NA,NA,NA,NA,NA,NA,NA,"I would try to associate memories with images and walk through them in my mind","Yes!",NA,NA,NA,NA,NA,NA,NA,NA,NA,NA,NA,NA
"FPF02","MCNR","No, the feedback did not influence my answers at all","Yes, sometimes","I'm not sure","I thought that some of the images I had picked as new were actually old after I had chosen but it was labeled as correct still.","I believe that some of the feedback I received were inaccurate or misleading.",NA,"The feedback was occasionally inaccurate when I incorrectly responded ""new"". I responded ""new"" and was pretty sure that my response was NOT correct, but the feedback occasionally said that my response was correct.",NA,NA,NA,NA,NA,NA,NA,NA,"I'm interested to know what the study is about since the Department of Defense is funding this research experiment","I would come up with a key word or characteristic for each picture to help me recall it in the future. I tried to analyze each image as they flashed by noting either the color or a pattern in the image.","Yes!",NA,NA,NA,NA,NA,NA,NA,NA,NA,NA,NA,NA
"FPF02","MFFP","Yes, throughout the entire study","Yes, sometimes","Yes","Sometimes when I would get something correct or wrong it would seem as the feedback wasn't accurate. If I got something wrong, sometimes I was sure that I had seen it.","I believe that some of the feedback I received were inaccurate or misleading.",NA,"The feedback was occasionally inaccurate when I correctly responded ""new"". I responded ""new"" and was pretty sure that my response was correct, but the feedback occasionally said that my response was incorrect.",NA,NA,NA,NA,NA,NA,NA,NA,NA,"I would try to focus on one aspect of the image that stood out. Also I would try to make connections with other images.","Yes!",NA,NA,NA,NA,NA,NA,NA,NA,NA,NA,NA,NA
"FPF02","MKTS","Yes, sometimes","Yes, sometimes","No","I trusted the feedback and didn't notice anything wrong.","I believe that all of the feedback I received throughout this study were accurate (true to my expectations).",NA,"I'm pretty sure that all of the feedback I received were correct.",NA,NA,NA,NA,NA,NA,NA,NA,NA,"I focused on main objects in each image and memorized those as much as possible.","Yes!",NA,NA,NA,NA,NA,NA,NA,NA,NA,NA,NA,NA
"FPF02","NBUX","Yes, sometimes","Yes, sometimes","I'm not sure","Wasn't sure if there was anything inaccurate about the feedback, so I just assumed it was correct.","I don't know / did not pay attention to whether the feedback were accurate or inaccurate.",NA,"I'm not sure whether the feedback I received were correct.",NA,NA,NA,NA,NA,NA,NA,NA,NA,"I tried to label each image with 1-2 identifying words like ""old bar"" or ""blue door""","Yes!",NA,NA,NA,NA,NA,NA,NA,NA,NA,NA,NA,NA
"FPF02","NIXY","Yes, sometimes","Yes, sometimes","I'm not sure","images that seemed new to me were wrong when I indicated them to be new","I believe that some of the feedback I received were inaccurate or misleading.",NA,"The feedback was occasionally inaccurate when I correctly responded ""new"". I responded ""new"" and was pretty sure that my response was correct, but the feedback occasionally said that my response was incorrect.",NA,NA,NA,NA,NA,NA,NA,NA,NA,"looking away from the photo the moment I saw it and trying to envision it in my head or focusing on a feature in the photo such as a red train or arrangement of shapes","Yes!",NA,NA,NA,NA,NA,NA,NA,NA,NA,NA,NA,NA
"FPF02","NQPS","Yes, throughout the entire study","Yes, all the time","No","i did not find anything inaccurate about the feedback","I believe that all of the feedback I received throughout this study were accurate (true to my expectations).",NA,"I'm pretty sure that all of the feedback I received were correct.,I'm not sure whether the feedback I received were correct.",NA,NA,NA,NA,NA,NA,NA,NA,NA,"I tried to take one observation from every image such as color and shape of the things being presented.","Yes!",NA,NA,NA,NA,NA,NA,NA,NA,NA,NA,NA,NA
"FPF02","NXPO","Yes, sometimes","Yes, sometimes","No","NOHING","I believe that all of the feedback I received throughout this study were accurate (true to my expectations).",NA,"I'm pretty sure that all of the feedback I received were correct.",NA,NA,NA,NA,NA,NA,NA,NA,NA,"i FOCUSED ON BRIGHT COLORS OR THING STHAT POPPED OUT TO ME TO TRY AND REMEMBER THE PICTURES","Yes!",NA,NA,NA,NA,NA,NA,NA,NA,NA,NA,NA,NA
"FPF02","OBWT","No, the feedback did not influence my answers at all","Yes, sometimes","I'm not sure","I did not find anything inaccurate","I believe that all of the feedback I received throughout this study were accurate (true to my expectations).",NA,"I'm pretty sure that all of the feedback I received were correct.",NA,NA,NA,NA,NA,NA,NA,NA,NA,"In order for me too memorize the images in the study phases, I would remember an objet or set of objects that stood out most to me in one of the images, and associate to a concept that I have in my life in order to better memorize which photos appeared before.","Yes!",NA,NA,NA,NA,NA,NA,NA,NA,NA,NA,NA,NA
"FPF02","OETS","Yes, throughout the entire study","Yes, all the time","No","N/A","I believe that all of the feedback I received throughout this study were accurate (true to my expectations).",NA,"I'm pretty sure that all of the feedback I received were correct.,I'm not sure whether the feedback I received were correct.",NA,NA,NA,NA,NA,NA,NA,NA,"No","I would try to notice things that were off or certain pictures had defining features that could be memorized","Yes!",NA,NA,NA,NA,NA,NA,NA,NA,NA,NA,NA,NA
"FPF02","OFMV","Yes, throughout the entire study","No, the percentages did not influence my answers at all","I'm not sure","I did not find anything innacurate","I believe that some of the feedback I received were inaccurate or misleading.",NA,"The feedback was occasionally inaccurate when I correctly responded ""old"". Meaning - there were trials where I responded ""old"" and was pretty sure that my response was correct, but the feedback occasionally said that my response was incorrect.,The feedback was occasionally inaccurate when I incorrectly responded ""new"". I responded ""new"" and was pretty sure that my response was NOT correct, but the feedback occasionally said that my response was correct.",NA,NA,NA,NA,NA,NA,NA,NA,NA,"my trick was paying attention to really bright colors, landmarks, unique objects","Yes!",NA,NA,NA,NA,NA,NA,NA,NA,NA,NA,NA,NA
"FPF02","PJHY","Yes, sometimes","Yes, sometimes","I'm not sure","Perhaps one or two of them might have been inaccurate.","I believe that some of the feedback I received were inaccurate or misleading.",NA,"The feedback was occasionally inaccurate when I correctly responded ""old"". Meaning - there were trials where I responded ""old"" and was pretty sure that my response was correct, but the feedback occasionally said that my response was incorrect.",NA,NA,NA,NA,NA,NA,NA,NA,NA,"I paid attention to a lot of the bright colors and tried to remember the general subject of a lot of the pictures.","Yes!",NA,NA,NA,NA,NA,NA,NA,NA,NA,NA,NA,NA
"FPF02","PMHD","Yes, throughout the entire study","No, the percentages did not influence my answers at all","Yes","They were mostly all wrong","I believe that some of the feedback I received were inaccurate or misleading.",NA,"The feedback was occasionally inaccurate when I incorrectly responded ""new"". I responded ""new"" and was pretty sure that my response was NOT correct, but the feedback occasionally said that my response was correct.",NA,NA,NA,NA,NA,NA,NA,NA,NA,"nope","Yes!",NA,NA,NA,NA,NA,NA,NA,NA,NA,NA,NA,NA
"FPF02","PNCY","Yes, sometimes","Yes, all the time","Yes","I believe that in some instances, the feedback said wrong when it was actually correct. On some images I confidently said that they were new, but I got wrong feedback.","I believe that some of the feedback I received were inaccurate or misleading.",NA,"The feedback was occasionally inaccurate when I correctly responded ""old"". Meaning - there were trials where I responded ""old"" and was pretty sure that my response was correct, but the feedback occasionally said that my response was incorrect.,The feedback was occasionally inaccurate when I correctly responded ""new"". I responded ""new"" and was pretty sure that my response was correct, but the feedback occasionally said that my response was incorrect.,The feedback was occasionally inaccurate when I incorrectly responded ""new"". I responded ""new"" and was pretty sure that my response was NOT correct, but the feedback occasionally said that my response was correct.",NA,NA,NA,NA,NA,NA,NA,NA,NA,"I tried my best to associate a word or phrase with each image (ex: red plate, or green combine). For more generic nature images, I tried to focus on where the main object was in the image (ex: waterfall to the left, sailboat top right)","Yes!",NA,NA,NA,NA,NA,NA,NA,NA,NA,NA,NA,NA
"FPF02","PPFQ","Yes, sometimes","Yes, sometimes","I'm not sure",NA,"I believe that some of the feedback I received were inaccurate or misleading.",NA,"The feedback was occasionally inaccurate when I incorrectly responded ""old"". I responded ""old"" and was pretty sure that my response was NOT correct, but the feedback occasionally said that my response was correct.",NA,NA,NA,NA,NA,NA,NA,NA,NA,NA,"Yes!",NA,NA,NA,NA,NA,NA,NA,NA,NA,NA,NA,NA
"FPF02","PQEJ","Yes, sometimes","No, the percentages did not influence my answers at all","I'm not sure","Not very sure about the feedback but mostly it was correct","I believe that all of the feedback I received throughout this study were accurate (true to my expectations).",NA,"I'm pretty sure that all of the feedback I received were correct.",NA,NA,NA,NA,NA,NA,NA,NA,NA,"Photographic memory","Yes!",NA,NA,NA,NA,NA,NA,NA,NA,NA,NA,NA,NA
"FPF02","PWQC","Yes, sometimes","No, the percentages did not influence my answers at all","Yes","There were just some photos that I was sure I didn't see but it marked me as wrong and vice versa.","I believe that some of the feedback I received were inaccurate or misleading.",NA,"The feedback was occasionally inaccurate when I correctly responded ""old"". Meaning - there were trials where I responded ""old"" and was pretty sure that my response was correct, but the feedback occasionally said that my response was incorrect.,The feedback was occasionally inaccurate when I correctly responded ""new"". I responded ""new"" and was pretty sure that my response was correct, but the feedback occasionally said that my response was incorrect.",NA,NA,NA,NA,NA,NA,NA,NA,NA,NA,"Yes!",NA,NA,NA,NA,NA,NA,NA,NA,NA,NA,NA,NA
"FPF02","PYUR","Yes, sometimes","Yes, sometimes","No","I did not pay that close attention to the feedback because I was more focused on the image itself.","I believe that some of the feedback I received were inaccurate or misleading.",NA,"The feedback was occasionally inaccurate when I incorrectly responded ""new"". I responded ""new"" and was pretty sure that my response was NOT correct, but the feedback occasionally said that my response was correct.",NA,NA,NA,NA,NA,NA,NA,NA,NA,"I tried to connect it to my prior knowledge or things that I see in my daily life. I also tried looking at details that stood out to me and using that as a way to remember the image all together.","Yes!",NA,NA,NA,NA,NA,NA,NA,NA,NA,NA,NA,NA
"FPF02","QESP","Yes, sometimes","Yes, all the time","No","I just believed it","I believe that all of the feedback I received throughout this study were accurate (true to my expectations).",NA,"I'm pretty sure that all of the feedback I received were correct.",NA,NA,NA,NA,NA,NA,NA,NA,"That shit was hard","I figured out that if i tried to imagine what the image look like when the screen went white it stuck better","No :(",NA,NA,NA,NA,NA,NA,NA,NA,NA,NA,NA,NA
"FPF02","QGAR","Yes, throughout the entire study","Yes, all the time","No","I did not find anything inaccurate","I believe that all of the feedback I received throughout this study were accurate (true to my expectations).",NA,"I'm pretty sure that all of the feedback I received were correct.",NA,NA,NA,NA,NA,NA,NA,NA,NA,"No","Yes!",NA,NA,NA,NA,NA,NA,NA,NA,NA,NA,NA,NA
"FPF02","QGKZ","No, the feedback did not influence my answers at all","Yes, sometimes","Yes","Sometimes it said I was wrong when I said something was new even though I was pretty confident that I had not seen it before","I believe that some of the feedback I received were inaccurate or misleading.",NA,"The feedback was occasionally inaccurate when I correctly responded ""new"". I responded ""new"" and was pretty sure that my response was correct, but the feedback occasionally said that my response was incorrect.,The feedback was occasionally inaccurate when I incorrectly responded ""old"". I responded ""old"" and was pretty sure that my response was NOT correct, but the feedback occasionally said that my response was correct.",NA,NA,NA,NA,NA,NA,NA,NA,"For the last section, I didn't factor in the hints given (75% of pictures were new or old) as much as I would have because I had a feeling that the feedback from the round before was sometimes false, so I didn't fully trust these hints.","For some of them I tried to pick out a key feature to remember. Like if it was a house I would think ""red shutters"" or I would connect it to something it reminded me of, like for a picture of a city I would think ""Chicago""","Yes!",NA,NA,NA,NA,NA,NA,NA,NA,NA,NA,NA,NA
"FPF02","QKVR","Yes, throughout the entire study","Yes, sometimes","Yes","There was a orange-yellowish waterfall image that I pressed new on accident when I'm pretty confident it was old, but the feedback said ""correct.""","I believe that some of the feedback I received were inaccurate or misleading.",NA,"The feedback was occasionally inaccurate when I incorrectly responded ""new"". I responded ""new"" and was pretty sure that my response was NOT correct, but the feedback occasionally said that my response was correct.",NA,NA,NA,NA,NA,NA,NA,NA,NA,"I was looking for colours and trying to tie each image with a word, or connect with something I was familiar with such as recognising the stripes on the bed with a shirt I used to wear. I noticed that during the third study phase the images got slower so I decided to close my eyes after each image to visualise it.","Yes!",NA,NA,NA,NA,NA,NA,NA,NA,NA,NA,NA,NA
"FPF02","QSOU","Yes, throughout the entire study","Yes, sometimes","I'm not sure","I did not.","I believe that some of the feedback I received were inaccurate or misleading.",NA,"The feedback was occasionally inaccurate when I correctly responded ""new"". I responded ""new"" and was pretty sure that my response was correct, but the feedback occasionally said that my response was incorrect.",NA,NA,NA,NA,NA,NA,NA,NA,"The images change so fast. Sometimes I cannot remember them clearly.","I remember the characteristics of the images and give them names.","Yes!",NA,NA,NA,NA,NA,NA,NA,NA,NA,NA,NA,NA
"FPF02","QTKZ","Yes, throughout the entire study","Yes, sometimes","I'm not sure",NA,"I believe that some of the feedback I received were inaccurate or misleading.",NA,"The feedback was occasionally inaccurate when I correctly responded ""old"". Meaning - there were trials where I responded ""old"" and was pretty sure that my response was correct, but the feedback occasionally said that my response was incorrect.,The feedback was occasionally inaccurate when I correctly responded ""new"". I responded ""new"" and was pretty sure that my response was correct, but the feedback occasionally said that my response was incorrect.",NA,NA,NA,NA,NA,NA,NA,NA,NA,"finding something unique to the picture and repeating an associated word in my head. For example, for the tennis court it reminded me of my old summer camp so I said its name in my head. For some buildings that tend to look the same, I'd say ""two circles"" in my head to recognize the unique features of the building with two holes.","Yes!",NA,NA,NA,NA,NA,NA,NA,NA,NA,NA,NA,NA
"FPF02","QUTK","Yes, sometimes","Yes, sometimes","I'm not sure","I thought it was mostly accurate, but I didn't really pay attention to it","I believe that some of the feedback I received were inaccurate or misleading.",NA,"The feedback was occasionally inaccurate when I incorrectly responded ""new"". I responded ""new"" and was pretty sure that my response was NOT correct, but the feedback occasionally said that my response was correct.",NA,NA,NA,NA,NA,NA,NA,NA,NA,"I tried to remember some of the more interesting places so I could tell if any others that were shown later were old or new","Yes!",NA,NA,NA,NA,NA,NA,NA,NA,NA,NA,NA,NA
"FPF02","ROCT","Yes, throughout the entire study","Yes, sometimes","Yes","Im pretty sure some marked right even though they were wrong and vie versa since I saw a few images that looked familiar yet I chose new anyway and got it right.","I believe that most of the feedback I received were inaccurate or misleading.",NA,"The feedback was occasionally inaccurate when I incorrectly responded ""old"". I responded ""old"" and was pretty sure that my response was NOT correct, but the feedback occasionally said that my response was correct.,The feedback was occasionally inaccurate when I incorrectly responded ""new"". I responded ""new"" and was pretty sure that my response was NOT correct, but the feedback occasionally said that my response was correct.",NA,NA,NA,NA,NA,NA,NA,NA,NA,"I just tried to memorize color but a lot looked the same so it didnt work","Yes!",NA,NA,NA,NA,NA,NA,NA,NA,NA,NA,NA,NA
"FPF02","SDCS","Yes, sometimes","Yes, sometimes","I'm not sure","Some images that seemed new to me were said to be old.","I believe that some of the feedback I received were inaccurate or misleading.",NA,"The feedback was occasionally inaccurate when I correctly responded ""new"". I responded ""new"" and was pretty sure that my response was correct, but the feedback occasionally said that my response was incorrect.",NA,NA,NA,NA,NA,NA,NA,NA,NA,"I just memorised whatever that stood out to me. For example, red floor, green walls, big tree, etc","Yes!",NA,NA,NA,NA,NA,NA,NA,NA,NA,NA,NA,NA
"FPF02","SFGE","Yes, throughout the entire study","No, the percentages did not influence my answers at all","No","did not find anything to be inaccurate","I believe that all of the feedback I received throughout this study were accurate (true to my expectations).",NA,"I'm not sure whether the feedback I received were correct.",NA,NA,NA,NA,NA,NA,NA,NA,NA,"associated some of the images with what i know so for a motel/hotel image i used my airbnb for a bush shaped as an animal i used lama, for a lake or park I used a park by my house that has several lakes to help me remember","Yes!",NA,NA,NA,NA,NA,NA,NA,NA,NA,NA,NA,NA
"FPF02","TDUW","No, the feedback did not influence my answers at all","Yes, sometimes","I'm not sure","I did not find anything inaccurate because I have too little time to think about the judgement.","I don't know / did not pay attention to whether the feedback were accurate or inaccurate.",NA,"The feedback was occasionally inaccurate when I correctly responded ""new"". I responded ""new"" and was pretty sure that my response was correct, but the feedback occasionally said that my response was incorrect.,I'm not sure whether the feedback I received were correct.",NA,NA,NA,NA,NA,NA,NA,NA,NA,"I tried to think about the last image when I was watching a current image, and I tried to classify them by different scenes.","Yes!",NA,NA,NA,NA,NA,NA,NA,NA,NA,NA,NA,NA
"FPF02","TOTL","Yes, throughout the entire study","Yes, sometimes","I'm not sure","i thought that I was certainly remembering some pictures but was then told I was incorrect","I believe that some of the feedback I received were inaccurate or misleading.",NA,"The feedback was occasionally inaccurate when I correctly responded ""old"". Meaning - there were trials where I responded ""old"" and was pretty sure that my response was correct, but the feedback occasionally said that my response was incorrect.,The feedback was occasionally inaccurate when I correctly responded ""new"". I responded ""new"" and was pretty sure that my response was correct, but the feedback occasionally said that my response was incorrect.,The feedback was occasionally inaccurate when I incorrectly responded ""old"". I responded ""old"" and was pretty sure that my response was NOT correct, but the feedback occasionally said that my response was correct.,The feedback was occasionally inaccurate when I incorrectly responded ""new"". I responded ""new"" and was pretty sure that my response was NOT correct, but the feedback occasionally said that my response was correct.",NA,NA,NA,NA,NA,NA,NA,NA,NA,"I tried to remember something specific in the middle of the study because a lot of pictures were similar to each other.","Yes!",NA,NA,NA,NA,NA,NA,NA,NA,NA,NA,NA,NA
"FPF02","ULCR","Yes, throughout the entire study","Yes, all the time","Yes","I feel that during the each memory test was trying to get me to choose either ""old"" more or ""new"" more.","I believe that some of the feedback I received were inaccurate or misleading.",NA,"The feedback was occasionally inaccurate when I incorrectly responded ""old"". I responded ""old"" and was pretty sure that my response was NOT correct, but the feedback occasionally said that my response was correct.",NA,NA,NA,NA,NA,NA,NA,NA,NA,"Yes, I would try to hold on to one thing in each image that stood out to me and would say ""old"" in my head with each image to prepare for the memory test.","Yes!",NA,NA,NA,NA,NA,NA,NA,NA,NA,NA,NA,NA
"FPF02","UQBI","Yes, sometimes","Yes, sometimes","I'm not sure","I do not know","I believe that some of the feedback I received were inaccurate or misleading.",NA,"The feedback was occasionally inaccurate when I correctly responded ""new"". I responded ""new"" and was pretty sure that my response was correct, but the feedback occasionally said that my response was incorrect.",NA,NA,NA,NA,NA,NA,NA,NA,NA,NA,"Yes!",NA,NA,NA,NA,NA,NA,NA,NA,NA,NA,NA,NA
"FPF02","UWDL","Yes, throughout the entire study","Yes, sometimes","Yes","The correct/wrong feedback would make me think more before I press the button.","I believe that all of the feedback I received throughout this study were accurate (true to my expectations).",NA,"I'm not sure whether the feedback I received were correct.",NA,NA,NA,NA,NA,NA,NA,NA,"The size of photo could be a light be larger, which could make the memory and test part easier.","I not only notice the main building, but also think about the specific color and something small but unique.","Yes!",NA,NA,NA,NA,NA,NA,NA,NA,NA,NA,NA,NA
"FPF02","VBOH","Yes, throughout the entire study","Yes, sometimes","Yes","Some of the pictures I realized were actually old, I accidentally clicked ""new"" and then noticed that it showed ""correct"" even though I was sure that they were old.","I believe that some of the feedback I received were inaccurate or misleading.",NA,"The feedback was occasionally inaccurate when I incorrectly responded ""new"". I responded ""new"" and was pretty sure that my response was NOT correct, but the feedback occasionally said that my response was correct.",NA,NA,NA,NA,NA,NA,NA,NA,NA,"I tried to focus on little details within the pictures so that I did not have to remember the entire picture.","Yes!",NA,NA,NA,NA,NA,NA,NA,NA,NA,NA,NA,NA
"FPF02","VPXF","Yes, throughout the entire study","Yes, sometimes","I'm not sure","Did not find anything specifically inaccurate.","I believe that all of the feedback I received throughout this study were accurate (true to my expectations).",NA,"I'm not sure whether the feedback I received were correct.",NA,NA,NA,NA,NA,NA,NA,NA,NA,"I would relate the image I saw to one word that would help me remember the picture.","Yes!",NA,NA,NA,NA,NA,NA,NA,NA,NA,NA,NA,NA
"FPF02","VWJJ","Yes, sometimes","Yes, all the time","Yes","I believed that some of the ""corrects"" were happening too often for it to be true.","I believe that some of the feedback I received were inaccurate or misleading.",NA,"The feedback was occasionally inaccurate when I incorrectly responded ""new"". I responded ""new"" and was pretty sure that my response was NOT correct, but the feedback occasionally said that my response was correct.",NA,NA,NA,NA,NA,NA,NA,NA,NA,"For the second and third study blocks, I tried to memorize what kind of images there were not. For example, if I didn't remember seeing any roads or outside of houses I would note that down and if I saw one come up in the study blocks, they'd be so few that I'd remember the images pretty well.","Yes!",NA,NA,NA,NA,NA,NA,NA,NA,NA,NA,NA,NA
"FPF02","VXJE","No, the feedback did not influence my answers at all","Yes, sometimes","No","Did not find anything inaccurate.","I believe that all of the feedback I received throughout this study were accurate (true to my expectations).",NA,"I'm pretty sure that all of the feedback I received were correct.",NA,NA,NA,NA,NA,NA,NA,NA,NA,"Associate picture with a word, place I've seen, shape, or a familiar place.","Yes!",NA,NA,NA,NA,NA,NA,NA,NA,NA,NA,NA,NA
"FPF02","VZVT","Yes, sometimes","Yes, all the time","I'm not sure","I'm not super sure but sometimes I did question the number of correct/ wrong responses in a row.","I believe that some of the feedback I received were inaccurate or misleading.",NA,"The feedback was occasionally inaccurate when I incorrectly responded ""old"". I responded ""old"" and was pretty sure that my response was NOT correct, but the feedback occasionally said that my response was correct.,The feedback was occasionally inaccurate when I incorrectly responded ""new"". I responded ""new"" and was pretty sure that my response was NOT correct, but the feedback occasionally said that my response was correct.",NA,NA,NA,NA,NA,NA,NA,NA,NA,"I would especially pay attention to any stark colors or any geometric shapes. Basically, anything that stood out from the blander images were clearer in my head.","Yes!",NA,NA,NA,NA,NA,NA,NA,NA,NA,NA,NA,NA
"FPF02","WFTB","No, the feedback did not influence my answers at all","Yes, sometimes","No","I did not find it inaccurate","I believe that all of the feedback I received throughout this study were accurate (true to my expectations).",NA,"I'm pretty sure that all of the feedback I received were correct.,I'm not sure whether the feedback I received were correct.",NA,NA,NA,NA,NA,NA,NA,NA,NA,"I quickly titled all of the images with 2 word titles: green pillows, four arches, blue boats, two streams, purple carpet, etc. Some of the images were too generic to be titled in such a very short amount of time though, so the outdoor/beach scenes could not be labeled.","Yes!",NA,NA,NA,NA,NA,NA,NA,NA,NA,NA,NA,NA
"FPF02","WQLB","Yes, throughout the entire study","Yes, all the time","Yes","I thought there was a bit of a pattern that took place. Often times for every three or four correct answers it would be followed by one incorrect answer.","I believe that all of the feedback I received throughout this study were accurate (true to my expectations).",NA,"I'm pretty sure that all of the feedback I received were correct.",NA,NA,NA,NA,NA,NA,NA,NA,NA,"During study I would say what I was seeing out loud in my head.","Yes!",NA,NA,NA,NA,NA,NA,NA,NA,NA,NA,NA,NA
"FPF02","WSJX","Yes, throughout the entire study","Yes, sometimes","Yes","Some new ones in my opinion were marked as old and vice-versa","I believe that some of the feedback I received were inaccurate or misleading.",NA,"The feedback was occasionally inaccurate when I correctly responded ""old"". Meaning - there were trials where I responded ""old"" and was pretty sure that my response was correct, but the feedback occasionally said that my response was incorrect.,The feedback was occasionally inaccurate when I correctly responded ""new"". I responded ""new"" and was pretty sure that my response was correct, but the feedback occasionally said that my response was incorrect.,The feedback was occasionally inaccurate when I incorrectly responded ""old"". I responded ""old"" and was pretty sure that my response was NOT correct, but the feedback occasionally said that my response was correct.,The feedback was occasionally inaccurate when I incorrectly responded ""new"". I responded ""new"" and was pretty sure that my response was NOT correct, but the feedback occasionally said that my response was correct.",NA,NA,NA,NA,NA,NA,NA,NA,NA,"Remember them as a story for some series of images.","Yes!",NA,NA,NA,NA,NA,NA,NA,NA,NA,NA,NA,NA
"FPF02","WYQC","Yes, throughout the entire study","Yes, sometimes","Yes","I could click randomly to say new picture of a picture i had seen and it will say correct.","I believe that some of the feedback I received were inaccurate or misleading.",NA,"The feedback was occasionally inaccurate when I incorrectly responded ""new"". I responded ""new"" and was pretty sure that my response was NOT correct, but the feedback occasionally said that my response was correct.",NA,NA,NA,NA,NA,NA,NA,NA,NA,NA,"Yes!",NA,NA,NA,NA,NA,NA,NA,NA,NA,NA,NA,NA
"FPF02","XIWA","Yes, sometimes","No, the percentages did not influence my answers at all","I'm not sure","I would sometimes be surprised, but I would default to my memory simply being incorrect","I believe that all of the feedback I received throughout this study were accurate (true to my expectations).",NA,"I'm not sure whether the feedback I received were correct.",NA,NA,NA,NA,NA,NA,NA,NA,"On the survey itself, I didn't feel like the correct/wrong was inaccurate until I read questions about it being inaccurate.","I tried to only focus on one specific item in the image, and memorize that instead of the image as a whole. If I could not find a specific part of the picture to memorize, I tried to make something up about the picture being interesting to help myself remember (i.e. ""Wow this picture is gorgeous"")","Yes!",NA,NA,NA,NA,NA,NA,NA,NA,NA,NA,NA,NA
"FPF02","XOIY","Yes, throughout the entire study","Yes, sometimes","I'm not sure","I do not know if it was inaccurate, but I definitely thought some of my answers were correct but were marked wrong anyway.","I believe that some of the feedback I received were inaccurate or misleading.",NA,"The feedback was occasionally inaccurate when I correctly responded ""old"". Meaning - there were trials where I responded ""old"" and was pretty sure that my response was correct, but the feedback occasionally said that my response was incorrect.",NA,NA,NA,NA,NA,NA,NA,NA,NA,"I tried to find patterns of color (i.e. I noticed a lot of red in the second study), common settings, historical landmarks, etc. I also gave a very brief explanation in my head of each picture after they were shown.","Yes!",NA,NA,NA,NA,NA,NA,NA,NA,NA,NA,NA,NA
"FPF02","YAVY","Yes, sometimes","Yes, sometimes","I'm not sure","Did not find inaccurate feedback.","I believe that all of the feedback I received throughout this study were accurate (true to my expectations).",NA,"I'm pretty sure that all of the feedback I received were correct.",NA,NA,NA,NA,NA,NA,NA,NA,NA,"I tried to locate special parts of a photo to remember them better.","Yes!",NA,NA,NA,NA,NA,NA,NA,NA,NA,NA,NA,NA
"FPF02","YBSJ","Yes, sometimes","Yes, sometimes","Yes","Some of them seemed to provide the wrong response (saying ""correct"" instead of ""wrong"") or that a lot of old/new photos were grouped together","I believe that some of the feedback I received were inaccurate or misleading.",NA,"The feedback was occasionally inaccurate when I correctly responded ""old"". Meaning - there were trials where I responded ""old"" and was pretty sure that my response was correct, but the feedback occasionally said that my response was incorrect.,The feedback was occasionally inaccurate when I incorrectly responded ""old"". I responded ""old"" and was pretty sure that my response was NOT correct, but the feedback occasionally said that my response was correct.",NA,NA,NA,NA,NA,NA,NA,NA,NA,"I looked for any unique objects or colors that would pop out to me during the study phase so when I would be tested later, I would try to recognize any weird shapes/colors.","Yes!",NA,NA,NA,NA,NA,NA,NA,NA,NA,NA,NA,NA
"FPF02","YFXE","Yes, sometimes","Yes, sometimes","Yes","For some pictures, I realized that the picture was an old picture after I had clicked the new option. However, I noticed that the computer told me I was correct, even though I had realized I was wrong.","I believe that some of the feedback I received were inaccurate or misleading.",NA,"The feedback was occasionally inaccurate when I incorrectly responded ""new"". I responded ""new"" and was pretty sure that my response was NOT correct, but the feedback occasionally said that my response was correct.",NA,NA,NA,NA,NA,NA,NA,NA,NA,"I would look for an object of color in the picture that stood out to me. I would remember that object like ""purple pillow"" or ""red chandelier"".","Yes!",NA,NA,NA,NA,NA,NA,NA,NA,NA,NA,NA,NA
"FPF02","YHZS","Yes, sometimes","Yes, sometimes","I did not pay attention to the feedback","I only noticed about 3-4 that I felt were right when they were marked wrong but other than that I didn't realize anything","I believe that some of the feedback I received were inaccurate or misleading.",NA,"The feedback was occasionally inaccurate when I correctly responded ""old"". Meaning - there were trials where I responded ""old"" and was pretty sure that my response was correct, but the feedback occasionally said that my response was incorrect.,The feedback was occasionally inaccurate when I incorrectly responded ""new"". I responded ""new"" and was pretty sure that my response was NOT correct, but the feedback occasionally said that my response was correct.",NA,NA,NA,NA,NA,NA,NA,NA,NA,"Not really I just was thinking of a word in my head every time I saw an image","Yes!",NA,NA,NA,NA,NA,NA,NA,NA,NA,NA,NA,NA
"FPF02","YIRJ","Yes, sometimes","No, the percentages did not influence my answers at all","I'm not sure","I did not find anything inaccurate about the feedback","I believe that all of the feedback I received throughout this study were accurate (true to my expectations).",NA,"I'm pretty sure that all of the feedback I received were correct.",NA,NA,NA,NA,NA,NA,NA,NA,NA,"I tired to remember colors or unusual shapes that reminded me of other things. I also remembered the quality of the picture since some were very low as well as remembering the number of times an object appeared. For example if it was the scenery of a desert i would remember how many cactuses there were and note the distance between them.","Yes!",NA,NA,NA,NA,NA,NA,NA,NA,NA,NA,NA,NA
"FPF02","YMEK","Yes, sometimes","Yes, all the time","I'm not sure","The ""correct"" and ""wrong"" feedback suggested that the old and new pictures sometimes came in a chain, mostly at the beginning I think (lots of answers would be old in a row, etc)","I believe that all of the feedback I received throughout this study were accurate (true to my expectations).",NA,"I'm not sure whether the feedback I received were correct.",NA,NA,NA,NA,NA,NA,NA,NA,NA,"I tried to roughly memorize the main features that stood out to me when I first see the picture.","Yes!",NA,NA,NA,NA,NA,NA,NA,NA,NA,NA,NA,NA
"FPF02","YRMB","Yes, sometimes","No, the percentages did not influence my answers at all","I'm not sure","sometimes felt like the correct prompt was definitely wrong possibly to confuse my answer for the images that followed","I believe that some of the feedback I received were inaccurate or misleading.",NA,"The feedback was occasionally inaccurate when I correctly responded ""old"". Meaning - there were trials where I responded ""old"" and was pretty sure that my response was correct, but the feedback occasionally said that my response was incorrect.,The feedback was occasionally inaccurate when I correctly responded ""new"". I responded ""new"" and was pretty sure that my response was correct, but the feedback occasionally said that my response was incorrect.",NA,NA,NA,NA,NA,NA,NA,NA,NA,"saying mental words/phrases to remember something that stood out from the image. some images would come in the same order as they were presented so i just had to pay attention for the new one","Yes!",NA,NA,NA,NA,NA,NA,NA,NA,NA,NA,NA,NA
"FPF02","ZESX","Yes, sometimes","Yes, sometimes","I'm not sure","I did not find anything inaccurate about the feedback.","I believe that all of the feedback I received throughout this study were accurate (true to my expectations).",NA,"I'm not sure whether the feedback I received were correct.",NA,NA,NA,NA,NA,NA,NA,NA,NA,"I was associating pictures with past memories of mine","Yes!",NA,NA,NA,NA,NA,NA,NA,NA,NA,NA,NA,NA
"FPF02","ZFDJ","No, the feedback did not influence my answers at all","Yes, sometimes","No","n/a","I believe that all of the feedback I received throughout this study were accurate (true to my expectations).",NA,"The feedback was occasionally inaccurate when I correctly responded ""old"". Meaning - there were trials where I responded ""old"" and was pretty sure that my response was correct, but the feedback occasionally said that my response was incorrect.,The feedback was occasionally inaccurate when I correctly responded ""new"". I responded ""new"" and was pretty sure that my response was correct, but the feedback occasionally said that my response was incorrect.",NA,NA,NA,NA,NA,NA,NA,NA,NA,"look at bright colors, say the objects in my mind like ""blue chair"" or ""pink window shades""","Yes!",NA,NA,NA,NA,NA,NA,NA,NA,NA,NA,NA,NA
"FPF02","ZQKO","Yes, sometimes","No, the percentages did not influence my answers at all","Yes","When I am 100 percent sure that I saw the image, the answer shows that it did not show.","I believe that some of the feedback I received were inaccurate or misleading.",NA,"The feedback was occasionally inaccurate when I incorrectly responded ""new"". I responded ""new"" and was pretty sure that my response was NOT correct, but the feedback occasionally said that my response was correct.",NA,NA,NA,NA,NA,NA,NA,NA,"I think that my ability of remembering is decreasing from first to third study block.","I tried to see the specialty of the image from the perspective of color and shape, and sense of impact.","Yes!",NA,NA,NA,NA,NA,NA,NA,NA,NA,NA,NA,NA
"FPF03","BFTW","Yes, sometimes","Yes, sometimes","I'm not sure",NA,"I believe that some of the feedback I received were inaccurate or misleading.",NA,"The feedback was occasionally inaccurate when I correctly responded ""new"". I responded ""new"" and was pretty sure that my response was correct, but the feedback occasionally said that my response was incorrect.",NA,NA,NA,NA,NA,NA,NA,NA,"How clues (such as misleading ones) influence memory?",NA,NA,NA,"Yes (please elaborate)","They did not seem to be accurate to the tests",NA,NA,"No, my confidence decisions were only based on my first impression (""hunch"") or intuition about the images",NA,"I tend to choose NEW whenever I'm unsure",NA,NA,NA,"Yes, the bonus was an incentive to perform the task more diligently."
"FPF03","BKGH","Yes, throughout the entire study","Yes, sometimes","No",NA,"I believe that some of the feedback I received were inaccurate or misleading.",NA,"The feedback was occasionally inaccurate when I incorrectly responded ""old"". I responded ""old"" and was pretty sure that my response was NOT correct, but the feedback occasionally said that my response was correct.,The feedback was occasionally inaccurate when I incorrectly responded ""new"". I responded ""new"" and was pretty sure that my response was NOT correct, but the feedback occasionally said that my response was correct.",NA,NA,NA,NA,NA,NA,NA,NA,"I think this study is about testing people's memories of scenes and how feedback and hint cues might affect one's performance.",NA,NA,NA,"I'm not sure",NA,"I tried to come up with one-word phrases for each image for something that stands out in the image, so if I see a new image that no word comes to mind then I know its a new one.","I tried to go with my gut, in other words I tried to go with my first instinct whenever I was really unsure of the correct answer.","No, my confidence decisions were only based on my first impression (""hunch"") or intuition about the images",NA,"I try to alternate between whether I choose OLD or NEW when I'm unsure (please elaborate)","I tried to make my best judgment of whether the pictures were old or new.",NA,NA,"The monetary bonus definitely increased my motivation to perform well in the test but I'm not sure that if it actually made me more accurate. I focused on pressing the answer that I thought was correct throughout the study."
"FPF03","BPVX","No, the feedback did not influence my answers at all","Yes, sometimes","No",NA,"I don't know / did not pay attention to whether the feedback were accurate or inaccurate.",NA,"I'm pretty sure that all of the feedback I received were correct.",NA,NA,NA,NA,NA,NA,NA,NA,"I think it has to do with the process of our brain connecting pictures or colors to certain memories and how it is affected over time.",NA,NA,NA,"No",NA,"I tried connecting a word to the picture based off the colors.","I used the same trick as I did in the study phase.","No, my confidence decisions were only based on my first impression (""hunch"") or intuition about the images",NA,"I tend to choose OLD whenever I'm unsure",NA,NA,NA,"The bonus did not have any influence in how i performed."
"FPF03","BRCW","Yes, sometimes","Yes, sometimes","No",NA,"I believe that some of the feedback I received were inaccurate or misleading.",NA,"The feedback was occasionally inaccurate when I correctly responded ""new"". I responded ""new"" and was pretty sure that my response was correct, but the feedback occasionally said that my response was incorrect.",NA,NA,NA,NA,NA,NA,NA,NA,"Positive and negative reinforcement and how it can influence individuals to perform better on tasks.",NA,NA,NA,"Yes (please elaborate)","I felt that I had seen a lot more old/new than the ratio led me on to believe.","I would try to look at the colors and remember something interesting about the photo so when I saw it again I would remember the interesting thing I saw, and make that connection.","I would look at the bright colors, and what would make it stand out. If I didn't happen to see either of those things, I would press new.","Yes, I incorporated additional information or thought processes into my confidence decisions (please elaborate)","If the image was more general, I was less confident.","I tend to choose NEW whenever I'm unsure",NA,NA,NA,"I do believe that I would have attempted to preform just as well regardless of the bonus, however I do believe it gave me more of an incentive to perform better."
"FPF03","BZGK","Yes, sometimes","Yes, all the time","Yes (please elaborate)","I felt I was prompted I had chosen correctly at a far higher rate than I was actually performing","I believe that most of the feedback I received were inaccurate or misleading.",NA,"The feedback was occasionally inaccurate when I incorrectly responded ""old"". I responded ""old"" and was pretty sure that my response was NOT correct, but the feedback occasionally said that my response was correct.,The feedback was occasionally inaccurate when I incorrectly responded ""new"". I responded ""new"" and was pretty sure that my response was NOT correct, but the feedback occasionally said that my response was correct.",NA,NA,NA,NA,NA,NA,NA,NA,"How likely people are to follow clues that don't seem to be entirely accurate; if faulty positive reinforcement has any effect on performance speed if a ""do no wrong"" mentality is encouraged",NA,NA,NA,"I'm not sure",NA,"I would try to say out loud in my head, very briefly, one or two key details about the scene that later I could try to use as a sense of familiarity.","Since memorizing all the images just wouldn't have been possible, I was pretty confident that any image I'd see could be either old or new, especially since many images were similar, so for the percentage ratings at least I would just go off the assumption they were correct, since it often wasn't likely I had a definitive answer.","Yes, I incorporated additional information or thought processes into my confidence decisions (please elaborate)","The few times I would be high confidence about an image accuracy I would just mark it as high as kind of a mental booster to keep me on track in a very confusing study overall","I tend to alternate my OLD or NEW tendencies from one memory test to another, based on what I suspect the test is telling me to choose (please elaborate)",NA,"With the ratio hint stages I'd just follow the higher probability one if it were random. For the first session where I got feedback on my answers, which I suspected was faulty, I'd usually go with whatever had generated my last (possibly) faulty ""correct"" answer.",NA,"Yes. Even in the current study I felt very lost and demotivated to really try when it was pretty impossible to accurately use my memory on every image. With no bonus I would have just spammed answers to finish faster, but I still wanted to try. When I noticed the system was maybe lying to me it definitely added interest to seeing how I could maximize bonus"
"FPF03","CBTN","Yes, throughout the entire study","Yes, sometimes","No",NA,"I believe that some of the feedback I received were inaccurate or misleading.",NA,"The feedback was occasionally inaccurate when I correctly responded ""old"". Meaning - there were trials where I responded ""old"" and was pretty sure that my response was correct, but the feedback occasionally said that my response was incorrect.,The feedback was occasionally inaccurate when I correctly responded ""new"". I responded ""new"" and was pretty sure that my response was correct, but the feedback occasionally said that my response was incorrect.,The feedback was occasionally inaccurate when I incorrectly responded ""old"". I responded ""old"" and was pretty sure that my response was NOT correct, but the feedback occasionally said that my response was correct.,The feedback was occasionally inaccurate when I incorrectly responded ""new"". I responded ""new"" and was pretty sure that my response was NOT correct, but the feedback occasionally said that my response was correct.",NA,NA,NA,NA,NA,NA,NA,NA,"Maybe to test how people will react to the cues or implications when memorizing things.",NA,NA,NA,"Yes (please elaborate)","I felt that I had seen a lot more old/new than the ratio led me on to believe.","Yes. I tried to remember some remarkable colors and positions of objects.","No.","Yes, I incorporated additional information or thought processes into my confidence decisions (please elaborate)","If the image was more general, I was less confident.","I tend to choose NEW whenever I'm unsure",NA,NA,NA,"Not really, I just want to try my best in the study."
"FPF03","CHBN","Yes, sometimes","Yes, sometimes","Yes (please elaborate)","please don't tell me they are fraud","I don't know / did not pay attention to whether the feedback were accurate or inaccurate.",NA,"The feedback was occasionally inaccurate when I correctly responded ""old"". Meaning - there were trials where I responded ""old"" and was pretty sure that my response was correct, but the feedback occasionally said that my response was incorrect.",NA,NA,NA,NA,NA,NA,NA,NA,"instant memory and influences on similar graphics that may disrupt our memory",NA,NA,NA,"Yes (please elaborate)","is it really misleading???","just depend on my feelings","own feelings","No, my confidence decisions were only based on my first impression (""hunch"") or intuition about the images",NA,"I tend to choose NEW whenever I'm unsure",NA,NA,NA,"yes , or kind of"
"FPF03","CPZH","Yes, sometimes","Yes, sometimes","I'm not sure",NA,"I believe that all of the feedback I received throughout this study were accurate (true to my expectations).",NA,"I'm pretty sure that all of the feedback I received were correct.",NA,NA,NA,NA,NA,NA,NA,NA,"How well we are able to memorize things, or strategies we use to remember certain things.",NA,NA,NA,"No",NA,"I payed a lot of attention to colors, for example I was able to remember images with brighter colors because that got my attention and made me remember the images by the color. I also noticed that the colors were bright, for example red; making it easier for me to remember the image",NA,"Yes, I incorporated additional information or thought processes into my confidence decisions (please elaborate)",NA,"I tend to choose NEW whenever I'm unsure",NA,NA,NA,"Personally I did not feel motivated by the bonus being offered to me, I interested in testing my memory. I think that the bonus would benefit those that are not as interested in the study. It is a great way to motivate those to do better in the study, it is a good way to get the people who are taking the study be more enagaged"
"FPF03","CTSB","No, the feedback did not influence my answers at all","Yes, sometimes","I'm not sure",NA,"I believe that all of the feedback I received throughout this study were accurate (true to my expectations).",NA,"The feedback was occasionally inaccurate when I correctly responded ""old"". Meaning - there were trials where I responded ""old"" and was pretty sure that my response was correct, but the feedback occasionally said that my response was incorrect.,The feedback was occasionally inaccurate when I correctly responded ""new"". I responded ""new"" and was pretty sure that my response was correct, but the feedback occasionally said that my response was incorrect.,I'm not sure whether the feedback I received were correct.",NA,NA,NA,NA,NA,NA,NA,NA,"How differing experiences can influence our memory and perception.",NA,NA,NA,"I'm not sure",NA,"N/A","N/A","No, my confidence decisions were only based on my first impression (""hunch"") or intuition about the images",NA,"I do not recall what my response tendencies were",NA,NA,NA,"Not at all."
"FPF03","DBZM","Yes, sometimes","Yes, all the time","No",NA,"I believe that all of the feedback I received throughout this study were accurate (true to my expectations).",NA,"I'm pretty sure that all of the feedback I received were correct.",NA,NA,NA,NA,NA,NA,NA,NA,"Testing peoples short memory.",NA,NA,NA,"I'm not sure",NA,"I would find something that stuck out to me in each photo.","If I remembered a certain item or if I linked it with something familiar","No, my confidence decisions were only based on my first impression (""hunch"") or intuition about the images",NA,"I tend to choose OLD whenever I'm unsure",NA,NA,NA,"I definitely think the bonus persuaded me to perform better and actually try on the assessments."
"FPF03","DCSK","Yes, sometimes","Yes, sometimes","I'm not sure",NA,"I believe that all of the feedback I received throughout this study were accurate (true to my expectations).",NA,"I'm not sure whether the feedback I received were correct.",NA,NA,NA,NA,NA,NA,NA,NA,"How descriptions can manipulate our decisions",NA,NA,NA,"I'm not sure",NA,"connecting images with my personal memories and experiences","Didn't really focused on the confidence measurement","No, my confidence decisions were only based on my first impression (""hunch"") or intuition about the images",NA,"I tend to choose NEW whenever I'm unsure",NA,NA,NA,"If I didn't have bonus rewards, I would have less focused on my performance"
"FPF03","DRNY","No, the feedback did not influence my answers at all","Yes, sometimes","No",NA,"I believe that all of the feedback I received throughout this study were accurate (true to my expectations).",NA,"I'm pretty sure that all of the feedback I received were correct.",NA,NA,NA,NA,NA,NA,NA,NA,"if our brain remembers certain images better than others (nature scenes, buildings, etc.)",NA,NA,NA,"Yes (please elaborate)","They did not seem to be accurate to the tests","I tried to associate images with experiences in my life or remember certain subjects or shapes in each image.","N/A","No, my confidence decisions were only based on my first impression (""hunch"") or intuition about the images",NA,"I tend to choose NEW whenever I'm unsure",NA,NA,NA,"I think the bonus motivated me to create strategies for memorizing the images."
"FPF03","DZFG","Yes, throughout the entire study","Yes, sometimes","I'm not sure",NA,"I believe that some of the feedback I received were inaccurate or misleading.",NA,"The feedback was occasionally inaccurate when I correctly responded ""old"". Meaning - there were trials where I responded ""old"" and was pretty sure that my response was correct, but the feedback occasionally said that my response was incorrect.",NA,NA,NA,NA,NA,NA,NA,NA,"What structures in images are memorable",NA,NA,NA,"I'm not sure",NA,"I tried to remember general structures of the images.","I took a moment to see if the image registered any feelings of familiarity.","No, my confidence decisions were only based on my first impression (""hunch"") or intuition about the images",NA,"I tend to choose OLD whenever I'm unsure",NA,NA,NA,"Yes, if the reward structure was not in place, I would not have tried as hard to be accurate with my decisions, going more off of a hunch"
"FPF03","FGYC","Yes, throughout the entire study","Yes, sometimes","No",NA,"I believe that some of the feedback I received were inaccurate or misleading.",NA,"The feedback was occasionally inaccurate when I correctly responded ""old"". Meaning - there were trials where I responded ""old"" and was pretty sure that my response was correct, but the feedback occasionally said that my response was incorrect.,The feedback was occasionally inaccurate when I correctly responded ""new"". I responded ""new"" and was pretty sure that my response was correct, but the feedback occasionally said that my response was incorrect.",NA,NA,NA,NA,NA,NA,NA,NA,"How fast the brain can respond to memorization",NA,NA,NA,"No",NA,"Most of the time, the incorrect/correct responses were grouped together. for example there would be 6 incorrect/correct options in a row instead of going back and forth.","I tried not to close my eyes when i looked at the photos","Yes, I incorporated additional information or thought processes into my confidence decisions (please elaborate)",NA,"I tend to alternate my OLD or NEW tendencies from one memory test to another, based on what I suspect the test is telling me to choose (please elaborate)",NA,"With the ratio hint stages I'd just follow the higher probability one if it were random. For the first session where I got feedback on my answers, which I suspected was faulty, I'd usually go with whatever had generated my last (possibly) faulty ""correct"" answer.",NA,"No not really I was just doing it for fun."
"FPF03","FMXR","Yes, throughout the entire study","Yes, sometimes","No",NA,"I believe that some of the feedback I received were inaccurate or misleading.",NA,"I'm pretty sure that all of the feedback I received were correct.",NA,NA,NA,NA,NA,NA,NA,NA,"Memory and decision making.",NA,NA,NA,"I'm not sure",NA,"I tried to remember the vibrant colors or an item in the middle of the picture during the phases.","I tried to remember what was distinct about the picture/connect the pictures I saw to another situation in my life to remember the picture.","No, my confidence decisions were only based on my first impression (""hunch"") or intuition about the images",NA,"I try to alternate between whether I choose OLD or NEW when I'm unsure (please elaborate)","I tried to make my best judgment of whether the pictures were old or new.",NA,NA,"Yes, it motivated me, especially because I am low-income."
"FPF03","FNYS","Yes, sometimes","Yes, sometimes","I'm not sure",NA,"I believe that all of the feedback I received throughout this study were accurate (true to my expectations).",NA,"The feedback was occasionally inaccurate when I incorrectly responded ""old"". I responded ""old"" and was pretty sure that my response was NOT correct, but the feedback occasionally said that my response was correct.,The feedback was occasionally inaccurate when I incorrectly responded ""new"". I responded ""new"" and was pretty sure that my response was NOT correct, but the feedback occasionally said that my response was correct.,I'm pretty sure that all of the feedback I received were correct.",NA,NA,NA,NA,NA,NA,NA,NA,"The effects of framing on peoples decision making",NA,NA,NA,"Yes (please elaborate)","I felt that I had seen a lot more old/new than the ratio led me on to believe.","say a word in my head that would help me remember","not really","No, my confidence decisions were only based on my first impression (""hunch"") or intuition about the images",NA,"I tend to choose NEW whenever I'm unsure",NA,NA,NA,"Definitely felt more motivating, as I'm sure many people come here for the credits and some people could disregard the integrity of the study and just click through everything so they can get their credits."
"FPF03","FVYN","Yes, sometimes","No, the percentages did not influence my answers at all","No",NA,"I believe that all of the feedback I received throughout this study were accurate (true to my expectations).",NA,"I'm pretty sure that all of the feedback I received were correct.",NA,NA,NA,NA,NA,NA,NA,NA,"How subtle cues influence our confidence in our own judgment and perceptions",NA,NA,NA,"Yes (please elaborate)","I felt that the percentage cues were not accurate","I tried to remember what stands out in each photo and how they made me feel or remind me of","I trusted my gut feeling during the test","No, my confidence decisions were only based on my first impression (""hunch"") or intuition about the images",NA,"I tend to choose NEW whenever I'm unsure",NA,NA,NA,"I paid more attention to the images and tried harder than I would have during the study phase due to the reward"
"FPF03","GBXV","Yes, throughout the entire study","Yes, sometimes","No",NA,"I believe that all of the feedback I received throughout this study were accurate (true to my expectations).",NA,"I'm not sure whether the feedback I received were correct.",NA,NA,NA,NA,NA,NA,NA,NA,"About in this circumstance, how would people perform.",NA,NA,NA,"I'm not sure",NA,"i tried to memorize the key features in the picture.","Not really, i rely more on my sense.","No, my confidence decisions were only based on my first impression (""hunch"") or intuition about the images",NA,"I try to alternate between whether I choose OLD or NEW when I'm unsure (please elaborate)","I tried to make my best judgment of whether the pictures were old or new.",NA,NA,"It is not the reward that makes me want to push harder. I wanted to challenge my ability to remember things."
"FPF03","GFKQ","Yes, throughout the entire study","Yes, sometimes","No",NA,"I believe that all of the feedback I received throughout this study were accurate (true to my expectations).",NA,"I'm pretty sure that all of the feedback I received were correct.",NA,NA,NA,NA,NA,NA,NA,NA,"Testing memory on things that people only see for a short amount of time",NA,NA,NA,"No",NA,NA,NA,"No, my confidence decisions were only based on my first impression (""hunch"") or intuition about the images",NA,"I tend to choose NEW whenever I'm unsure",NA,NA,NA,"I don't think the bonus had any influence on my decision making, I just wanted to test my memory and see how accurate my judgment was"
"FPF03","GFLT","Yes, sometimes","Yes, sometimes","I'm not sure",NA,"I believe that some of the feedback I received were inaccurate or misleading.",NA,"The feedback was occasionally inaccurate when I incorrectly responded ""old"". I responded ""old"" and was pretty sure that my response was NOT correct, but the feedback occasionally said that my response was correct.",NA,NA,NA,NA,NA,NA,NA,NA,"To see how people respond to feedback or ""hints"".",NA,NA,NA,"I'm not sure",NA,"I tried to recite the most memorable parts of each photo after they were displayed.",NA,"No, my confidence decisions were only based on my first impression (""hunch"") or intuition about the images",NA,"I try to alternate between whether I choose OLD or NEW when I'm unsure (please elaborate)","There were some photos that fit into a similar genre with pictures that I new were old, so for those I clicked old. However, for the ones that seemed completely new to me, I clicked new.",NA,NA,"Not really."
"FPF03","GHQC","Yes, sometimes","No, the percentages did not influence my answers at all","I'm not sure",NA,"I believe that all of the feedback I received throughout this study were accurate (true to my expectations).",NA,"I'm not sure whether the feedback I received were correct.",NA,NA,NA,NA,NA,NA,NA,NA,"How long a piece of information can stay with you after being thrown a lot more information. I heard that we quickly tend to forget the things that we most recently saw if we are constantly given new information.",NA,NA,NA,"Yes (please elaborate)","They did not seem to be accurate to the tests","I think the best strategy for me was to clear my mind and just try to find a point in the picture that interested me.","If I thought I saw it, I would just click old even though sometimes it would be wrong. Usually the ones I clicked new were new because I just went with the tactic that I never saw it. I tried not to spend so much time on each.","No, my confidence decisions were only based on my first impression (""hunch"") or intuition about the images",NA,"I tend to choose OLD whenever I'm unsure",NA,NA,NA,"I don't think the bonus had any influence on my decisions to try hard. I genuinely just wanted to know how I would perform trying my best."
"FPF03","GLRP","Yes, sometimes","Yes, sometimes","I'm not sure",NA,"I believe that some of the feedback I received were inaccurate or misleading.",NA,"The feedback was occasionally inaccurate when I correctly responded ""new"". I responded ""new"" and was pretty sure that my response was correct, but the feedback occasionally said that my response was incorrect.",NA,NA,NA,NA,NA,NA,NA,NA,"What motivates or influences us when we make decisions. For example, the hints or the bonus.",NA,NA,NA,"No",NA,"For some pictures, I pointed out one thing or object that I knew I would remember when I saw the picture later.",NA,"No, my confidence decisions were only based on my first impression (""hunch"") or intuition about the images",NA,"I tend to choose NEW whenever I'm unsure",NA,NA,NA,"I don't think the bonus had any influence on my decision-making, I just picked based on what I thought was old or new."
"FPF03","GLXR","Yes, sometimes","No, the percentages did not influence my answers at all","No",NA,"I believe that all of the feedback I received throughout this study were accurate (true to my expectations).",NA,"I'm pretty sure that all of the feedback I received were correct.",NA,NA,NA,NA,NA,NA,NA,NA,"memory and decision making",NA,NA,NA,"I did not pay attention to the % cues",NA,NA,NA,"No, my confidence decisions were only based on my first impression (""hunch"") or intuition about the images",NA,"I tend to choose OLD whenever I'm unsure",NA,NA,NA,"I think the incentive was motivating. In the sense I was trying my best so at the end based off my payment i could tell how good my memory was."
"FPF03","GQVT","Yes, sometimes","Yes, sometimes","No",NA,"I believe that all of the feedback I received throughout this study were accurate (true to my expectations).",NA,"I'm pretty sure that all of the feedback I received were correct.",NA,NA,NA,NA,NA,NA,NA,NA,"How well your memory is",NA,NA,NA,"I'm not sure",NA,"Every time a picture was shown I described the picture in my head, I didn't start doing this until part 2 of the test","I seem to remember the brighter colors and I was able to identify the pictures quicker","No, my confidence decisions were only based on my first impression (""hunch"") or intuition about the images",NA,"I tend to choose NEW whenever I'm unsure",NA,NA,NA,"yes, I think I was more motivated to see how well I can do on the memory test, and the amount of money seems to depict how well you did."
"FPF03","GVLB","Yes, throughout the entire study","Yes, sometimes","No",NA,"I believe that some of the feedback I received were inaccurate or misleading.",NA,"The feedback was occasionally inaccurate when I correctly responded ""old"". Meaning - there were trials where I responded ""old"" and was pretty sure that my response was correct, but the feedback occasionally said that my response was incorrect.,The feedback was occasionally inaccurate when I correctly responded ""new"". I responded ""new"" and was pretty sure that my response was correct, but the feedback occasionally said that my response was incorrect.",NA,NA,NA,NA,NA,NA,NA,NA,"This study is about testing retrieval cues and seeing how they influence our behavior/memory when answering test questions.",NA,NA,NA,"Yes (please elaborate)","I felt that I had seen a lot more old/new than the ratio led me on to believe.","Yes, I memorized specific details about the picture and made names for them inside my head. I attempted to label them by physical attributes in order to remember them by their labels instead of their scenery.","Yes, particularly the Correct/Incorrect prompt test phase. I second guessed by memory when there was a streak of correct images, so I would rely more on the pattern of the correctness, rather than the labels I made for my images.","No, my confidence decisions were only based on my first impression (""hunch"") or intuition about the images",NA,"I tend to choose NEW whenever I'm unsure",NA,NA,NA,"No, the bonus didn't have any influence on my decision-making, however this is due mainly to me being a competitive person. I wanted to do well in order to prove to myself that I have a good memory, even though this study is not competitive in any sense."
"FPF03","GXFY","Yes, sometimes","Yes, sometimes","No",NA,"I believe that all of the feedback I received throughout this study were accurate (true to my expectations).",NA,"I'm pretty sure that all of the feedback I received were correct.",NA,NA,NA,NA,NA,NA,NA,NA,NA,NA,NA,NA,"I did not pay attention to the % cues",NA,NA,NA,"No, my confidence decisions were only based on my first impression (""hunch"") or intuition about the images",NA,"I do not recall what my response tendencies were",NA,NA,NA,"The reward structure definitely motivated me to be more accurate as it gave me an incentive to do so."
"FPF03","HCVB","Yes, throughout the entire study","No, the percentages did not influence my answers at all","No",NA,"I don't know / did not pay attention to whether the feedback were accurate or inaccurate.",NA,"I'm not sure whether the feedback I received were correct.",NA,NA,NA,NA,NA,NA,NA,NA,"Bias in memory when there is false affirmation or data",NA,NA,NA,"I did not pay attention to the % cues",NA,"Monuments and places that were familiar to me were easiest to memorize","No","No, my confidence decisions were only based on my first impression (""hunch"") or intuition about the images",NA,"I tend to choose OLD whenever I'm unsure",NA,NA,NA,"I felt that the money did not influence my decisions due to the fact that the money was a very low value."
"FPF03","HCXG","Yes, throughout the entire study","Yes, sometimes","No",NA,"I believe that all of the feedback I received throughout this study were accurate (true to my expectations).",NA,"I'm pretty sure that all of the feedback I received were correct.",NA,NA,NA,NA,NA,NA,NA,NA,"Trying to how our mind remembers thing, how much information we can intake in a sort amount of time, and the difference between showing multiple images vs fewer.",NA,NA,NA,"No",NA,"I would make little comments for every image that would come up or would take extra notice of the ones that I liked.","I took notes of the images i would get wrong and make some sort of assumption for the next upcoming images","No, my confidence decisions were only based on my first impression (""hunch"") or intuition about the images",NA,"I tend to choose NEW whenever I'm unsure",NA,NA,NA,"I think it did motivate me a little more but I wouldve responded with the same answers regardless. I think what did motivate me was the screen telling me if it was right or wrong because I would want to get the correct answer."
"FPF03","HRZP","Yes, throughout the entire study","Yes, sometimes","No",NA,"I believe that some of the feedback I received were inaccurate or misleading.",NA,"I'm not sure whether the feedback I received were correct.",NA,NA,NA,NA,NA,NA,NA,NA,"I think it is about how we change our decisions based on the info given to us (Percentages and Affirmations",NA,NA,NA,"Yes (please elaborate)","They did not seem to be accurate to the tests","I would try to find the interesting components of the pictures that felt unique so I could identify them again.",NA,"No, my confidence decisions were only based on my first impression (""hunch"") or intuition about the images",NA,"I tend to alternate my OLD or NEW tendencies from one memory test to another, based on what I suspect the test is telling me to choose (please elaborate)",NA,"With the ratio hint stages I'd just follow the higher probability one if it were random. For the first session where I got feedback on my answers, which I suspected was faulty, I'd usually go with whatever had generated my last (possibly) faulty ""correct"" answer.",NA,"I believe I did have some motivation from the reward because I wanted to see how well I did based on the pay out"
"FPF03","KBGR","Yes, sometimes","Yes, sometimes","I'm not sure",NA,"I believe that some of the feedback I received were inaccurate or misleading.",NA,"I'm not sure whether the feedback I received were correct.",NA,NA,NA,NA,NA,NA,NA,NA,"I think it had to do with the influence of different messages on participant selections. For example, I don't think the 75%/25% measurements were always accurate, but they did slightly influence my decisions.",NA,NA,NA,"I'm not sure",NA,"I tried to describe using a word/phrase what I saw in my head, especially if it reminded me of something I've seen in my life.","I grouped together types of images- the study phases had lots of skyscrapers, bodies of water, etc. If the image was one of those things, I was more likely to choose old. Also bright colors stuck out to me.","No, my confidence decisions were only based on my first impression (""hunch"") or intuition about the images",NA,"I tend to choose NEW whenever I'm unsure",NA,NA,NA,"Not really."
"FPF03","KFHT","Yes, sometimes","Yes, sometimes","Yes (please elaborate)","I thought that there were some that looked familiar but I would get it wrong and it confused me a bit","I believe that all of the feedback I received throughout this study were accurate (true to my expectations).",NA,"The feedback was occasionally inaccurate when I correctly responded ""new"". I responded ""new"" and was pretty sure that my response was correct, but the feedback occasionally said that my response was incorrect.,I'm not sure whether the feedback I received were correct.",NA,NA,NA,NA,NA,NA,NA,NA,"I think this study is about not only testing how good people's memories are but also seeing how changing certain aspects within the tasks would change their performance or how they interact with the test.",NA,NA,NA,"I'm not sure",NA,"I tried to do some word association with the pictures or look for anything that would really stand out in each picture to help me remember better",NA,"Yes, I incorporated additional information or thought processes into my confidence decisions (please elaborate)","I felt that if I could barely tell if my answer would have been right I would put low confidence. There would be times where I strongly felt that I was right but I still put low confidence just to be safe in a sense.","I tend to choose NEW whenever I'm unsure",NA,NA,NA,"I don't think the bonus influenced my decision making because I already came into this study wanting to know how good my memory is since I felt as if I don't have a good memory."
"FPF03","KFTZ","Yes, sometimes","Yes, sometimes","No",NA,"I don't know / did not pay attention to whether the feedback were accurate or inaccurate.",NA,"I'm not sure whether the feedback I received were correct.",NA,NA,NA,NA,NA,NA,NA,NA,"Testing the memory of human beings. Seeing how faulty our memory can be and how it can influence our decisions.",NA,NA,NA,"No",NA,"I associated the images with a word that helped me remind myself of the photo. I also pointed out something that stood out to me in the photo.","I did not. I just went off memory.","No, my confidence decisions were only based on my first impression (""hunch"") or intuition about the images",NA,"I try to alternate between whether I choose OLD or NEW when I'm unsure (please elaborate)","There were some photos that fit into a similar genre with pictures that I new were old, so for those I clicked old. However, for the ones that seemed completely new to me, I clicked new.",NA,NA,"The reward structure motivated me to pay attention and try to memorize what photos were sent to me. It made me think more about my answers."
"FPF03","KTBH","Yes, throughout the entire study","No, the percentages did not influence my answers at all","Yes (please elaborate)","sometimes the correct answers seem to appear in a row","I believe that some of the feedback I received were inaccurate or misleading.",NA,"The feedback was occasionally inaccurate when I correctly responded ""old"". Meaning - there were trials where I responded ""old"" and was pretty sure that my response was correct, but the feedback occasionally said that my response was incorrect.,The feedback was occasionally inaccurate when I correctly responded ""new"". I responded ""new"" and was pretty sure that my response was correct, but the feedback occasionally said that my response was incorrect.,The feedback was occasionally inaccurate when I incorrectly responded ""old"". I responded ""old"" and was pretty sure that my response was NOT correct, but the feedback occasionally said that my response was correct.,The feedback was occasionally inaccurate when I incorrectly responded ""new"". I responded ""new"" and was pretty sure that my response was NOT correct, but the feedback occasionally said that my response was correct.",NA,NA,NA,NA,NA,NA,NA,NA,"The decision-making part first leads to an idea that balls are drawn from a can that has a higher corresponding ratio. Then, the ratio hint was given to lead us to make the decision, but the subconsciousness of the probability of drawing from a higher ratio was actually influenced our performance and confidence of making the decision. The study is somehow related to memory test, but I think it is about the subconsciousness and ""stereotypes"" about making the decision.",NA,NA,NA,"Yes (please elaborate)","They did not seem to be accurate to the tests","Some images have traits to follow and memorize. Such as languages I am familiar with; I am a boxer so I am familiar with and remember the boxing ring; and some images have unique patterns such as parallel lines.","Yes, I recognized those traits and patterns to look similar ones, but some images look too similar to differentiate from each other.","No, my confidence decisions were only based on my first impression (""hunch"") or intuition about the images",NA,"I try to alternate between whether I choose OLD or NEW when I'm unsure (please elaborate)","I tried to make my best judgment of whether the pictures were old or new.",NA,NA,"Yes. The bonus motivated me to make the judgements. After receiving the response, I felt more confident to make my decision and trust my memory."
"FPF03","KXZM","Yes, sometimes","Yes, sometimes","No",NA,"I believe that some of the feedback I received were inaccurate or misleading.",NA,"The feedback was occasionally inaccurate when I correctly responded ""new"". I responded ""new"" and was pretty sure that my response was correct, but the feedback occasionally said that my response was incorrect.",NA,NA,NA,NA,NA,NA,NA,NA,"What images people tend to remember better.",NA,NA,NA,"Yes (please elaborate)","I felt that I had seen a lot more old/new than the ratio led me on to believe.","I would try to remember colors or identify any easy symbols.","A few I knew instantly some were guesses.","Yes, I incorporated additional information or thought processes into my confidence decisions (please elaborate)","If i knew for sure I would put highly confident compared to low.","I tend to choose NEW whenever I'm unsure",NA,NA,NA,"The bonus did not influence me, I would have taken the test the same most likely."
"FPF03","LNDP","Yes, sometimes","Yes, all the time","Yes (please elaborate)","I feel like the correct/wrong ratio tended to lean more towards one side throughout the test.","I believe that all of the feedback I received throughout this study were accurate (true to my expectations).",NA,"I'm pretty sure that all of the feedback I received were correct.",NA,NA,NA,NA,NA,NA,NA,NA,"I believe that the study used positive/negative reinforcement to see how it affected a participant's confidence in memory.",NA,NA,NA,"I'm not sure",NA,"For each picture I'd try to remember once distinct shape or object and its positioning in the picture. This was to tell it apart from any ""look alike"" images.","I would try and see if there was a trend to the pictures I was seeing, such as there being more new than old pictures or vice versa.","No, my confidence decisions were only based on my first impression (""hunch"") or intuition about the images",NA,"I tend to choose NEW whenever I'm unsure",NA,NA,NA,"I believe it did motivate me to put more effort because I gave me a challenge to see how well I could perform from the max amount earned."
"FPF03","LTZX","Yes, sometimes","Yes, sometimes","No",NA,"I believe that some of the feedback I received were inaccurate or misleading.",NA,"The feedback was occasionally inaccurate when I correctly responded ""new"". I responded ""new"" and was pretty sure that my response was correct, but the feedback occasionally said that my response was incorrect.,The feedback was occasionally inaccurate when I incorrectly responded ""old"". I responded ""old"" and was pretty sure that my response was NOT correct, but the feedback occasionally said that my response was correct.",NA,NA,NA,NA,NA,NA,NA,NA,"I think its about how much people can remember within seconds.",NA,NA,NA,"No",NA,"Yes, I paid attention to the pictures and tried to see what stand out and hope to remember them by one specific object.","I would just try to remember which of the pictures I've seen before.","No, my confidence decisions were only based on my first impression (""hunch"") or intuition about the images",NA,"I tend to choose NEW whenever I'm unsure",NA,NA,NA,"Yes, I think the fact that I would be getting a ""reward"" helped me to be more accurate with my responses."
"FPF03","LZPK","Yes, sometimes","Yes, all the time","No",NA,"I believe that all of the feedback I received throughout this study were accurate (true to my expectations).",NA,"The feedback was occasionally inaccurate when I incorrectly responded ""old"". I responded ""old"" and was pretty sure that my response was NOT correct, but the feedback occasionally said that my response was correct.,I'm pretty sure that all of the feedback I received were correct.",NA,NA,NA,NA,NA,NA,NA,NA,"I think it is might be about how what we see influences our choices (the 75% example).",NA,NA,NA,"No",NA,"When looking at images, if they were brighter pictures I would make a note of it. Or if there were items in the picture that I could relate it back to myself, I would try and make a mental note of that.","No I do not think so, I tried to focus a lot on the images and if they were brighter/lower especially if they were in similar settings like the kitchen images. Sometimes the kitchen's were illuminated and others were darker.","No, my confidence decisions were only based on my first impression (""hunch"") or intuition about the images",NA,"I tend to choose OLD whenever I'm unsure",NA,NA,NA,"I do not think the bonus had an influence on my decision making after the first study phase. I was motivated to do well when we began, but when I reached the study block 2, I felt like I was getting more wrong which unmotivated me since I felt like it was messing with my memory of the pictures."
"FPF03","MDBT","Yes, throughout the entire study","Yes, sometimes","No",NA,"I believe that all of the feedback I received throughout this study were accurate (true to my expectations).",NA,"I'm pretty sure that all of the feedback I received were correct.",NA,NA,NA,NA,NA,NA,NA,NA,"Testing whether people have the ability to choose the image they are more familiar with even though they don't necessarily have everything memorized.",NA,NA,NA,"I'm not sure",NA,"I looked at the parts of the photos that popped out to me the most and memorized them.","I tried to use my first instinct instead of thinking too hard because I found that after thinking too hard, it was even harder to figure out what my initial first instinct was. Both pictures started looking familiar to me.","No, my confidence decisions were only based on my first impression (""hunch"") or intuition about the images",NA,"I try to alternate between whether I choose OLD or NEW when I'm unsure (please elaborate)","There were some photos that fit into a similar genre with pictures that I new were old, so for those I clicked old. However, for the ones that seemed completely new to me, I clicked new.",NA,NA,"I don't think the bonus had an influence on my decision-making because i would've just based everything on my memory like I just did now."
"FPF03","MHKL","No, the feedback did not influence my answers at all","Yes, sometimes","No",NA,"I believe that all of the feedback I received throughout this study were accurate (true to my expectations).",NA,"I'm pretty sure that all of the feedback I received were correct.,I'm not sure whether the feedback I received were correct.",NA,NA,NA,NA,NA,NA,NA,NA,"i think its about memory, but also if having feedback whether it be false or accurate influences our thoughts and decisions",NA,NA,NA,"Yes (please elaborate)","I felt that I had seen a lot more old/new than the ratio led me on to believe.","I tried to focus on something that stood out to me in a picture and try to connect it to something in my everyday life, but either way the amount of pictures being presented would make me forget","i didn't use a strategy but i feel like my fingers would be faster than my mind and would click 'new' before i fully registered that i in fact recognized the image","No, my confidence decisions were only based on my first impression (""hunch"") or intuition about the images",NA,"I tend to choose NEW whenever I'm unsure",NA,NA,NA,"i dont think the money made any difference in my performance"
"FPF03","MHVX","No, the feedback did not influence my answers at all","Yes, sometimes","No",NA,"I believe that all of the feedback I received throughout this study were accurate (true to my expectations).",NA,"I'm not sure whether the feedback I received were correct.",NA,NA,NA,NA,NA,NA,NA,NA,"Test the mind and how much information is out in the brain and see if the person can recall and remember certain things.",NA,NA,NA,"I'm not sure",NA,"Some images did stand out so I was able to memorize those and I also put certain images in certain categories such as water, land, houses, etc.","It was easy and faster to do if I focused on specific items in images.","No, my confidence decisions were only based on my first impression (""hunch"") or intuition about the images",NA,"I tend to choose OLD whenever I'm unsure",NA,NA,NA,"The money did influence me to memorize as much as I could and I think I did better than expected."
"FPF03","MXGP","No, the feedback did not influence my answers at all","Yes, all the time","I'm not sure",NA,"I believe that all of the feedback I received throughout this study were accurate (true to my expectations).",NA,"I'm pretty sure that all of the feedback I received were correct.",NA,NA,NA,NA,NA,NA,NA,NA,"How well college students memories are.",NA,NA,NA,"I'm not sure",NA,"I tried to think of things that reminded me of the picture.","no","No, my confidence decisions were only based on my first impression (""hunch"") or intuition about the images",NA,"I tend to choose OLD whenever I'm unsure",NA,NA,NA,"No, I feel like i would hv stayed true to my answers with or without the bonus money."
"FPF03","NDRL","Yes, sometimes","No, the percentages did not influence my answers at all","I'm not sure",NA,"I believe that some of the feedback I received were inaccurate or misleading.",NA,"The feedback was occasionally inaccurate when I correctly responded ""old"". Meaning - there were trials where I responded ""old"" and was pretty sure that my response was correct, but the feedback occasionally said that my response was incorrect.,The feedback was occasionally inaccurate when I correctly responded ""new"". I responded ""new"" and was pretty sure that my response was correct, but the feedback occasionally said that my response was incorrect.",NA,NA,NA,NA,NA,NA,NA,NA,"I feel like this study is about the memory recognition of similar photos.",NA,NA,NA,"I did not pay attention to the % cues",NA,"I payed attention to anything that caught my eye. For example, if something was bright red, I made sure to focus on that.",NA,"No, my confidence decisions were only based on my first impression (""hunch"") or intuition about the images",NA,"I tend to choose NEW whenever I'm unsure",NA,NA,NA,"The bonus didn't have any influence on my decision making."
"FPF03","NPKB","Yes, sometimes","Yes, sometimes","No",NA,"I believe that all of the feedback I received throughout this study were accurate (true to my expectations).",NA,"The feedback was occasionally inaccurate when I incorrectly responded ""old"". I responded ""old"" and was pretty sure that my response was NOT correct, but the feedback occasionally said that my response was correct.,The feedback was occasionally inaccurate when I incorrectly responded ""new"". I responded ""new"" and was pretty sure that my response was NOT correct, but the feedback occasionally said that my response was correct.,I'm pretty sure that all of the feedback I received were correct.",NA,NA,NA,NA,NA,NA,NA,NA,"I would guess it's about monitoring how one performs based on receiving (or not receiving) a reward for better/worse performance.",NA,NA,NA,"I'm not sure",NA,"I was able to memorize the images with distinctive colors or patterns a lot more than those that were similar to other images. For instance, I would remember a red couch a lot easier/better than a image of the ocean.","n/a","No, my confidence decisions were only based on my first impression (""hunch"") or intuition about the images",NA,"I tend to choose OLD whenever I'm unsure",NA,NA,NA,"I think the reward did motivate better performance, as I was attempting to correctly remember as many images as possible, for a better chance of a reward."
"FPF03","NSVX","Yes, throughout the entire study","Yes, sometimes","No",NA,"I believe that all of the feedback I received throughout this study were accurate (true to my expectations).",NA,"I'm pretty sure that all of the feedback I received were correct.",NA,NA,NA,NA,NA,NA,NA,NA,"How hints and rewards can skew a person's memory recall",NA,NA,NA,"No",NA,"Associating the pictures with a memory or word that relates to what was in the picture.","If i saw a similar color that was rare in the study phase or structure, I knew it was probably old.","No, my confidence decisions were only based on my first impression (""hunch"") or intuition about the images",NA,"I tend to alternate my OLD or NEW tendencies from one memory test to another, based on what I suspect the test is telling me to choose (please elaborate)",NA,"With the ratio hint stages I'd just follow the higher probability one if it were random. For the first session where I got feedback on my answers, which I suspected was faulty, I'd usually go with whatever had generated my last (possibly) faulty ""correct"" answer.",NA,"No I don't think the bonus influenced me, I just wanted to test my own memory"
"FPF03","NVPY","Yes, throughout the entire study","Yes, sometimes","I'm not sure",NA,"I believe that some of the feedback I received were inaccurate or misleading.",NA,"The feedback was occasionally inaccurate when I correctly responded ""old"". Meaning - there were trials where I responded ""old"" and was pretty sure that my response was correct, but the feedback occasionally said that my response was incorrect.,The feedback was occasionally inaccurate when I correctly responded ""new"". I responded ""new"" and was pretty sure that my response was correct, but the feedback occasionally said that my response was incorrect.",NA,NA,NA,NA,NA,NA,NA,NA,"pattern recognition",NA,NA,NA,"Yes (please elaborate)","I felt that I had seen a lot more old/new than the ratio led me on to believe.",NA,NA,"No, my confidence decisions were only based on my first impression (""hunch"") or intuition about the images",NA,"I try to alternate between whether I choose OLD or NEW when I'm unsure (please elaborate)",NA,NA,NA,"yes, I was more motivated"
"FPF03","NVQM","Yes, sometimes","No, the percentages did not influence my answers at all","I'm not sure",NA,"I believe that all of the feedback I received throughout this study were accurate (true to my expectations).",NA,"I'm pretty sure that all of the feedback I received were correct.",NA,NA,NA,NA,NA,NA,NA,NA,NA,NA,NA,NA,"I did not pay attention to the % cues",NA,"When I saw the image I thought a word in my head that would help me memorize the image off of first impression. I also remembered an overall color tone for the images.","Don't think so.","No, my confidence decisions were only based on my first impression (""hunch"") or intuition about the images",NA,"I try to alternate between whether I choose OLD or NEW when I'm unsure (please elaborate)","I tried to make my best judgment of whether the pictures were old or new.",NA,NA,"I used the money system to sort of compete and see how much I could earn."
"FPF03","NXZB","Yes, throughout the entire study","Yes, sometimes","No",NA,"I believe that all of the feedback I received throughout this study were accurate (true to my expectations).",NA,"I'm not sure whether the feedback I received were correct.",NA,NA,NA,NA,NA,NA,NA,NA,"sensory memory",NA,NA,NA,"I'm not sure",NA,NA,NA,"No, my confidence decisions were only based on my first impression (""hunch"") or intuition about the images",NA,"I try to alternate between whether I choose OLD or NEW when I'm unsure (please elaborate)","I follow my gut",NA,NA,"I think the bonus will not influence my decision making"
"FPF03","NYXL","Yes, throughout the entire study","Yes, all the time","No",NA,"I believe that all of the feedback I received throughout this study were accurate (true to my expectations).",NA,"I'm pretty sure that all of the feedback I received were correct.",NA,NA,NA,NA,NA,NA,NA,NA,"Maybe trying to how people can memorize a lot of things in a short amount of time.",NA,NA,NA,"I'm not sure",NA,"Instead of just looking at them, I said what they were in my head to hopefully remember them better.","no","No, my confidence decisions were only based on my first impression (""hunch"") or intuition about the images",NA,"I tend to choose NEW whenever I'm unsure",NA,NA,NA,"The bonus probably did influence me a little, but not entirely."
"FPF03","PHYS","Yes, sometimes","Yes, sometimes","No",NA,"I believe that all of the feedback I received throughout this study were accurate (true to my expectations).",NA,"I'm pretty sure that all of the feedback I received were correct.",NA,NA,NA,NA,NA,NA,NA,NA,"I think it's about testing if people will confuse images of similar things with each other.",NA,NA,NA,"Yes (please elaborate)","I might be crazy but I thought the words NEW/OLD switched halfway through","I tried to associate each image with a word","I tried to associate each image with a word and if I remembered the word I knew I'd seen it before.","Yes, I incorporated additional information or thought processes into my confidence decisions (please elaborate)",NA,"I try to alternate between whether I choose OLD or NEW when I'm unsure (please elaborate)","I tried to pick ones accurate to the percentage told to me so that I would get the most correct.",NA,NA,"I am competitive and want to make more money from this than my friend so I do think the money motivated me, although more so because it represents how well I did and not because of what I can actually buy with it."
"FPF03","PNCX","Yes, throughout the entire study","No, the percentages did not influence my answers at all","Yes (please elaborate)","sometimes the correct answers seem to appear in a row","I believe that all of the feedback I received throughout this study were accurate (true to my expectations).",NA,"I'm pretty sure that all of the feedback I received were correct.",NA,NA,NA,NA,NA,NA,NA,NA,"I believe this study is trying to see how well one can distinguish images from their memory with new ones as a lot of the images in this study were very similar to the ones we were supposed to memorize, which I believe was done purposefully to see if we could tell the difference between the ""look a-likes"" and the ones we actually memorized",NA,NA,NA,"I did not pay attention to the % cues",NA,"I would try and memorize key details such as bright colors or landmarks in each study image rather than the whole thing","Not too much, I would typically take a quick glance for any significant landmarks on the image I might have memorized earlier and if it seemed to fit my memory of certain images then I would choose my answer","No, my confidence decisions were only based on my first impression (""hunch"") or intuition about the images",NA,"I tend to choose NEW whenever I'm unsure",NA,NA,NA,"Yes, I believe that the incentive to potentially earn money in this study prompted me to want to perform better as I new my reward was proportional to my performance"
"FPF03","PYTC","No, the feedback did not influence my answers at all","Yes, sometimes","I'm not sure",NA,"I believe that some of the feedback I received were inaccurate or misleading.",NA,"The feedback was occasionally inaccurate when I correctly responded ""new"". I responded ""new"" and was pretty sure that my response was correct, but the feedback occasionally said that my response was incorrect.",NA,NA,NA,NA,NA,NA,NA,NA,"To investigate the relationship between different kinds of cues appeared when the participant tried to recall and the memory.",NA,NA,NA,"I did not pay attention to the % cues",NA,"To remember the dominant object or color.","To identify the dominant object or color and check whether they're familiar or not.","No, my confidence decisions were only based on my first impression (""hunch"") or intuition about the images",NA,"I tend to choose NEW whenever I'm unsure",NA,NA,NA,"This did motivate me a little bit. I think as long as the amount of money is on the same level as now, the motivating function will be just the same as telling me my score, so that I could compete with other participants."
"FPF03","PZWH","No, the feedback did not influence my answers at all","No, the percentages did not influence my answers at all","No",NA,"I don't know / did not pay attention to whether the feedback were accurate or inaccurate.",NA,"I'm pretty sure that all of the feedback I received were correct.",NA,NA,NA,NA,NA,NA,NA,NA,"motivation from the payment mentioned",NA,NA,NA,"No",NA,"self reference",NA,"No, my confidence decisions were only based on my first impression (""hunch"") or intuition about the images",NA,"I tend to choose OLD whenever I'm unsure",NA,NA,NA,"yes it motivated me"
"FPF03","QDCW","Yes, throughout the entire study","Yes, all the time","I'm not sure",NA,"I believe that some of the feedback I received were inaccurate or misleading.",NA,"The feedback was occasionally inaccurate when I correctly responded ""old"". Meaning - there were trials where I responded ""old"" and was pretty sure that my response was correct, but the feedback occasionally said that my response was incorrect.,The feedback was occasionally inaccurate when I correctly responded ""new"". I responded ""new"" and was pretty sure that my response was correct, but the feedback occasionally said that my response was incorrect.,The feedback was occasionally inaccurate when I incorrectly responded ""new"". I responded ""new"" and was pretty sure that my response was NOT correct, but the feedback occasionally said that my response was correct.",NA,NA,NA,NA,NA,NA,NA,NA,"A persons ability to recognize patterns.",NA,NA,NA,"I'm not sure",NA,"In the second part of the study, there would be 3 correct answers in a row, and the rest were usually wrong.","I tried to remember bright colors.","No, my confidence decisions were only based on my first impression (""hunch"") or intuition about the images",NA,"I tend to choose NEW whenever I'm unsure",NA,NA,NA,"Yes, it made me want to perform the best I could."
"FPF03","QDCZ","Yes, sometimes","Yes, sometimes","I'm not sure",NA,"I believe that all of the feedback I received throughout this study were accurate (true to my expectations).",NA,"I'm pretty sure that all of the feedback I received were correct.",NA,NA,NA,NA,NA,NA,NA,NA,"What type of images we can recall better.",NA,NA,NA,"I'm not sure",NA,"I tried to remember anything that stood out. For example, I saw chinese letters on one of the buildings so I kept that in my head as I saw the images.","no","No, my confidence decisions were only based on my first impression (""hunch"") or intuition about the images",NA,"I tend to choose NEW whenever I'm unsure",NA,NA,NA,"I think it sort of did impact my decisions, when I started to get more ""wrongs"" I became more annoyed."
"FPF03","QHVN","Yes, throughout the entire study","Yes, all the time","I'm not sure",NA,"I believe that all of the feedback I received throughout this study were accurate (true to my expectations).",NA,"I'm not sure whether the feedback I received were correct.",NA,NA,NA,NA,NA,NA,NA,NA,"The impact of authority (like the percentages or feedback telling us if we are right or wrong) in how we base our judgments.",NA,NA,NA,"I'm not sure",NA,"I tried to associate each image with a single word to remember it.","If it was nature related I was more inclined to pick old. If it was brightly colored and more modern looking I felt it was more likely to be new.","No, my confidence decisions were only based on my first impression (""hunch"") or intuition about the images",NA,"I tend to choose NEW whenever I'm unsure",NA,NA,NA,"Yes, I tried to be more accurate in my efforts because of the reward."
"FPF03","QKGD","Yes, throughout the entire study","Yes, sometimes","Yes (please elaborate)","There were times I did recognize an image it showed me, and it would tell me I was wrong. Even though I remember for sure I saw the image.","I believe that some of the feedback I received were inaccurate or misleading.",NA,"The feedback was occasionally inaccurate when I incorrectly responded ""old"". I responded ""old"" and was pretty sure that my response was NOT correct, but the feedback occasionally said that my response was correct.,The feedback was occasionally inaccurate when I incorrectly responded ""new"". I responded ""new"" and was pretty sure that my response was NOT correct, but the feedback occasionally said that my response was correct.",NA,NA,NA,NA,NA,NA,NA,NA,"To see how our memory has its faults. It is easy for one's memories to be tampered with after we see something, and seeing or hearing similar events that have been twisted from the original event can greatly affect our memory. I could see this being used in court during trials as a way to prove that multiple witnesses are necessary to test if one's memory is right or not.",NA,NA,NA,"I'm not sure",NA,"Just as I would for a test, I related a lot of the images with things in my life that I remembered or enjoyed. Or I would give the images labels such as ""that's cute"" or ""that's pretty"" or ""that's interesting.""","I had no trick until the part of the study started mentioning ""correct"" or ""wrong."" During this part, I noticed patterns and I would follow them. Of course, I did use my memory to help with this, but the patterns of how many were right and wrong helped guide my decision making.","No, my confidence decisions were only based on my first impression (""hunch"") or intuition about the images",NA,"I try to alternate between whether I choose OLD or NEW when I'm unsure (please elaborate)","I mainly would choose whether I thought it was old or new, it just depended on my hunch.",NA,NA,"Yes. Often times during studies like this, I get bored or tired and rush through the study. I honestly felt that way at first, but later in the study I found the study fun. Kind of like a challenge. So, I would say the money encouraged me to put more effort at first, but after the first couple trials I was more into it and forgot about the money."
"FPF03","QTGM","No, the feedback did not influence my answers at all","Yes, sometimes","No",NA,"I believe that all of the feedback I received throughout this study were accurate (true to my expectations).",NA,"I'm pretty sure that all of the feedback I received were correct.",NA,NA,NA,NA,NA,NA,NA,NA,"Judging the memory of people who only get a quick glance at something before they are taken/ have to leave. They need to remember specific details about a place in order for a mission or objective to be continued or completed.",NA,NA,NA,"I'm not sure",NA,"I thought about the main part of an image, such as a door, chair, tree, or building",NA,"No, my confidence decisions were only based on my first impression (""hunch"") or intuition about the images",NA,"I tend to choose NEW whenever I'm unsure",NA,NA,NA,"No, the bonus did not have an effect on my decision making. I was trying to get the best score I could even before i knew about how much money I got."
"FPF03","QZKF","Yes, throughout the entire study","Yes, all the time","No",NA,"I believe that all of the feedback I received throughout this study were accurate (true to my expectations).",NA,"The feedback was occasionally inaccurate when I correctly responded ""new"". I responded ""new"" and was pretty sure that my response was correct, but the feedback occasionally said that my response was incorrect.",NA,NA,NA,NA,NA,NA,NA,NA,"memory and time of day the participants take this study",NA,NA,NA,"I'm not sure",NA,NA,"i kept my eyes focused in the middle of the screen","No, my confidence decisions were only based on my first impression (""hunch"") or intuition about the images",NA,"I tend to choose NEW whenever I'm unsure",NA,NA,NA,"i don't think the bonus had any influence in my decision making, but i was still trying to respond correctly"
"FPF03","RBWH","Yes, sometimes","Yes, sometimes","Yes (please elaborate)","sometimes the correct answers seem to appear in a row","I believe that some of the feedback I received were inaccurate or misleading.",NA,"The feedback was occasionally inaccurate when I correctly responded ""old"". Meaning - there were trials where I responded ""old"" and was pretty sure that my response was correct, but the feedback occasionally said that my response was incorrect.,The feedback was occasionally inaccurate when I correctly responded ""new"". I responded ""new"" and was pretty sure that my response was correct, but the feedback occasionally said that my response was incorrect.,The feedback was occasionally inaccurate when I incorrectly responded ""old"". I responded ""old"" and was pretty sure that my response was NOT correct, but the feedback occasionally said that my response was correct.,The feedback was occasionally inaccurate when I incorrectly responded ""new"". I responded ""new"" and was pretty sure that my response was NOT correct, but the feedback occasionally said that my response was correct.",NA,NA,NA,NA,NA,NA,NA,NA,"Short-term memory",NA,NA,NA,"Yes (please elaborate)","I had a feeling that the percentages may have been slightly off but I chose to believe them anyways.","I made comments on the pictures that stood out to me to help me remember them.","I stopped being indecisive and picked my choice without really thinking about it.","No, my confidence decisions were only based on my first impression (""hunch"") or intuition about the images",NA,"I tend to choose NEW whenever I'm unsure",NA,NA,NA,"I think the bonus made me perform how I would normally. If there was no bonus, I probably would have not made as much effort."
"FPF03","RLBQ","Yes, sometimes","Yes, sometimes","Yes (please elaborate)","I felt I was prompted I had chosen correctly at a far higher rate than I was actually performing","I believe that some of the feedback I received were inaccurate or misleading.",NA,"The feedback was occasionally inaccurate when I incorrectly responded ""new"". I responded ""new"" and was pretty sure that my response was NOT correct, but the feedback occasionally said that my response was correct.",NA,NA,NA,NA,NA,NA,NA,NA,"I think the study might compare how did giving ""correct"" and ""incorrect"" feedback influence the participant's answer.",NA,NA,NA,"I'm not sure",NA,NA,NA,"No, my confidence decisions were only based on my first impression (""hunch"") or intuition about the images",NA,"I tend to choose NEW whenever I'm unsure",NA,NA,NA,"I think that will demotivates me because I will think about losing bonus when answering the questions."
"FPF03","RTDV","No, the feedback did not influence my answers at all","Yes, all the time","No",NA,"I believe that all of the feedback I received throughout this study were accurate (true to my expectations).",NA,"I'm not sure whether the feedback I received were correct.",NA,NA,NA,NA,NA,NA,NA,NA,"I think the study is about how feedback affects confidence level. Or information given affects confidence level.",NA,NA,NA,"Yes (please elaborate)","I felt that I had seen a lot more old/new than the ratio led me on to believe.","I started to look for color patterns such as vibrant colors or the way the colors were arranged",NA,"Yes, I incorporated additional information or thought processes into my confidence decisions (please elaborate)","If the image was more general, I was less confident.","I tend to choose NEW whenever I'm unsure",NA,NA,NA,NA
"FPF03","RYHQ","Yes, sometimes","No, the percentages did not influence my answers at all","Yes (please elaborate)","I thought that there were some that looked familiar and I didn't get it right but I didn't question it nearly as much as the percentage","I believe that some of the feedback I received were inaccurate or misleading.",NA,"The feedback was occasionally inaccurate when I correctly responded ""old"". Meaning - there were trials where I responded ""old"" and was pretty sure that my response was correct, but the feedback occasionally said that my response was incorrect.,The feedback was occasionally inaccurate when I correctly responded ""new"". I responded ""new"" and was pretty sure that my response was correct, but the feedback occasionally said that my response was incorrect.,I'm not sure whether the feedback I received were correct.",NA,NA,NA,NA,NA,NA,NA,NA,"How authoritative statements and feedback can affect memory (maybe also looking at continuous feedback vs stagnant)",NA,NA,NA,"Yes (please elaborate)","it was wrong","sometimes I'd look for certain patterns (ex. if the branches made an L shape or the orientation of certain items/colors)","No","Yes, I incorporated additional information or thought processes into my confidence decisions (please elaborate)","Sometimes I had additional thought processes for pictures that stood out but it was mostly based on a hunch","I try to alternate between whether I choose OLD or NEW when I'm unsure (please elaborate)","I'd just go for the low confidence options. Sometimes I pressed too fast and realized I was wrong",NA,NA,"No"
"FPF03","RZLY","Yes, throughout the entire study","Yes, sometimes","I'm not sure",NA,"I don't know / did not pay attention to whether the feedback were accurate or inaccurate.",NA,"The feedback was occasionally inaccurate when I correctly responded ""old"". Meaning - there were trials where I responded ""old"" and was pretty sure that my response was correct, but the feedback occasionally said that my response was incorrect.,I'm not sure whether the feedback I received were correct.",NA,NA,NA,NA,NA,NA,NA,NA,"I think the study is about how people make decisions based on their familiarirty with an environment that is new",NA,NA,NA,"Yes (please elaborate)","I felt that I had seen a lot more old/new than the ratio led me on to believe.","I looked at the pictures and tried to describe them in one word, like ""garden"" and I also payed attention to bold colors and images I thought were pretty, like the sunsets and waves","I asked myself for each picture ""have I been here before?""","Yes, I incorporated additional information or thought processes into my confidence decisions (please elaborate)","If it took me longer than a few seconds, I said i was low in confidence","I try to alternate between whether I choose OLD or NEW when I'm unsure (please elaborate)",NA,NA,NA,"Yes, I think i tried extra hard remembering the images when they were presented"
"FPF03","SDXY","Yes, throughout the entire study","Yes, sometimes","No",NA,"I believe that some of the feedback I received were inaccurate or misleading.",NA,"The feedback was occasionally inaccurate when I correctly responded ""new"". I responded ""new"" and was pretty sure that my response was correct, but the feedback occasionally said that my response was incorrect.",NA,NA,NA,NA,NA,NA,NA,NA,"Figuring out methods that are more efficient for learning.",NA,NA,NA,"Yes (please elaborate)","I had a feeling that the percentages may have been slightly off but I chose to believe them anyways.",NA,NA,"No, my confidence decisions were only based on my first impression (""hunch"") or intuition about the images",NA,"I tend to choose NEW whenever I'm unsure",NA,NA,NA,"I didn't even know I was getting paid until I got here, so I think I went into this study thinking that I should just do my best."
"FPF03","SGXY","Yes, throughout the entire study","Yes, all the time","I'm not sure",NA,"I believe that some of the feedback I received were inaccurate or misleading.",NA,"The feedback was occasionally inaccurate when I correctly responded ""old"". Meaning - there were trials where I responded ""old"" and was pretty sure that my response was correct, but the feedback occasionally said that my response was incorrect.,The feedback was occasionally inaccurate when I correctly responded ""new"". I responded ""new"" and was pretty sure that my response was correct, but the feedback occasionally said that my response was incorrect.,The feedback was occasionally inaccurate when I incorrectly responded ""old"". I responded ""old"" and was pretty sure that my response was NOT correct, but the feedback occasionally said that my response was correct.,The feedback was occasionally inaccurate when I incorrectly responded ""new"". I responded ""new"" and was pretty sure that my response was NOT correct, but the feedback occasionally said that my response was correct.",NA,NA,NA,NA,NA,NA,NA,NA,"Knowing how information given to a user can influence their memory. ie telling them they got it correct or giving them a percent about what the answer likely is will influence their answers.",NA,NA,NA,"No",NA,"In my head, I said the first word that popped into my head when I saw an image.",NA,"No, my confidence decisions were only based on my first impression (""hunch"") or intuition about the images",NA,"Other (please explain)",NA,NA,"I would use my gut reaction to see if an image felt familiar or not","I think the reward structure is a good incentive. I think I tried a little bit harder knowing I would get paid. I would have tried regardless, but I think I payed extra attention knowing there was a reward."
"FPF03","SKGV","Yes, throughout the entire study","Yes, sometimes","No",NA,"I believe that all of the feedback I received throughout this study were accurate (true to my expectations).",NA,"I'm pretty sure that all of the feedback I received were correct.",NA,NA,NA,NA,NA,NA,NA,NA,"I think it was about photographic memory and/or how images are processed through the brain",NA,NA,NA,"Yes (please elaborate)","I felt there was a lot more new rather than old and it made me second guess myself at times because it didn't seem like 75% were old","I would try to pick out one thing from the pictures and remember that. I would pick out like a person, the way a mountain curved, or even relate it to a memory I had from when I was little.","No, just tried to pick out little things from the pictures, usually looked fro bright colors","Yes, I incorporated additional information or thought processes into my confidence decisions (please elaborate)","If I remembered my little tricks I would put high confidence. Like for one I saw a purple pillow on a chair with what I think was a little bow in the bottom right corner of the picture and for things like that I would put high confidence, but then for others I knew I hadn't seen that photo depending on what the photo was.","I try to alternate between whether I choose OLD or NEW when I'm unsure (please elaborate)","I had trouble with the mountains and some of the buildings because they all looks very similar, especially the castles type ones",NA,NA,"No, I don't feel like it affected me because, I wanted to do well even before I knew of the reward. I have always loved memory games so this was fun for me."
"FPF03","SLPW","Yes, sometimes","Yes, sometimes","Yes (please elaborate)","I feel like the correct/wrong ratio tended to lean more towards one side throughout the test.","I believe that some of the feedback I received were inaccurate or misleading.",NA,"The feedback was occasionally inaccurate when I correctly responded ""new"". I responded ""new"" and was pretty sure that my response was correct, but the feedback occasionally said that my response was incorrect.",NA,NA,NA,NA,NA,NA,NA,NA,"How fatigue plays a role on your memory levels. Also how words or phrases given affect your reasoning judgement.",NA,NA,NA,"Yes (please elaborate)","I felt that I had seen a lot more old/new than the ratio led me on to believe.","I did not","I just tried to remeber if i saw a distinct object in the picture shown from the study phase and made a decision from there.","No, my confidence decisions were only based on my first impression (""hunch"") or intuition about the images",NA,"I tend to choose NEW whenever I'm unsure",NA,NA,NA,"The money had no affect on my decision making"
"FPF03","SVNC","Yes, throughout the entire study","Yes, sometimes","Yes (please elaborate)","I thought that there were some that looked familiar but I would get it wrong and it confused me a bit","I believe that some of the feedback I received were inaccurate or misleading.",NA,"The feedback was occasionally inaccurate when I correctly responded ""old"". Meaning - there were trials where I responded ""old"" and was pretty sure that my response was correct, but the feedback occasionally said that my response was incorrect.,I'm not sure whether the feedback I received were correct.",NA,NA,NA,NA,NA,NA,NA,NA,"what motivates someones to make desicions",NA,NA,NA,"Yes (please elaborate)","I had a feeling that the percentages may have been slightly off but I chose to believe them anyways.","restating in my head the main thing in the picture (e.g. if the picture was mainly of a waterfall i would repeat ""waterfall"" in my head)","i assumed that most nature photos had been seen before as they all blended together in my head","No, my confidence decisions were only based on my first impression (""hunch"") or intuition about the images",NA,"I try to alternate between whether I choose OLD or NEW when I'm unsure (please elaborate)","There were some photos that fit into a similar genre with pictures that I new were old, so for those I clicked old. However, for the ones that seemed completely new to me, I clicked new.",NA,NA,"i think it motivated me to pay better attention to the photos but i believe i would have performed the same on the tests"
"FPF03","SVNG","Yes, throughout the entire study","No, the percentages did not influence my answers at all","No",NA,"I believe that all of the feedback I received throughout this study were accurate (true to my expectations).",NA,"The feedback was occasionally inaccurate when I correctly responded ""new"". I responded ""new"" and was pretty sure that my response was correct, but the feedback occasionally said that my response was incorrect.",NA,NA,NA,NA,NA,NA,NA,NA,"MEMORY",NA,NA,NA,"No",NA,"NO","NO","No, my confidence decisions were only based on my first impression (""hunch"") or intuition about the images",NA,"I tend to choose NEW whenever I'm unsure",NA,NA,NA,"THE BI=OMUS DID NOT HAVE ANYTHING TO DO WITH IT"
"FPF03","SVZQ","Yes, sometimes","Yes, sometimes","I did not pay attention to the feedback",NA,"I believe that some of the feedback I received were inaccurate or misleading.",NA,"The feedback was occasionally inaccurate when I correctly responded ""new"". I responded ""new"" and was pretty sure that my response was correct, but the feedback occasionally said that my response was incorrect.",NA,NA,NA,NA,NA,NA,NA,NA,"This study is about how data influences our answers and how patterns affect our decision making.",NA,NA,NA,"I'm not sure",NA,"I would quickly associate those images to something that I experience in my reality. Some were easier to remember because of some of the odd color choices.",NA,"No, my confidence decisions were only based on my first impression (""hunch"") or intuition about the images",NA,"I tend to choose NEW whenever I'm unsure",NA,NA,NA,"The bonus had an influence on me because I thought it would be funny to tell my friends that I earned money for a memory task."
"FPF03","SWKN","Yes, sometimes","Yes, sometimes","I'm not sure",NA,"None of the above (please explain)","Considering the feedback, I assumed it was correct but there were instances were I second-guessed the feedback. Given that the study went by so quick I didn't have much time to think about my previous repsonse and the feedback associated.","I'm not sure whether the feedback I received were correct.",NA,NA,NA,NA,NA,NA,NA,NA,"I think this study is about generic images and how well one can tie associations to the images.",NA,NA,NA,"I did not pay attention to the % cues",NA,"During the study phases I relied on my past experiences and feelings. For generic images I just briefly processed them and just associated them with the color that initially came to mind. For most of the images I focused on what my eyes drew me to, for many it was color contrasts and/or distinguishable curves or designs.","I used this trick to make my memory judgements faster by judging the images again and remembering if that was a judgement made before.","Yes, I incorporated additional information or thought processes into my confidence decisions (please elaborate)","If the image was more generic, I tended to be less confident as I didnt have a concrete inital judgement or association to the image. If I associated the image with a strong feeling of a distinguishable characteristic I was able to have a more confident judgement.","I try to alternate between whether I choose OLD or NEW when I'm unsure (please elaborate)","For my testing period, the accuracy did affect whether I chose OLD or NEW when I was unsure. If I was getting NEW images wrong I was underestimating my knowledge of the OLD images and began choosing OLD if I could not recall. Vice versa if I was choosing OLD but was getting them wrong I would choose NEW if I was unsure. While I was judging accurately I had more confidence in myself.",NA,NA,"I felt I did try to be more accurate with my responses given this incentive."
"FPF03","THKY","Yes, sometimes","Yes, sometimes","I'm not sure",NA,"I believe that some of the feedback I received were inaccurate or misleading.",NA,"I'm pretty sure that all of the feedback I received were correct.",NA,NA,NA,NA,NA,NA,NA,NA,"To see if we would associate some old pictures with new pictures because they were similar.",NA,NA,NA,"No",NA,"I would see if the picture looked old or modern.",NA,"No, my confidence decisions were only based on my first impression (""hunch"") or intuition about the images",NA,"I tend to choose NEW whenever I'm unsure",NA,NA,NA,"I don't think the bonus had anything to do with my decision making."
"FPF03","TKQB","Yes, sometimes","Yes, sometimes","No",NA,"I believe that some of the feedback I received were inaccurate or misleading.",NA,"The feedback was occasionally inaccurate when I correctly responded ""old"". Meaning - there were trials where I responded ""old"" and was pretty sure that my response was correct, but the feedback occasionally said that my response was incorrect.",NA,NA,NA,NA,NA,NA,NA,NA,"I believe it's about the connections we make towards things that allow them to stay in our memory.",NA,NA,NA,"No",NA,"I would look at the colors that stood out to me or connected them to thing in my life.","I would look at the colors that stood out to me or connected them to thing in my life.","No, my confidence decisions were only based on my first impression (""hunch"") or intuition about the images",NA,"I tend to choose NEW whenever I'm unsure",NA,NA,NA,"I believe the reward made me more aware when looking at the scenarios; I tried to be as accurate as possible."
"FPF03","TQCL","Yes, sometimes","Yes, sometimes","No",NA,"I believe that some of the feedback I received were inaccurate or misleading.",NA,"The feedback was occasionally inaccurate when I correctly responded ""old"". Meaning - there were trials where I responded ""old"" and was pretty sure that my response was correct, but the feedback occasionally said that my response was incorrect.",NA,NA,NA,NA,NA,NA,NA,NA,"I think this study gages how the photos shown to us impact long term memory.",NA,NA,NA,"I'm not sure",NA,"In my head, I repeated an adjective and label/noun (i.e green park, snowy mountain) for each picture.","When identified each photo, the ones I was very confident on, I used the trick of associating the photo with an adjective/ really brief description like in the study phase.","Yes, I incorporated additional information or thought processes into my confidence decisions (please elaborate)","If the image was more general, I was less confident.","I tend to choose NEW whenever I'm unsure",NA,NA,NA,"I think the bonus did effect how I did this study because it was a motivation factor to pay as close attention as I could to make sure I selected the correct answer."
"FPF03","TXYK","No, the feedback did not influence my answers at all","No, the percentages did not influence my answers at all","Yes (please elaborate)","sometimes the correct answers seem to appear in a row","I believe that some of the feedback I received were inaccurate or misleading.",NA,"I'm not sure whether the feedback I received were correct.",NA,NA,NA,NA,NA,NA,NA,NA,"I think it is about how the hints (telling the participants whether your previous answer was correct/incorrect and telling the participants what percent of the answers are OLD/NEW) shape participants' decision making process.",NA,NA,NA,"Yes (please elaborate)","They did not seem to be accurate to the tests","I tried to memorize the keywords of the images (bed, forest, sky, ocean, kitchen, bathroom, etc...)","I tried to connect the images to those keywords.","No, my confidence decisions were only based on my first impression (""hunch"") or intuition about the images",NA,"I do not recall what my response tendencies were",NA,NA,NA,"I don't think the bonus had any influence on my decision-making."
"FPF03","VFTX","Yes, sometimes","Yes, sometimes","Yes (please elaborate)","I felt I was prompted I had chosen correctly at a far higher rate than I was actually performing","I believe that all of the feedback I received throughout this study were accurate (true to my expectations).",NA,"The feedback was occasionally inaccurate when I correctly responded ""old"". Meaning - there were trials where I responded ""old"" and was pretty sure that my response was correct, but the feedback occasionally said that my response was incorrect.",NA,NA,NA,NA,NA,NA,NA,NA,"Memory performance when there's a reward, or potentially memory performance for different types of images",NA,NA,NA,NA,NA,"I attempted to remember some attributes of the images, but eventually relied on familiarity.","No","No, my confidence decisions were only based on my first impression (""hunch"") or intuition about the images",NA,"I do not recall what my response tendencies were",NA,NA,NA,"I don't think the bonus had an effect on my decision-making."
"FPF03","VFZY","Yes, throughout the entire study","Yes, sometimes","No",NA,"I believe that some of the feedback I received were inaccurate or misleading.",NA,"I'm pretty sure that all of the feedback I received were correct.",NA,NA,NA,NA,NA,NA,NA,NA,"Judgement and memory?",NA,NA,NA,"I did not pay attention to the % cues",NA,"I would associate the first word that came to mind when I initially saw an image so that the next time I saw it I would remember","no","No, my confidence decisions were only based on my first impression (""hunch"") or intuition about the images",NA,"I tend to choose NEW whenever I'm unsure",NA,NA,NA,"It motivated me to be more accurate"
"FPF03","VLDM","Yes, sometimes","Yes, sometimes","I'm not sure",NA,"I believe that all of the feedback I received throughout this study were accurate (true to my expectations).",NA,"I'm not sure whether the feedback I received were correct.",NA,NA,NA,NA,NA,NA,NA,NA,"Image recognition",NA,NA,NA,"I'm not sure",NA,"No","No","No, my confidence decisions were only based on my first impression (""hunch"") or intuition about the images",NA,"I do not recall what my response tendencies were",NA,NA,NA,"No"
"FPF03","VQZX","Yes, sometimes","Yes, all the time","I'm not sure",NA,"I believe that all of the feedback I received throughout this study were accurate (true to my expectations).",NA,"I'm pretty sure that all of the feedback I received were correct.",NA,NA,NA,NA,NA,NA,NA,NA,"not sure !",NA,NA,NA,"I'm not sure",NA,"i would recall the previously shown picture when the new photo appears (continue this as new study images are shown)","during test phases i would pick an item or two in a photo to remember and it would help me go identify if it was old or new faster.","No, my confidence decisions were only based on my first impression (""hunch"") or intuition about the images",NA,"Other (please explain)",NA,NA,"I would try and go off the pattern of old/new. (if i felt it had been a while since an new photo and i wasnt sure, i would choose new.)","I dont think the bonus had any influence on my decision-making."
"FPF03","VXLQ","No, the feedback did not influence my answers at all","No, the percentages did not influence my answers at all","No",NA,"I believe that all of the feedback I received throughout this study were accurate (true to my expectations).",NA,"I'm pretty sure that all of the feedback I received were correct.",NA,NA,NA,NA,NA,NA,NA,NA,"I'm assuming it has to do with understanding techniques for short term memory and the decision making that follows said short-term memory.",NA,NA,NA,"I did not pay attention to the % cues",NA,"One word association","Recollection of my associative memory","Yes, I incorporated additional information or thought processes into my confidence decisions (please elaborate)","If I didn't remember it exactly, then it was low confidence.","I tend to choose NEW whenever I'm unsure",NA,NA,NA,"Yes. It influenced me to try harder because there was something I could gain. Why would I waste my energy trying so hard to gain nothing? At the end of the day, I get my 1 unit of study credit whether I tried hard or not. The monetary incentive motivated me to try."
"FPF03","VXQF","Yes, throughout the entire study","No, the percentages did not influence my answers at all","I'm not sure",NA,"I don't know / did not pay attention to whether the feedback were accurate or inaccurate.",NA,"I'm pretty sure that all of the feedback I received were correct.,I'm not sure whether the feedback I received were correct.",NA,NA,NA,NA,NA,NA,NA,NA,"How much, and how fast we are able to remember. I also think it is about what specific things do we remember more than others.",NA,NA,NA,"I did not pay attention to the % cues",NA,"I tried remembering details that caught my attention so I could remember in the future.","No, I don't think I did.","No, my confidence decisions were only based on my first impression (""hunch"") or intuition about the images",NA,"I tend to choose NEW whenever I'm unsure",NA,NA,NA,"I think the bonus did influence how much I tried to remember."
"FPF03","VZFR","Yes, sometimes","Yes, sometimes","No",NA,"I believe that some of the feedback I received were inaccurate or misleading.",NA,"The feedback was occasionally inaccurate when I incorrectly responded ""old"". I responded ""old"" and was pretty sure that my response was NOT correct, but the feedback occasionally said that my response was correct.,The feedback was occasionally inaccurate when I incorrectly responded ""new"". I responded ""new"" and was pretty sure that my response was NOT correct, but the feedback occasionally said that my response was correct.",NA,NA,NA,NA,NA,NA,NA,NA,"How subliminal cues affect memory recall",NA,NA,NA,"I'm not sure",NA,"I tried to remember the first letter of the word describing the item","I did not","No, my confidence decisions were only based on my first impression (""hunch"") or intuition about the images",NA,"I tend to choose NEW whenever I'm unsure",NA,NA,NA,"The bonus simply made me more inclined to pay attention and strive for the correct answer"
"FPF03","WNHG","Yes, sometimes","No, the percentages did not influence my answers at all","I'm not sure",NA,"I believe that all of the feedback I received throughout this study were accurate (true to my expectations).",NA,"I'm pretty sure that all of the feedback I received were correct.",NA,NA,NA,NA,NA,NA,NA,NA,"This is certainly a memory test. However, the hints and feedbacks to tend to affect one's judgements; especially when these are concise and short, people a lot of the time tend to over think. However, I do feel that a ""correct"" or ""wrong"" statement is often more influential than a non-interactive hint, so how we respond to these feedbacks might be also taken into account.",NA,NA,NA,"Yes (please elaborate)","I had a feeling that the percentages may have been slightly off, and I chose to believe in my own memory rather than the hint, because it was clearly inaccurate from the start when my memory was more fresh.","1-2 word to try to help describe what was going on. In the first run I pretty much did not remember any waterfall images, so I paid a little more attention in the second round. Also, there were some (in my opinion) cool images versus some that are more bland, so I usually leave my brain to deal with the ""wow"" pictures and spend more effort trying to remember the bland ones. There was also 1 image that was different in size, and only 1 image that contained an animate being. I found those the most iconic to remember (Could be misleading though if you manipulate these factors).","Pretty much based on memory. If I feel a resonance of ""wow"" factor mentioned above, I would likely choose Old; or if I got an image that was ""wow"" but I've never seen it before (like how the first ""wow"" would be different from the second time you ""wow"" at something), I definitely knew it was new. When I couldn't remember, I try to recall the colors instead of objects. Finally, my last resort would be a 50:50.","Yes, I incorporated additional information or thought processes into my confidence decisions (please elaborate)","I mis-clicked some ""high confidence old"" that I knew was high confidence new, but apart from that most of my ""high confident olds"" are what I knew exactly if I had seen the image before, whereas the ""less confident old"" are the ones that I deduced based on reasoning. Most of my ""new""s come with low confidence, unless I knew it was far off.","I try to alternate between whether I choose OLD or NEW when I'm unsure (please elaborate)","When I couldn't remember, I try to recall the colors instead of objects. Finally, my last resort would be a 50:50.",NA,NA,"I genuinely treated this test as an actual test to my memory, so I hoped the comments were accurate otherwise I have just messed my mind up. Also, I do genuinely believe that if I try my best, I won't receive anything less than a $4 (my confidence of my memory). Hence, the money didn't really matter to me, more my self-esteem."
"FPF03","WQBF","Yes, sometimes","Yes, sometimes","I'm not sure",NA,"I believe that some of the feedback I received were inaccurate or misleading.",NA,"The feedback was occasionally inaccurate when I correctly responded ""new"". I responded ""new"" and was pretty sure that my response was correct, but the feedback occasionally said that my response was incorrect.,I'm not sure whether the feedback I received were correct.",NA,NA,NA,NA,NA,NA,NA,NA,"To measure if people tend to remeber more of nature pictures, house pictures, or instruction and so on. Also, if a picture has a certain color, would they tend to choose more of an old or new.",NA,NA,NA,"Yes (please elaborate)","The color red","I would talk with myself like I went on train to a house then castle and went back to an old house and so on... Then I lost track of the story","No","Yes, I incorporated additional information or thought processes into my confidence decisions (please elaborate)","I choosw most of them low confident even thogugh some of them I was sure that I saw them.","I tend to choose NEW whenever I'm unsure",NA,NA,NA,"No."
"FPF03","WVDQ","Yes, sometimes","Yes, sometimes","No",NA,"I believe that all of the feedback I received throughout this study were accurate (true to my expectations).",NA,"I'm pretty sure that all of the feedback I received were correct.",NA,NA,NA,NA,NA,NA,NA,NA,"Performance based on the type of feedback correct/incorrect or 75%",NA,NA,NA,"Yes (please elaborate)","I felt that I had seen a lot more old/new than the ratio led me on to believe.","Tried to remember some of the more vivid colors or find patterns in the pictures.",NA,"No, my confidence decisions were only based on my first impression (""hunch"") or intuition about the images",NA,"I tend to choose NEW whenever I'm unsure",NA,NA,NA,"Yes I tried to perform better"
"FPF03","XBQK","No, the feedback did not influence my answers at all","Yes, sometimes","No",NA,"I believe that some of the feedback I received were inaccurate or misleading.",NA,"The feedback was occasionally inaccurate when I correctly responded ""new"". I responded ""new"" and was pretty sure that my response was correct, but the feedback occasionally said that my response was incorrect.",NA,NA,NA,NA,NA,NA,NA,NA,"I think it might have to do with outside motivation on memory and the effects of confirmation",NA,NA,NA,"Yes (please elaborate)","They did not seem to be accurate to the tests","associating a word or phrase with each image","trying to pick out the first thing that I noticed from each, and checking to see if I had stored a word for it from the study phase","No, my confidence decisions were only based on my first impression (""hunch"") or intuition about the images",NA,"Other (please explain)",NA,NA,"I would use my gut reaction to see if an image felt familiar or not","I think I payed more attention to my gut reaction instead of just choosing at random when I felt torn between old or new"
"FPF03","XLVP","No, the feedback did not influence my answers at all","Yes, sometimes","No",NA,"I believe that some of the feedback I received were inaccurate or misleading.",NA,"I'm not sure whether the feedback I received were correct.",NA,NA,NA,NA,NA,NA,NA,NA,"how memory hold under the influence of reward and cues",NA,NA,NA,"Yes (please elaborate)","I felt that I had seen a lot more old/new than the ratio led me on to believe.","I tried to pair an adjective to the biggest subject in the image in order to memorize that scene in my head.","I tried to use a feeling of intuition mixed with the strategy used during the study phases","No, my confidence decisions were only based on my first impression (""hunch"") or intuition about the images",NA,"I try to alternate between whether I choose OLD or NEW when I'm unsure (please elaborate)","There were some photos that fit into a similar genre with pictures that I new were old, so for those I clicked old. However, for the ones that seemed completely new to me, I clicked new.",NA,NA,"I did try harder to be correct since I knew I was being rewarded on accuracy"
"FPF03","XVGB","Yes, sometimes","No, the percentages did not influence my answers at all","I'm not sure",NA,"I believe that some of the feedback I received were inaccurate or misleading.",NA,"The feedback was occasionally inaccurate when I incorrectly responded ""old"". I responded ""old"" and was pretty sure that my response was NOT correct, but the feedback occasionally said that my response was correct.,The feedback was occasionally inaccurate when I incorrectly responded ""new"". I responded ""new"" and was pretty sure that my response was NOT correct, but the feedback occasionally said that my response was correct.",NA,NA,NA,NA,NA,NA,NA,NA,"Maybe about how your confidence about your decision making is affected by whether your decisons are affirmed or not?",NA,NA,NA,"I did not pay attention to the % cues",NA,"I would mentally say a one- or two-word phrase that highlighted a main feature of the photo.","Not really","No, my confidence decisions were only based on my first impression (""hunch"") or intuition about the images",NA,"I try to alternate between whether I choose OLD or NEW when I'm unsure (please elaborate)","I eventually started to choose ""old"" when I felt like the image was even barely familiar beacuse during the first part of the memory test, it seemed like my answers were correct even if I didn't think they would be. If I didn't remember it at all, I would choose ""new"".",NA,NA,"I think that the bonus made me more motivated to pay attention and try my best. Probably more so for the second part when I didn't know if I was getting the answers correct or not. In the first part, when I immediately knew if I was right or wrong, I also became motivated due to just wanting to be correct, as if it was a game."
"FPF03","YHSR","Yes, throughout the entire study","Yes, sometimes","Yes (please elaborate)","I feel like the correct/wrong ratio tended to lean more towards one side throughout the test.","I believe that some of the feedback I received were inaccurate or misleading.",NA,"The feedback was occasionally inaccurate when I correctly responded ""old"". Meaning - there were trials where I responded ""old"" and was pretty sure that my response was correct, but the feedback occasionally said that my response was incorrect.,The feedback was occasionally inaccurate when I correctly responded ""new"". I responded ""new"" and was pretty sure that my response was correct, but the feedback occasionally said that my response was incorrect.",NA,NA,NA,NA,NA,NA,NA,NA,"I think this study is about feedback influencing our choices and memory",NA,NA,NA,"No",NA,"Sometimes I would think of things that reminded me of the images","no","No, my confidence decisions were only based on my first impression (""hunch"") or intuition about the images",NA,"I tend to choose OLD whenever I'm unsure",NA,NA,NA,"yes"
"FPF03","YKQN","Yes, sometimes","Yes, sometimes","No",NA,"I don't know / did not pay attention to whether the feedback were accurate or inaccurate.",NA,"I'm not sure whether the feedback I received were correct.",NA,NA,NA,NA,NA,NA,NA,NA,"memory",NA,NA,NA,"I'm not sure",NA,"No","I just tried to go as fast as I could","No, my confidence decisions were only based on my first impression (""hunch"") or intuition about the images",NA,"I tend to choose NEW whenever I'm unsure",NA,NA,NA,"I do not think it had any influence on my decision making"
"FPF03","YTLW","Yes, sometimes","No, the percentages did not influence my answers at all","No",NA,"I believe that some of the feedback I received were inaccurate or misleading.",NA,"The feedback was occasionally inaccurate when I incorrectly responded ""old"". I responded ""old"" and was pretty sure that my response was NOT correct, but the feedback occasionally said that my response was correct.",NA,NA,NA,NA,NA,NA,NA,NA,"Decision making",NA,NA,NA,"I'm not sure",NA,"I tried to pick out a detail in a similar part of each image (top right area) and think a word that described that detail","When I didn't know I would just go with my gut reaction","Yes, I incorporated additional information or thought processes into my confidence decisions (please elaborate)","When I remembered an image, I put high confidence, and if it was just based on my gut reaction, I put low confidence. I rarely put high confidence new.","I tend to choose NEW whenever I'm unsure",NA,NA,NA,"I don't think the bonus affected my decision-making."
"FPF03","YTML","No, the feedback did not influence my answers at all","Yes, sometimes","I'm not sure",NA,"I believe that some of the feedback I received were inaccurate or misleading.",NA,"I'm not sure whether the feedback I received were correct.",NA,NA,NA,NA,NA,NA,NA,NA,"Whether or not telling us the percentage of old vs new/whether or not telling us when we get answers correct vs wrong effects memory performance.",NA,NA,NA,"I'm not sure",NA,"About half way through the second study, I started associating the first word I thought of with the images and that helped me remember them a lot. When the pictures came up again, I would remember the word I associated with the image and could easily remember if it was old or new.","Same as above. The strategy was applicable to both the study and test phase.","Yes, I incorporated additional information or thought processes into my confidence decisions (please elaborate)","If the image was more general, I was less confident.","I tend to choose OLD whenever I'm unsure",NA,NA,NA,"I don't think the reward structure motivated me anymore than I would have been. I was more motivated because I want to have a good memory and I'm highly competitive."
"FPF03","YZKH","No, the feedback did not influence my answers at all","Yes, sometimes","I did not pay attention to the feedback",NA,"I believe that some of the feedback I received were inaccurate or misleading.",NA,"The feedback was occasionally inaccurate when I incorrectly responded ""old"". I responded ""old"" and was pretty sure that my response was NOT correct, but the feedback occasionally said that my response was correct.,The feedback was occasionally inaccurate when I incorrectly responded ""new"". I responded ""new"" and was pretty sure that my response was NOT correct, but the feedback occasionally said that my response was correct.",NA,NA,NA,NA,NA,NA,NA,NA,"How given information effects our decision making.",NA,NA,NA,"I'm not sure",NA,NA,NA,"No, my confidence decisions were only based on my first impression (""hunch"") or intuition about the images",NA,"I tend to choose NEW whenever I'm unsure",NA,NA,NA,"I think the bonus did not really affect my decision making."
"FPF03","ZCNG","No, the feedback did not influence my answers at all","Yes, sometimes","I did not pay attention to the feedback",NA,"I believe that some of the feedback I received were inaccurate or misleading.",NA,"The feedback was occasionally inaccurate when I incorrectly responded ""new"". I responded ""new"" and was pretty sure that my response was NOT correct, but the feedback occasionally said that my response was correct.",NA,NA,NA,NA,NA,NA,NA,NA,"Recognition and memory",NA,NA,NA,"I'm not sure",NA,"I tried to find one thing that stands out in each image. I looked for colors or shapes in specific places to remember the picture.","N/A","No, my confidence decisions were only based on my first impression (""hunch"") or intuition about the images",NA,"I tend to choose NEW whenever I'm unsure",NA,NA,NA,"Yes, I think if I were in those alternative scenarios then I'd be less motivated to study the images thoroughly in order to answer correctly."
"FPF03","ZCVF","Yes, sometimes","Yes, sometimes","No",NA,"I believe that all of the feedback I received throughout this study were accurate (true to my expectations).",NA,"I'm pretty sure that all of the feedback I received were correct.",NA,NA,NA,NA,NA,NA,NA,NA,"It maybe has something to do with lines and shapes in the study images, and whether participants eyes are drawn to those lines and shapes in order to later recognize the images.",NA,NA,NA,"Yes (please elaborate)","I had a feeling that the percentages may have been slightly off but I chose to believe them anyways.","I focused on the most eye-catching object in the frame, to me personally.","I tried to look for the main object, and I also looked for lines, as there were a lot of hard lines in many of the images at one point. A lot of the nature scenes looked very similar so in those I focused on the vegetation as much as I could.","Yes, I incorporated additional information or thought processes into my confidence decisions (please elaborate)","My decisions were based on whether or not I saw those main objects/lines in the images from before, and if I wasn't sure or they looked only slightly familiar then I put low confidence.","Other (please explain)",NA,NA,"I did not tend to choose either based on any other reason other than whether I think I had seen it before.","The bonus did not have any influence on my decision-making."
"FPF03","ZNKC","Yes, sometimes","Yes, sometimes","I'm not sure",NA,"I don't know / did not pay attention to whether the feedback were accurate or inaccurate.",NA,"I'm not sure whether the feedback I received were correct.",NA,NA,NA,NA,NA,NA,NA,NA,"how different kind of cues can affect memory?",NA,NA,NA,"Yes (please elaborate)","I felt that I had seen a lot more old/new than the ratio led me on to believe.","i imagine how i would feel when i am in those scenes/ memorizes some key objects","no","No, my confidence decisions were only based on my first impression (""hunch"") or intuition about the images",NA,"I tend to choose NEW whenever I'm unsure",NA,NA,NA,"i tried to be more accurate"
"FPF03","ZRNG","Yes, throughout the entire study","Yes, sometimes","Yes (please elaborate)","I feel like the correct/wrong ratio tended to lean more towards one side throughout the test.","I believe that some of the feedback I received were inaccurate or misleading.",NA,"The feedback was occasionally inaccurate when I correctly responded ""new"". I responded ""new"" and was pretty sure that my response was correct, but the feedback occasionally said that my response was incorrect.,I'm not sure whether the feedback I received were correct.",NA,NA,NA,NA,NA,NA,NA,NA,"ADHD",NA,NA,NA,"Yes (please elaborate)","I felt that I had seen a lot more old/new than the ratio led me on to believe.","I noticed that some images were easier to memorize because of the colors and something easy to catch","I think a lot of the new images were put together for a long time and I considered that for the second test","Yes, I incorporated additional information or thought processes into my confidence decisions (please elaborate)",NA,"I tend to choose NEW whenever I'm unsure",NA,NA,NA,"I think that the money didn't really motivate me and I still tried"
"FPF03","ZVPW","Yes, sometimes","Yes, sometimes","No",NA,"I believe that all of the feedback I received throughout this study were accurate (true to my expectations).",NA,"I'm pretty sure that all of the feedback I received were correct.",NA,NA,NA,NA,NA,NA,NA,NA,"I think this study was about how information can effect how we recall information from the working memory",NA,NA,NA,"Yes (please elaborate)","I felt that I had seen a lot more old/new than the ratio led me on to believe.","Yes, I tried to take note of images that had stand out features more","No, I just tried to remember whether I had seen the image before","No, my confidence decisions were only based on my first impression (""hunch"") or intuition about the images",NA,"I tend to choose NEW whenever I'm unsure",NA,NA,NA,"No, I don't think the bonus added any incentive for me to perform better on the test. The monetary reward was not high enough to change my beahvior"
"FPF03","ZWQY","Yes, sometimes","No, the percentages did not influence my answers at all","No",NA,"I believe that all of the feedback I received throughout this study were accurate (true to my expectations).",NA,"I'm pretty sure that all of the feedback I received were correct.",NA,NA,NA,NA,NA,NA,NA,NA,"The study seems to be about how our impressions of an image at first glance influence our memory on the image. For example, if a certain image with certain elements tend to leave a longer impression on an individual, which influences their decision-making/memory process.",NA,NA,NA,"I'm not sure",NA,"I tried to keep in mind what stood out to me most within a picture or a certain color than caught my eye the most.","I just took in all elements of the picture and used what caught my eye in the picture first/most to judge if I had seen the image before. If I was unsure, I looked to more of the other elements of the image and took it in as a whole.","No, my confidence decisions were only based on my first impression (""hunch"") or intuition about the images",NA,"I tend to choose NEW whenever I'm unsure",NA,NA,NA,"I believe the bonus did not have much of an influence on my decision-making process because I participated in this study solely on curiosity. It was an enjoyable study that I did not need any bonus reward as a result. However, it was nice knowing that I would get something at the end if I did well enough."
"FPF03","ZXST","Yes, sometimes","No, the percentages did not influence my answers at all","I'm not sure",NA,"I believe that all of the feedback I received throughout this study were accurate (true to my expectations).",NA,"I'm not sure whether the feedback I received were correct.",NA,NA,NA,NA,NA,NA,NA,NA,"Whether the participant would be influenced by the answers' correctness and the percentage under the screen.",NA,NA,NA,"I'm not sure",NA,"I try to remember the main color of the images and pay attention to the shapes in the image.","No","No, my confidence decisions were only based on my first impression (""hunch"") or intuition about the images",NA,"I tend to alternate my OLD or NEW tendencies from one memory test to another, based on what I suspect the test is telling me to choose (please elaborate)",NA,"I occasionally feel that some test would get more new pictures but the other has more old ones.",NA,"I do not think the bonus influence a lot on my decision-making."
