"exp","subj","task","cond","valid_trials","n_hit","n_fa","n_miss","n_cr","n_isold","n_isnew","n_sayold","n_saynew","meanRT","medRT","roll_cond","n_rollfpf","n_isfpf","percent_fpf","raw_hr","raw_far","transform_hr","transform_far","hr","far","dpr","cri","hit_minus_fa","da","hit_plus_fa","c2","c_far"
"Exp. 1","AAWL","Strategic","Conservative",100,15,15,15,55,30,70,30,70,963.9,806,"Conservative",NA,0,NA,0.5,0.214285714285714,0,0,0.5,0.214285714285714,0.791638607743375,0.395819303871687,0.6333108861947,0.699374876422941,-0.791638607743375,0.351839381219278,0.791638607743375
"Exp. 1","AAWL","Strategic","Liberal",100,49,17,21,13,70,30,66,34,930.49,789.5,"Liberal",NA,0,NA,0.7,0.566666666666667,0,0,0.7,0.566666666666667,0.356506507919935,-0.346147258748073,0.390085308877556,0.430777159587264,0.692294517496146,-0.307686452220509,-0.167894004788105
"Exp. 1","AAWL","FPF","Conservative",200,62,38,38,62,100,100,100,100,930.545,858.5,"Conservative",NA,26,0.684210526315789,0.62,0.38,0,0,0.62,0.38,0.610961576198795,0,0.549865418578915,0.607224773094539,0,0,0.305480788099397
"Exp. 1","AAWL","FPF","Liberal",200,81,57,19,43,100,100,138,62,1095.275,952.5,"Liberal",NA,38,0.666666666666667,0.81,0.57,0,0,0.81,0.57,0.701522130270368,-0.527135229916045,0.73679696322654,0.813656130564194,1.05427045983209,-0.468564648814262,-0.176374164780861
"Exp. 1","ADDR","Strategic","Conservative",100,9,14,21,56,30,70,23,77,774.41,547.5,"Conservative",NA,0,NA,0.3,0.2,0,0,0.3,0.2,0.317220720864874,0.683010873140477,0.148896474150291,0.164428648675805,-1.36602174628095,0.607120776124869,0.841621233572914
"Exp. 1","ADDR","Strategic","Liberal",100,54,21,16,9,70,30,75,25,1123.46,857,"Liberal",NA,0,NA,0.771428571428571,0.7,0,0,0.771428571428571,0.7,0.21915924417139,-0.633980134793736,0.324039346712998,0.357841595658127,1.26796026958747,-0.563537897594432,-0.524400512708041
"Exp. 1","ADDR","FPF","Conservative",200,8,5,92,95,100,100,13,187,406.81,363,"Conservative",NA,58,0.630434782608696,0.08,0.05,0,0,0.08,0.05,0.23978206664184,1.52496259363055,-0.0891886587484541,-0.0984923969416049,-3.0499251872611,1.35552230544938,1.64485362695147
"Exp. 1","ADDR","FPF","Liberal",200,36,34,64,66,100,100,70,130,337.825,244.5,"Liberal",NA,20,0.588235294117647,0.36,0.34,0,0,0.36,0.34,0.0540043361902109,0.385460961346299,-0.02848828969807,-0.031460053066202,-0.770921922692598,0.342631965641155,0.412463129441405
"Exp. 1","ADDV","Strategic","Conservative",100,20,22,10,48,30,70,42,58,1457.6,1081.5,"Conservative",NA,0,NA,0.666666666666667,0.314285714285714,0,0,0.666666666666667,0.314285714285714,0.91446585234156,0.0265056268753229,0.81771814173234,0.903018622905899,-0.0530112537506457,0.0235605572225092,0.483738553046103
"Exp. 1","ADDV","Strategic","Liberal",100,51,15,19,15,70,30,66,34,1533.24,1294.5,"Liberal",NA,0,NA,0.728571428571429,0.5,0,0,0.728571428571429,0.5,0.608498134499883,-0.304249067249942,0.608498134499883,0.671973776065194,0.608498134499883,-0.270443615333282,0
"Exp. 1","ADDV","FPF","Conservative",200,54,24,46,76,100,100,78,122,1689.555,1421,"Conservative",NA,32,0.695652173913043,0.54,0.24,0,0,0.54,0.24,0.806736283351557,0.302934421164309,0.66547577078354,0.734895049334611,-0.605868842328618,0.269275041034941,0.706302562840088
"Exp. 1","ADDV","FPF","Liberal",200,75,35,25,65,100,100,110,90,1406.3,1161.5,"Liberal",NA,27,0.771428571428571,0.75,0.35,0,0,0.75,0.35,1.05981021660365,-0.144584641894257,0.982746123322136,1.08526154142603,0.289169283788514,-0.128519681683784,0.385320466407568
"Exp. 1","APGL","Strategic","Conservative",100,19,27,11,43,30,70,46,54,1332.81,838,"Conservative",NA,0,NA,0.633333333333333,0.385714285714286,0,0,0.633333333333333,0.385714285714286,0.631201598211189,-0.0250940279822008,0.57310024398651,0.632883345372972,0.0501880559644016,-0.0223058026508451,0.290506771123394
"Exp. 1","APGL","Strategic","Liberal",100,51,19,19,11,70,30,70,30,1786.87,832,"Liberal",NA,0,NA,0.728571428571429,0.633333333333333,0,0,0.728571428571429,0.633333333333333,0.267803307412088,-0.474596480793839,0.335942272829647,0.370986178616304,0.949192961587679,-0.421863538483413,-0.340694827087795
"Exp. 1","APGL","FPF","Conservative",200,58,43,42,57,100,100,101,99,1362.695,982,"Conservative",NA,28,0.666666666666667,0.58,0.43,0,0,0.58,0.43,0.378267643922712,-0.0127596571804947,0.34299281096654,0.378772195477364,0.0255193143609894,-0.0113419174937731,0.176374164780861
"Exp. 1","APGL","FPF","Liberal",200,72,66,28,34,100,100,138,62,1295.435,825.5,"Liberal",NA,51,0.772727272727273,0.72,0.66,0,0,0.72,0.66,0.170378377829811,-0.497652318356311,0.252871003718092,0.279249308406671,0.995304636712621,-0.44235761631672,-0.412463129441405
"Exp. 1","ARNE","Strategic","Conservative",100,11,21,19,49,30,70,32,68,762.28,676,"Conservative",NA,0,NA,0.366666666666667,0.3,0,0,0.366666666666667,0.3,0.183705685620245,0.432547669897918,0.0788255830786371,0.0870482943311349,-0.865095339795836,0.384486817687038,0.524400512708041
"Exp. 1","ARNE","Strategic","Liberal",100,55,27,15,3,70,30,82,18,557.69,471.5,"Liberal",NA,0,NA,0.785714285714286,0.9,0,0,0.785714285714286,0.9,-0.489912957801226,-1.03659508664399,-0.233602644692306,-0.257970965484915,2.07319017328798,-0.921417854794656,-1.2815515655446
"Exp. 1","ARNE","FPF","Conservative",200,43,40,57,60,100,100,83,117,1203.37,737,"Conservative",NA,43,0.754385964912281,0.43,0.4,0,0,0.43,0.4,0.0769729383549384,0.214860633958331,0.0263035177277785,0.0290473760381536,-0.429721267916661,0.190987230185183,0.2533471031358
"Exp. 1","ARNE","FPF","Liberal",200,75,63,25,37,100,100,138,62,1158.51,1054,"Liberal",NA,42,0.666666666666667,0.75,0.63,0,0,0.75,0.63,0.342636403759265,-0.503171548316449,0.409007073046628,0.451672752519454,1.0063430966329,-0.44726359850351,-0.331853346436817
"Exp. 1","ARYV","Strategic","Conservative",100,19,5,11,65,30,70,24,76,1072.7,931,"Conservative",NA,0,NA,0.633333333333333,0.0714285714285714,0,0,0.633333333333333,0.0714285714285714,1.80592861977332,0.562269482798863,1.51288186123621,1.67069852707269,-1.12453896559773,0.499795095821212,1.46523379268552
"Exp. 1","ARYV","Strategic","Liberal",100,55,9,15,21,70,30,64,36,1105.21,920.5,"Liberal",NA,0,NA,0.785714285714286,0.3,0,0,0.785714285714286,0.3,1.31603912045142,-0.133619047517667,1.21115901790981,1.33750138667092,0.267238095035334,-0.118772486682371,0.524400512708041
"Exp. 1","ARYV","FPF","Conservative",200,42,5,58,95,100,100,47,153,1111.29,946,"Conservative",NA,39,0.672413793103448,0.42,0.05,0,0,0.42,0.05,1.44296014780962,0.923373553046662,1.11398942241933,1.23019551949003,-1.84674710609332,0.820776491597033,1.64485362695147
"Exp. 1","ARYV","FPF","Liberal",200,49,5,51,95,100,100,54,146,1358.935,1145,"Liberal",NA,4,0.8,0.49,0.05,0,0,0.49,0.05,1.61978471869276,0.834961267605092,1.29081399330247,1.42546559159158,-1.66992253521018,0.742187793426748,1.64485362695147
"Exp. 1","BDIL","Strategic","Conservative",100,22,8,8,62,30,70,30,70,892.95,807.5,"Conservative",NA,0,NA,0.733333333333333,0.114285714285714,0,0,0.733333333333333,0.114285714285714,1.82697268323679,0.290560618408307,1.58616329123145,1.7516243285459,-0.581121236816614,0.258276105251829,1.2040469600267
"Exp. 1","BDIL","Strategic","Liberal",100,49,19,21,11,70,30,68,32,881.38,821.5,"Liberal",NA,0,NA,0.7,0.633333333333333,0,0,0.7,0.633333333333333,0.183705685620245,-0.432547669897918,0.251844651037804,0.278115891478919,0.865095339795836,-0.384486817687038,-0.340694827087795
"Exp. 1","BDIL","FPF","Conservative",200,44,37,56,63,100,100,81,119,934.815,822.5,"Conservative",NA,43,0.767857142857143,0.44,0.37,0,0,0.44,0.37,0.180884130940039,0.241411280966797,0.114513461652676,0.126458963264184,-0.482822561933594,0.214587805303819,0.331853346436817
"Exp. 1","BDIL","FPF","Liberal",200,91,73,9,27,100,100,164,36,999.02,808,"Liberal",NA,56,0.767123287671233,0.91,0.73,0,0,0.91,0.73,0.72794204267359,-0.976784012353422,0.850504640876915,0.93922525425777,1.95356802470684,-0.868252455425264,-0.612812991016627
"Exp. 1","BDVL","Strategic","Conservative",100,15,14,15,56,30,70,29,71,1042.8,882.5,"Conservative",NA,0,NA,0.5,0.2,0,0,0.5,0.2,0.841621233572914,0.420810616786457,0.673296986858331,0.743532137603614,-0.841621233572914,0.374053881587962,0.841621233572914
"Exp. 1","BDVL","Strategic","Liberal",100,53,18,17,12,70,30,71,29,1079.5,982,"Liberal",NA,0,NA,0.757142857142857,0.6,0,0,0.757142857142857,0.6,0.443794331710542,-0.475244268991071,0.494463752337702,0.546043867593474,0.950488537982142,-0.422439350214285,-0.2533471031358
"Exp. 1","BDVL","FPF","Conservative",200,39,23,61,77,100,100,62,138,823.58,763,"Conservative",NA,45,0.737704918032787,0.39,0.23,0,0,0.39,0.23,0.45952781473776,0.509082941816334,0.311758444900717,0.344279608371071,-1.01816588363267,0.452518170503408,0.738846849185214
"Exp. 1","BDVL","FPF","Liberal",200,77,74,23,26,100,100,151,49,715.72,658,"Liberal",NA,49,0.662162162162162,0.77,0.74,0,0,0.77,0.74,0.0955014437922969,-0.691096127289065,0.22417052487088,0.247554931624906,1.38219225457813,-0.614307668701391,-0.643345405392917
"Exp. 1","CESC","Strategic","Conservative",100,13,5,17,65,30,70,18,82,933.51,846.5,"Conservative",NA,0,NA,0.433333333333333,0.0714285714285714,0,0,0.433333333333333,0.0714285714285714,1.29733978789742,0.816563898736814,1.00429302936031,1.1090561185859,-1.63312779747363,0.725834576654946,1.46523379268552
"Exp. 1","CESC","Strategic","Liberal",100,48,17,22,13,70,30,65,35,880.42,837,"Liberal",NA,0,NA,0.685714285714286,0.566666666666667,0,0,0.685714285714286,0.566666666666667,0.315844548257998,-0.325816278917104,0.349423349215619,0.385873537000648,0.651632557834208,-0.289614470148537,-0.167894004788105
"Exp. 1","CESC","FPF","Conservative",200,33,17,67,83,100,100,50,150,943.8,862.5,"Conservative",NA,50,0.746268656716418,0.33,0.17,0,0,0.33,0.17,0.51425208747296,0.697039209409714,0.323419036843722,0.357156578003092,-1.39407841881943,0.61959040836419,0.954165253146194
"Exp. 1","CESC","FPF","Liberal",200,62,40,38,60,100,100,102,98,1318.18,1069,"Liberal",NA,20,0.5,0.62,0.4,0,0,0.62,0.4,0.558827891235197,-0.0260668424817988,0.508158470608037,0.561167153971056,0.0521336849635976,-0.0231705266504878,0.2533471031358
"Exp. 1","COTV","Strategic","Conservative",100,11,14,19,56,30,70,25,75,927.75,731.5,"Conservative",NA,0,NA,0.366666666666667,0.2,0,0,0.366666666666667,0.2,0.500926406485119,0.591158030330355,0.332602159770536,0.367297640792502,-1.18231606066071,0.525473804738093,0.841621233572914
"Exp. 1","COTV","Strategic","Liberal",100,61,17,9,13,70,30,78,22,990.18,888.5,"Liberal",NA,0,NA,0.871428571428571,0.566666666666667,0,0,0.871428571428571,0.566666666666667,0.965276025471455,-0.650532017523833,0.998854826429076,1.10305062809789,1.30106403504767,-0.578250682243407,-0.167894004788105
"Exp. 1","COTV","FPF","Conservative",200,18,26,82,74,100,100,44,156,719.13,618.5,"Conservative",NA,58,0.707317073170732,0.18,0.26,0,0,0.18,0.26,-0.272019682449897,0.779355246617865,-0.400688763528481,-0.442486716374934,-1.55871049323573,0.69276021921588,0.643345405392917
"Exp. 1","COTV","FPF","Liberal",200,91,89,9,11,100,100,180,20,487.025,409,"Liberal",NA,64,0.719101123595506,0.91,0.89,0,0,0.91,0.89,0.114226913653606,-1.28364157686341,0.359532537660928,0.397037268074585,2.56728315372683,-1.1410147349897,-1.22652812003661
"Exp. 1","CYPT","Strategic","Conservative",100,24,11,6,59,30,70,35,65,1152.15,1025,"Conservative",NA,0,NA,0.8,0.157142857142857,0,0,0.8,0.157142857142857,1.84789121943375,0.0823243761439628,1.64663722226159,1.81840661345993,-0.164648752287926,0.073177223239078,1.00626998586084
"Exp. 1","CYPT","Strategic","Liberal",100,49,17,21,13,70,30,66,34,1317.92,1177.5,"Liberal",NA,0,NA,0.7,0.566666666666667,0,0,0.7,0.566666666666667,0.356506507919935,-0.346147258748073,0.390085308877556,0.430777159587264,0.692294517496146,-0.307686452220509,-0.167894004788105
"Exp. 1","CYPT","FPF","Conservative",200,60,18,40,82,100,100,78,122,1011,950.5,"Conservative",NA,28,0.7,0.6,0.18,0,0,0.6,0.18,1.16871219097861,0.331008992353507,0.985639173410051,1.08845638078822,-0.662017984707014,0.29423021542534,0.915365087842814
"Exp. 1","CYPT","FPF","Liberal",200,49,16,51,84,100,100,65,135,1106.755,974,"Liberal",NA,10,0.625,0.49,0.16,0,0,0.49,0.16,0.969388974951042,0.509763395734232,0.770497398309091,0.850872035319718,-1.01952679146846,0.453123018430428,0.994457883209753
"Exp. 1","DDJV","Strategic","Conservative",100,6,10,24,60,30,70,16,84,749.97,649,"Conservative",NA,0,NA,0.2,0.142857142857143,0,0,0.2,0.142857142857143,0.225949290305227,0.954595878725528,0.0124351855295992,0.0137323651505749,-1.90919175745106,0.848529669978247,1.06757052387814
"Exp. 1","DDJV","Strategic","Liberal",100,52,21,18,9,70,30,73,27,959.84,748,"Liberal",NA,0,NA,0.742857142857143,0.7,0,0,0.742857142857143,0.7,0.127778473634746,-0.588289749525414,0.232658576176354,0.256928416215557,1.17657949905083,-0.522924221800368,-0.524400512708041
"Exp. 1","DDJV","FPF","Conservative",200,44,29,56,71,100,100,73,127,972.585,900.5,"Conservative",NA,39,0.696428571428571,0.44,0.29,0,0,0.44,0.29,0.402415504058896,0.352176967526225,0.291738560147761,0.322171344119957,-0.70435393505245,0.313046193356645,0.553384719555673
"Exp. 1","DDJV","FPF","Liberal",200,78,52,22,48,100,100,130,70,1241.01,1102,"Liberal",NA,29,0.557692307692308,0.78,0.52,0,0,0.78,0.52,0.722039630723951,-0.411173398826709,0.732070347416898,0.808436456593911,0.822346797653419,-0.365487465623742,-0.0501535834647337
"Exp. 1","DEEH","Strategic","Conservative",100,12,35,18,35,30,70,47,53,833.74,708,"Conservative",NA,0,NA,0.4,0.5,0,0,0.4,0.5,-0.2533471031358,0.1266735515679,-0.2533471031358,-0.279775072259279,-0.2533471031358,0.1125987125048,0
"Exp. 1","DEEH","Strategic","Liberal",100,52,18,18,12,70,30,70,30,504.64,388.5,"Liberal",NA,0,NA,0.742857142857143,0.6,0,0,0.742857142857143,0.6,0.398831883206987,-0.452763044739293,0.449501303834147,0.496391149550381,0.905526089478586,-0.402456039768261,-0.2533471031358
"Exp. 1","DEEH","FPF","Conservative",200,25,22,75,78,100,100,47,153,1049.555,874,"Conservative",NA,60,0.8,0.25,0.22,0,0,0.25,0.22,0.0977034639926032,0.723341482192383,-0.0567351788451337,-0.0626535238199746,-1.44668296438477,0.64297020639323,0.772193214188685
"Exp. 1","DEEH","FPF","Liberal",200,69,57,31,43,100,100,126,74,795.085,725,"Liberal",NA,40,0.701754385964912,0.69,0.57,0,0,0.69,0.57,0.319476182566592,-0.336112256064157,0.354751015522764,0.391756960207804,0.672224512128314,-0.298766449834806,-0.176374164780861
"Exp. 1","DHVC","Strategic","Conservative",100,21,24,9,46,30,70,45,55,1395.53,1245.5,"Conservative",NA,0,NA,0.7,0.342857142857143,0,0,0.7,0.342857142857143,0.929078417238088,-0.0598613040889966,0.848142836332079,0.936617077456002,0.119722608177993,-0.0532100480791081,0.404677904530048
"Exp. 1","DHVC","Strategic","Liberal",100,60,17,10,13,70,30,77,23,1165.4,1036,"Liberal",NA,0,NA,0.857142857142857,0.566666666666667,0,0,0.857142857142857,0.566666666666667,0.899676519090036,-0.617732264333123,0.933255320047657,1.03060809210332,1.23546452866625,-0.549095346073888,-0.167894004788105
"Exp. 1","DHVC","FPF","Conservative",200,66,41,34,59,100,100,107,93,1159.93,1101,"Conservative",NA,25,0.735294117647059,0.66,0.41,0,0,0.66,0.41,0.640008106082554,-0.0924590764001277,0.594499110754324,0.656514440507392,0.184918152800255,-0.0821858456890024,0.227544976641149
"Exp. 1","DHVC","FPF","Liberal",200,72,50,28,50,100,100,122,78,1428.565,1272.5,"Liberal",NA,37,0.74,0.72,0.5,0,0,0.72,0.5,0.582841507271216,-0.291420753635608,0.582841507271216,0.643640771077242,0.582841507271216,-0.259040669898318,0
"Exp. 1","DJAJ","Strategic","Conservative",100,15,14,15,56,30,70,29,71,977.81,859,"Conservative",NA,0,NA,0.5,0.2,0,0,0.5,0.2,0.841621233572914,0.420810616786457,0.673296986858331,0.743532137603614,-0.841621233572914,0.374053881587962,0.841621233572914
"Exp. 1","DJAJ","Strategic","Liberal",100,51,19,19,11,70,30,70,30,1183.4,985,"Liberal",NA,0,NA,0.728571428571429,0.633333333333333,0,0,0.728571428571429,0.633333333333333,0.267803307412088,-0.474596480793839,0.335942272829647,0.370986178616304,0.949192961587679,-0.421863538483413,-0.340694827087795
"Exp. 1","DJAJ","FPF","Conservative",200,23,14,77,86,100,100,37,163,869.41,729.5,"Conservative",NA,58,0.753246753246753,0.23,0.14,0,0,0.23,0.14,0.341472491629742,0.909583095000085,0.125408623466751,0.138490656723791,-1.81916619000017,0.808518306666742,1.08031934081496
"Exp. 1","DJAJ","FPF","Liberal",200,82,71,18,29,100,100,153,47,894.56,817,"Liberal",NA,49,0.690140845070423,0.82,0.71,0,0,0.82,0.71,0.361980368287141,-0.734374903699243,0.472657312198276,0.521962682964908,1.46874980739849,-0.652777692177105,-0.553384719555673
"Exp. 1","DKIB","Strategic","Conservative",100,25,15,5,55,30,70,40,60,1571.73,1135.5,"Conservative",NA,0,NA,0.833333333333333,0.214285714285714,0,0,0.833333333333333,0.214285714285714,1.75906017384508,-0.0878914791791634,1.6007324522964,1.76771327544623,0.175782958358327,-0.0781257592703675,0.791638607743375
"Exp. 1","DKIB","Strategic","Liberal",100,48,9,22,21,70,30,57,43,1320.63,986,"Liberal",NA,0,NA,0.685714285714286,0.3,0,0,0.685714285714286,0.3,1.00813906575414,0.0203309798309688,0.903258963212536,0.99748265748344,-0.0406619596619376,0.0180719820719723,0.524400512708041
"Exp. 1","DKIB","FPF","Conservative",200,62,25,38,75,100,100,87,113,2071.3,1320.5,"Conservative",NA,28,0.736842105263158,0.62,0.25,0,0,0.62,0.25,0.979970538295479,0.184504481048342,0.845072588256263,0.933226555651595,-0.369008962096684,0.164003983154082,0.674489750196082
"Exp. 1","DKIB","FPF","Liberal",200,78,16,22,84,100,100,94,106,1476.76,1091,"Liberal",NA,13,0.8125,0.78,0.16,0,0,0.78,0.16,1.76665109739844,0.111132334510534,1.56775952075649,1.73130076395509,-0.222264669021068,0.0987842973426969,0.994457883209753
"Exp. 1","DUJQ","Strategic","Conservative",100,23,6,7,64,30,70,29,71,1215.14,935,"Conservative",NA,0,NA,0.766666666666667,0.0857142857142857,0,0,0.766666666666667,0.0857142857142857,2.09554121419733,0.319857316217022,1.82201562953419,2.01207966501683,-0.639714632434044,0.284317614415131,1.36762792331569
"Exp. 1","DUJQ","Strategic","Liberal",100,43,7,27,23,70,30,50,50,1310.02,1039.5,"Liberal",NA,0,NA,0.614285714285714,0.233333333333333,0,0,0.614285714285714,0.233333333333333,1.01842006200504,0.218703259879125,0.872837403828709,0.963887665200115,-0.43740651975825,0.194402897670333,0.727913290881644
"Exp. 1","DUJQ","FPF","Conservative",200,63,17,37,83,100,100,80,120,1116.965,925.5,"Conservative",NA,27,0.72972972972973,0.63,0.17,0,0,0.63,0.17,1.28601859958301,0.311155953354689,1.09518554895377,1.20943011506084,-0.622311906709378,0.276583069648612,0.954165253146194
"Exp. 1","DUJQ","FPF","Liberal",200,76,23,24,77,100,100,99,101,1145.575,1016.5,"Liberal",NA,17,0.739130434782609,0.76,0.23,0,0,0.76,0.23,1.4451494120253,0.0162721431725631,1.29738004218826,1.43271657957898,-0.0325442863451262,0.0144641272645005,0.738846849185214
"Exp. 1","DWVZ","Strategic","Conservative",100,15,6,15,64,30,70,21,79,718.35,710,"Conservative",NA,0,NA,0.5,0.0857142857142857,0,0,0.5,0.0857142857142857,1.36762792331569,0.683813961657844,1.09410233865255,1.2082339093946,-1.36762792331569,0.60783463258475,1.36762792331569
"Exp. 1","DWVZ","Strategic","Liberal",100,51,16,19,14,70,30,67,33,915.57,796.5,"Liberal",NA,0,NA,0.728571428571429,0.533333333333333,0,0,0.728571428571429,0.533333333333333,0.524846400592754,-0.346074934203506,0.54157674737418,0.598071466991824,0.692149868407013,-0.30762216373645,-0.0836517339071291
"Exp. 1","DWVZ","FPF","Conservative",200,20,15,80,85,100,100,35,165,546.435,519.5,"Conservative",NA,51,0.6375,0.2,0.15,0,0,0.2,0.15,0.194812155920875,0.939027311533352,-0.0124745219778827,-0.013775804990718,-1.8780546230667,0.834690943585202,1.03643338949379
"Exp. 1","DWVZ","FPF","Liberal",200,74,77,26,23,100,100,151,49,525.25,455,"Liberal",NA,41,0.532467532467532,0.74,0.77,0,0,0.74,0.77,-0.0955014437922969,-0.691096127289065,0.0522679260447458,0.057720268378885,1.38219225457813,-0.614307668701391,-0.738846849185214
"Exp. 1","EDUT","Strategic","Conservative",100,14,12,16,58,30,70,26,74,1395.5,1048,"Conservative",NA,0,NA,0.466666666666667,0.171428571428571,0,0,0.466666666666667,0.171428571428571,0.864883306919509,0.516093387366883,0.675176298754181,0.745607490409907,-1.03218677473377,0.458749677659452,0.948535040826638
"Exp. 1","EDUT","Strategic","Liberal",100,38,15,32,15,70,30,53,47,985.94,814,"Liberal",NA,0,NA,0.542857142857143,0.5,0,0,0.542857142857143,0.5,0.107634392383102,-0.053817196191551,0.107634392383102,0.118862302090048,0.107634392383102,-0.0478375077258231,0
"Exp. 1","EDUT","FPF","Conservative",200,33,28,67,72,100,100,61,139,283.65,166,"Conservative",NA,43,0.641791044776119,0.33,0.28,0,0,0.33,0.28,0.142928341597982,0.511377336472225,0.0263600401437392,0.0291097946046733,-1.02275467294445,0.454557632419756,0.582841507271216
"Exp. 1","EDUT","FPF","Liberal",200,58,56,42,44,100,100,114,86,717.98,647,"Liberal",NA,38,0.678571428571429,0.58,0.56,0,0,0.58,0.56,0.0509242636450734,-0.176431347319314,0.0811181067444288,0.0895799632008958,0.352862694638628,-0.156827864283835,-0.150969215496777
"Exp. 1","EEIP","Strategic","Conservative",100,9,20,21,50,30,70,29,71,1302.53,699.5,"Conservative",NA,0,NA,0.3,0.285714285714286,0,0,0.3,0.285714285714286,0.0415483092248224,0.545174667320452,-0.0716414551617501,-0.0791147522373476,-1.0903493346409,0.484599704284846,0.565948821932863
"Exp. 1","EEIP","Strategic","Liberal",100,55,21,15,9,70,30,76,24,1091.14,798.5,"Liberal",NA,0,NA,0.785714285714286,0.7,0,0,0.785714285714286,0.7,0.267238095035334,-0.658019560225708,0.372118197576942,0.41093580438643,1.31603912045142,-0.584906275756185,-0.524400512708041
"Exp. 1","EEIP","FPF","Conservative",200,58,43,42,57,100,100,101,99,958.445,847.5,"Conservative",NA,33,0.785714285714286,0.58,0.43,0,0,0.58,0.43,0.378267643922712,-0.0127596571804947,0.34299281096654,0.378772195477364,0.0255193143609894,-0.0113419174937731,0.176374164780861
"Exp. 1","EEIP","FPF","Liberal",200,72,34,28,66,100,100,106,94,1044.51,940,"Liberal",NA,20,0.588235294117647,0.72,0.34,0,0,0.72,0.34,0.995304636712621,-0.0851891889149058,0.91281201082434,1.00803223374781,0.170378377829812,-0.0757237234799163,0.412463129441405
"Exp. 1","EGMM","Strategic","Conservative",100,13,16,17,54,30,70,29,71,859.22,780.5,"Conservative",NA,0,NA,0.433333333333333,0.228571428571429,0,0,0.433333333333333,0.228571428571429,0.575665752091325,0.455726880833768,0.426953800715439,0.471491597764619,-0.911453761667536,0.405090560741127,0.743559756879431
"Exp. 1","EGMM","Strategic","Liberal",100,57,16,13,14,70,30,73,27,800.06,756.5,"Liberal",NA,0,NA,0.814285714285714,0.533333333333333,0,0,0.814285714285714,0.533333333333333,0.81014889727236,-0.488726182543309,0.826879244053786,0.91313536800475,0.977452365086618,-0.43442327337183,-0.0836517339071291
"Exp. 1","EGMM","FPF","Conservative",200,47,17,53,83,100,100,64,136,1008.01,906,"Conservative",NA,39,0.735849056603774,0.47,0.17,0,0,0.47,0.17,0.878895391046364,0.514717557623012,0.688062340417125,0.759837742868937,-1.02943511524602,0.457526717887122,0.954165253146194
"Exp. 1","EGMM","FPF","Liberal",200,67,38,33,62,100,100,105,95,894.895,844,"Liberal",NA,27,0.710526315789474,0.67,0.38,0,0,0.67,0.38,0.745393953772631,-0.0672161887869183,0.684297796152752,0.755680499188026,0.134432377573837,-0.0597477233661496,0.305480788099397
"Exp. 1","EIQL","Strategic","Conservative",100,22,12,8,58,30,70,34,66,1086.51,950.5,"Conservative",NA,0,NA,0.733333333333333,0.171428571428571,0,0,0.733333333333333,0.171428571428571,1.57146076403673,0.162804658808275,1.3817537558714,1.52589175920529,-0.32560931761655,0.144715252274022,0.948535040826638
"Exp. 1","EIQL","Strategic","Liberal",100,38,10,32,20,70,30,48,52,1080.23,914.5,"Liberal",NA,0,NA,0.542857142857143,0.333333333333333,0,0,0.542857142857143,0.333333333333333,0.538361691678559,0.161546453456178,0.452216231819468,0.499389285956404,-0.323092906912355,0.143596847516602,0.430727299295457
"Exp. 1","EIQL","FPF","Conservative",200,48,21,52,79,100,100,69,131,998.135,893.5,"Conservative",NA,35,0.673076923076923,0.48,0.21,0,0,0.48,0.21,0.756267663553507,0.428287415241487,0.594983414149859,0.657049264137913,-0.856574830482974,0.3806999246591,0.80642124701824
"Exp. 1","EIQL","FPF","Liberal",200,78,31,22,69,100,100,109,91,1162.19,1067,"Liberal",NA,24,0.774193548387097,0.78,0.31,0,0,0.78,0.31,1.26804356153614,-0.138171433420616,1.16887349206665,1.29080483517355,0.276342866841232,-0.122819051929436,0.495850347347453
"Exp. 1","EISK","Strategic","Conservative",100,16,23,14,47,30,70,39,61,811.44,695.5,"Conservative",NA,0,NA,0.533333333333333,0.328571428571429,0,0,0.533333333333333,0.328571428571429,0.527513045833377,0.180104789009559,0.438740783448127,0.484508142674505,-0.360209578019119,0.160093145786275,0.443861311926248
"Exp. 1","EISK","Strategic","Liberal",100,55,20,15,10,70,30,75,25,490.86,375,"Liberal",NA,0,NA,0.785714285714286,0.666666666666667,0,0,0.785714285714286,0.666666666666667,0.360911308447917,-0.611182953519416,0.447056768307009,0.493691611662321,1.22236590703883,-0.543273736461703,-0.430727299295457
"Exp. 1","EISK","FPF","Conservative",200,65,40,35,60,100,100,105,95,863.555,826.5,"Conservative",NA,22,0.628571428571429,0.65,0.4,0,0,0.65,0.4,0.638667569543367,-0.0659866816358839,0.587998148916207,0.649335329140017,0.131973363271768,-0.0586548281207857,0.2533471031358
"Exp. 1","EISK","FPF","Liberal",200,69,25,31,75,100,100,94,106,1036.015,947.5,"Liberal",NA,16,0.64,0.69,0.25,0,0,0.69,0.25,1.17034009754353,0.0893197014243143,1.03544214750432,1.14345456511118,-0.178639402848629,0.0793952901549461,0.674489750196082
"Exp. 1","EJDK","Strategic","Conservative",100,21,7,9,63,30,70,28,72,1028.78,895.5,"Conservative",NA,0,NA,0.7,0.1,0,0,0.7,0.1,1.80595207825264,0.37857552641828,1.54964176514372,1.7112930499414,-0.75715105283656,0.336511579038471,1.2815515655446
"Exp. 1","EJDK","Strategic","Liberal",100,58,20,12,10,70,30,78,22,1279.26,1038,"Liberal",NA,0,NA,0.828571428571429,0.666666666666667,0,0,0.828571428571429,0.666666666666667,0.51780774153118,-0.689631170061048,0.603953201390272,0.666954737073169,1.3792623401221,-0.613005484498709,-0.430727299295457
"Exp. 1","EJDK","FPF","Conservative",200,38,15,62,85,100,100,53,147,842.99,767.5,"Conservative",NA,46,0.741935483870968,0.38,0.15,0,0,0.38,0.15,0.730952601394392,0.670957088796593,0.523665923495634,0.578292270850167,-1.34191417759319,0.596406301152528,1.03643338949379
"Exp. 1","EJDK","FPF","Liberal",200,65,22,35,78,100,100,87,113,1073.88,977,"Liberal",NA,15,0.681818181818182,0.65,0.22,0,0,0.65,0.22,1.15751368059625,0.193436373890559,1.00307503775852,1.10771107187257,-0.386872747781117,0.171943443458274,0.772193214188685
"Exp. 1","EMAO","Strategic","Conservative",100,1,3,29,67,30,70,4,96,263.02,35.5,"Conservative",NA,0,NA,0.0333333333333333,0.0428571428571429,0,0,0.0333333333333333,0.0428571428571429,-0.115463092424889,1.77618308960347,-0.459153401103094,-0.507050107862708,-3.55236617920694,1.57882941298086,1.71845154339103
"Exp. 1","EMAO","Strategic","Liberal",100,70,30,0,0,70,30,100,0,46.21,35.5,"Liberal",NA,0,NA,1,1,1,1,0.99,0.99,0,-2.32634787404084,0.465269574808168,0.51380429182261,4.65269574808168,-2.06786477692519,-2.32634787404084
"Exp. 1","EMAO","FPF","Conservative",200,14,15,86,85,100,100,29,171,49.035,36,"Conservative",NA,64,0.744186046511628,0.14,0.15,0,0,0.14,0.15,-0.0438859513211667,1.05837636515437,-0.251172629219925,-0.277373767529879,-2.11675273030875,0.940778991248331,1.03643338949379
"Exp. 1","EMAO","FPF","Liberal",200,100,100,0,0,100,100,200,0,59.14,39.5,"Liberal",NA,65,0.65,1,1,1,1,0.995,0.995,0,-2.5758293035489,0.51516586070978,0.568905521798428,5.1516586070978,-2.28962604759902,-2.5758293035489
"Exp. 1","ENZE","Strategic","Conservative",100,19,10,11,60,30,70,29,71,1289.09,1043.5,"Conservative",NA,0,NA,0.633333333333333,0.142857142857143,0,0,0.633333333333333,0.142857142857143,1.40826535096594,0.363437848395173,1.19475124619031,1.3193820339662,-0.726875696790346,0.323055865240154,1.06757052387814
"Exp. 1","ENZE","Strategic","Liberal",100,52,8,18,22,70,30,60,40,1476.38,1120.5,"Liberal",NA,0,NA,0.742857142857143,0.266666666666667,0,0,0.742857142857143,0.266666666666667,1.27510470955287,-0.0146266315663493,1.15051956491086,1.27053631332074,0.0292532631326986,-0.0130014502811994,0.622925723210088
"Exp. 1","ENZE","FPF","Conservative",200,67,22,33,78,100,100,89,111,1055.84,845,"Conservative",NA,22,0.666666666666667,0.67,0.22,0,0,0.67,0.22,1.21210637986192,0.166140024257726,1.05766773702418,1.1679986227971,-0.332280048515451,0.147680021562423,0.772193214188685
"Exp. 1","ENZE","FPF","Liberal",200,70,26,30,74,100,100,96,104,971.88,839,"Liberal",NA,19,0.730769230769231,0.7,0.26,0,0,0.7,0.26,1.16774591810096,0.0594724463424381,1.03907683702237,1.14746840821405,-0.118944892684876,0.0528643967488339,0.643345405392917
"Exp. 1","EQHC","Strategic","Conservative",100,13,15,17,55,30,70,28,72,890.88,819,"Conservative",NA,0,NA,0.433333333333333,0.214285714285714,0,0,0.433333333333333,0.214285714285714,0.623744602955269,0.47976630626574,0.465416881406594,0.513966964747261,-0.95953261253148,0.42645893890288,0.791638607743375
"Exp. 1","EQHC","Strategic","Liberal",100,44,19,26,11,70,30,63,37,834.52,775.5,"Liberal",NA,0,NA,0.628571428571429,0.633333333333333,0,0,0.628571428571429,0.633333333333333,-0.0126227195561442,-0.334383467309723,0.0555162458614148,0.0613074375242242,0.668766934619446,-0.297229748719754,-0.340694827087795
"Exp. 1","EQHC","FPF","Conservative",200,62,21,38,79,100,100,83,117,893.6,835,"Conservative",NA,22,0.578947368421053,0.62,0.21,0,0,0.62,0.21,1.11190203511764,0.250470229459421,0.95061778571399,1.04978172790287,-0.500940458918843,0.22264020396393,0.80642124701824
"Exp. 1","EQHC","FPF","Liberal",200,62,30,38,70,100,100,92,108,828.63,772,"Liberal",NA,24,0.8,0.62,0.3,0,0,0.62,0.3,0.829881300807438,0.109459862304322,0.72500119826583,0.80062988730588,-0.218919724608643,0.0972976553816192,0.524400512708041
"Exp. 1","ESBK","Strategic","Conservative",100,15,20,15,50,30,70,35,65,1252.22,1086,"Conservative",NA,0,NA,0.5,0.285714285714286,0,0,0.5,0.285714285714286,0.565948821932863,0.282974410966432,0.452759057546291,0.499988736690461,-0.565948821932863,0.251532809747939,0.565948821932863
"Exp. 1","ESBK","Strategic","Liberal",100,54,19,16,11,70,30,73,27,1176.43,1018,"Liberal",NA,0,NA,0.771428571428571,0.633333333333333,0,0,0.771428571428571,0.633333333333333,0.402864929791635,-0.542127291983613,0.471003895209194,0.520136789351484,1.08425458396723,-0.481890926207656,-0.340694827087795
"Exp. 1","ESBK","FPF","Conservative",200,65,10,35,90,100,100,75,125,1129.135,1016.5,"Conservative",NA,24,0.685714285714286,0.65,0.1,0,0,0.65,0.1,1.66687203195217,0.448115549568517,1.41056171884325,1.55770483234619,-0.896231099137033,0.398324932949793,1.2815515655446
"Exp. 1","ESBK","FPF","Liberal",200,66,32,34,68,100,100,98,102,1270.055,1154,"Liberal",NA,16,0.5,0.66,0.32,0,0,0.66,0.32,0.880161928555913,0.0276178348365516,0.786622168733011,0.868678865374919,-0.0552356696731033,0.0245491865213792,0.467698799114508
"Exp. 1","EZRP","Strategic","Conservative",100,5,18,25,52,30,70,23,77,681.2,593,"Conservative",NA,0,NA,0.166666666666667,0.257142857142857,0,0,0.166666666666667,0.257142857142857,-0.315242579758915,0.809800276222244,-0.445678377027472,-0.492169433137046,-1.61960055244449,0.719822467753106,0.652178986342786
"Exp. 1","EZRP","Strategic","Liberal",100,56,21,14,9,70,30,77,23,474.83,442.5,"Liberal",NA,0,NA,0.8,0.7,0,0,0.8,0.7,0.317220720864874,-0.683010873140478,0.422100823406482,0.466132380862271,1.36602174628096,-0.607120776124869,-0.524400512708041
"Exp. 1","EZRP","FPF","Conservative",200,38,36,62,64,100,100,74,126,399.08,324.5,"Conservative",NA,44,0.709677419354839,0.38,0.36,0,0,0.38,0.36,0.0529780051517963,0.331969790675296,-0.0187137534984424,-0.0206658835742149,-0.663939581350591,0.29508425837804,0.358458793251194
"Exp. 1","EZRP","FPF","Liberal",200,86,82,14,18,100,100,168,32,357.25,313.5,"Liberal",NA,59,0.719512195121951,0.86,0.82,0,0,0.86,0.82,0.164954252972142,-0.997842214328885,0.348027270540705,0.384331826014735,1.99568442865777,-0.886970857181231,-0.915365087842814
"Exp. 1","FBLT","Strategic","Conservative",100,10,5,20,65,30,70,15,85,912.02,768.5,"Conservative",NA,0,NA,0.333333333333333,0.0714285714285714,0,0,0.333333333333333,0.0714285714285714,1.03450649339006,0.94798054599049,0.741459734852961,0.818805300428635,-1.89596109198098,0.842649374213769,1.46523379268552
"Exp. 1","FBLT","Strategic","Liberal",100,54,22,16,8,70,30,76,24,868.75,775.5,"Liberal",NA,0,NA,0.771428571428571,0.733333333333333,0,0,0.771428571428571,0.733333333333333,0.120634033669343,-0.683242740044759,0.24521917831136,0.270799280837434,1.36648548008952,-0.607326880039786,-0.622925723210088
"Exp. 1","FBLT","FPF","Conservative",200,49,8,51,92,100,100,57,143,819.655,763,"Conservative",NA,37,0.725490196078431,0.49,0.08,0,0,0.49,0.08,1.38000265205092,0.715070234284172,1.09898833998899,1.21362959523447,-1.43014046856834,0.635617986030375,1.40507156030963
"Exp. 1","FBLT","FPF","Liberal",200,50,17,50,83,100,100,67,133,810.24,762.5,"Liberal",NA,13,0.764705882352941,0.5,0.17,0,0,0.5,0.17,0.954165253146194,0.477082626573097,0.763332202516955,0.842959400260212,-0.954165253146194,0.424073445842753,0.954165253146194
"Exp. 1","FDDG","Strategic","Conservative",100,19,13,11,57,30,70,32,68,1085.44,873.5,"Conservative",NA,0,NA,0.633333333333333,0.185714285714286,0,0,0.633333333333333,0.185714285714286,1.23449545826728,0.276552902045847,1.05573533203139,1.16586463847361,-0.553105804091694,0.245824801818531,0.893800631179489
"Exp. 1","FDDG","Strategic","Liberal",100,56,6,14,24,70,30,62,38,1065.44,894.5,"Liberal",NA,0,NA,0.8,0.2,0,0,0.8,0.2,1.68324246714583,-1.11022302462516e-16,1.51491822043125,1.67294730960813,2.22044604925031e-16,-9.86864910777917e-17,0.841621233572914
"Exp. 1","FDDG","FPF","Conservative",200,69,23,31,77,100,100,92,108,1220.44,931.5,"Conservative",NA,18,0.580645161290323,0.69,0.23,0,0,0.69,0.23,1.23469719653267,0.12149825091888,1.08692782669562,1.20031098635214,-0.242996501837761,0.107998445261227,0.738846849185214
"Exp. 1","FDDG","FPF","Liberal",200,67,19,33,81,100,100,86,114,1354.615,1058,"Liberal",NA,14,0.736842105263158,0.67,0.19,0,0,0.67,0.19,1.31780946072446,0.218991564688997,1.14223020171422,1.26138224304081,-0.437983129377995,0.194659168612442,0.877896295051228
"Exp. 1","FGQB","Strategic","Conservative",100,15,12,15,58,30,70,27,73,1050.1,936,"Conservative",NA,0,NA,0.5,0.171428571428571,0,0,0.5,0.171428571428571,0.948535040826638,0.474267520413319,0.75882803266131,0.83798537675162,-0.948535040826638,0.421571129256284,0.948535040826638
"Exp. 1","FGQB","Strategic","Liberal",100,47,14,23,16,70,30,61,39,1049.49,971.5,"Liberal",NA,0,NA,0.671428571428571,0.466666666666667,0,0,0.671428571428571,0.466666666666667,0.527513045833377,-0.180104789009559,0.510782699051951,0.56406512948936,0.360209578019118,-0.160093145786275,0.0836517339071291
"Exp. 1","FGQB","FPF","Conservative",200,53,15,47,85,100,100,68,132,1008.09,896,"Conservative",NA,35,0.74468085106383,0.53,0.15,0,0,0.53,0.15,1.11170325159362,0.48058176369698,0.904416573694861,0.998761024405075,-0.961163527393959,0.427183789952871,1.03643338949379
"Exp. 1","FGQB","FPF","Liberal",200,77,41,23,59,100,100,118,82,1061.16,985,"Liberal",NA,25,0.609756097560976,0.77,0.41,0,0,0.77,0.41,0.966391825826363,-0.255650936272032,0.920882830498133,1.01694496308033,0.511301872544064,-0.227245276686251,0.227544976641149
"Exp. 1","FYMC","Strategic","Conservative",100,24,5,6,65,30,70,29,71,1068.46,916,"Conservative",NA,0,NA,0.8,0.0714285714285714,0,0,0.8,0.0714285714285714,2.30685502625844,0.311806279556304,2.01380826772133,2.2238792022661,-0.623612559112608,0.277161137383381,1.46523379268552
"Exp. 1","FYMC","Strategic","Liberal",100,36,5,34,25,70,30,41,59,1282.33,1127.5,"Liberal",NA,0,NA,0.514285714285714,0.166666666666667,0,0,0.514285714285714,0.166666666666667,1.00323819776177,0.465802467220816,0.809753884541431,0.894223572149453,-0.931604934441632,0.414046637529614,0.967421566101701
"Exp. 1","FYMC","FPF","Conservative",200,56,27,44,73,100,100,83,117,921.895,845.5,"Conservative",NA,31,0.704545454545455,0.56,0.27,0,0,0.56,0.27,0.763782206513404,0.230921887759925,0.641219608310079,0.708108598947974,-0.46184377551985,0.205263900231044,0.612812991016627
"Exp. 1","FYMC","FPF","Liberal",200,63,29,37,71,100,100,92,108,957.745,892,"Liberal",NA,19,0.655172413793103,0.63,0.29,0,0,0.63,0.29,0.885238065992489,0.110765686559428,0.774561122081355,0.855359667496895,-0.221531373118856,0.0984583880528251,0.553384719555673
"Exp. 1","FZXW","Strategic","Conservative",100,28,7,2,63,30,70,35,65,1037.82,914,"Conservative",NA,0,NA,0.933333333333333,0.1,0,0,0.933333333333333,0.1,2.78263751158863,-0.109767190249712,2.52632719847971,2.78986167892506,0.219534380499424,-0.0975708357775217,1.2815515655446
"Exp. 1","FZXW","Strategic","Liberal",100,52,5,18,25,70,30,57,43,1112.74,879,"Liberal",NA,0,NA,0.742857142857143,0.166666666666667,0,0,0.742857142857143,0.166666666666667,1.61960055244449,0.157621289879458,1.42611623922415,1.57488192657644,-0.315242579758915,0.140107813226184,0.967421566101701
"Exp. 1","FZXW","FPF","Conservative",200,77,15,23,85,100,100,92,108,1054.425,895.5,"Conservative",NA,15,0.652173913043478,0.77,0.15,0,0,0.77,0.15,1.775280238679,0.148793270154288,1.56799356078025,1.73155921792495,-0.297586540308576,0.132260684581589,1.03643338949379
"Exp. 1","FZXW","FPF","Liberal",200,75,29,25,71,100,100,104,96,1066.96,875,"Liberal",NA,19,0.655172413793103,0.75,0.29,0,0,0.75,0.29,1.22787446975175,-0.0605525153202044,1.11719752584062,1.23373827705622,0.121105030640409,-0.0538244580624039,0.553384719555673
"Exp. 1","GITG","Strategic","Conservative",100,19,20,11,50,30,70,39,61,1229.5,1055.5,"Conservative",NA,0,NA,0.633333333333333,0.285714285714286,0,0,0.633333333333333,0.285714285714286,0.906643649020658,0.112626997422534,0.793453884634086,0.876223233501573,-0.225253994845068,0.100112886597808,0.565948821932863
"Exp. 1","GITG","Strategic","Liberal",100,54,22,16,8,70,30,76,24,1286.99,1050,"Liberal",NA,0,NA,0.771428571428571,0.733333333333333,0,0,0.771428571428571,0.733333333333333,0.120634033669343,-0.683242740044759,0.24521917831136,0.270799280837434,1.36648548008952,-0.607326880039786,-0.622925723210088
"Exp. 1","GITG","FPF","Conservative",200,44,39,56,61,100,100,83,117,941.555,792.5,"Conservative",NA,37,0.660714285714286,0.44,0.39,0,0,0.44,0.39,0.128349818950677,0.215144124972116,0.072486012061186,0.080047409309965,-0.430288249944231,0.191239222197436,0.279319034447454
"Exp. 1","GITG","FPF","Liberal",200,81,65,19,35,100,100,146,54,1007.745,919.5,"Liberal",NA,45,0.692307692307692,0.81,0.65,0,0,0.81,0.65,0.492575828643661,-0.631608380729398,0.569639921925175,0.629062058913535,1.2632167614588,-0.561429671759465,-0.385320466407568
"Exp. 1","GUPI","Strategic","Conservative",100,9,15,21,55,30,70,24,76,227.66,132.5,"Conservative",NA,0,NA,0.3,0.214285714285714,0,0,0.3,0.214285714285714,0.267238095035334,0.658019560225708,0.108910373486659,0.120271387495133,-1.31603912045142,0.584906275756185,0.791638607743375
"Exp. 1","GUPI","Strategic","Liberal",100,56,27,14,3,70,30,83,17,547.83,108.5,"Liberal",NA,0,NA,0.8,0.9,0,0,0.8,0.9,-0.439930331971686,-1.06158639955876,-0.183620018862766,-0.202774389009074,2.12317279911752,-0.94363235516334,-1.2815515655446
"Exp. 1","GUPI","FPF","Conservative",200,40,28,60,72,100,100,68,132,641.29,636,"Conservative",NA,40,0.666666666666667,0.4,0.28,0,0,0.4,0.28,0.329494404135416,0.418094305203508,0.212926102681173,0.235137544602514,-0.836188610407016,0.371639382403118,0.582841507271216
"Exp. 1","GUPI","FPF","Liberal",200,78,71,22,29,100,100,149,51,185.205,141,"Liberal",NA,50,0.704225352112676,0.78,0.71,0,0,0.78,0.71,0.218808494633012,-0.662788966872179,0.329485438544147,0.363855797978702,1.32557793374436,-0.589145748330826,-0.553384719555673
"Exp. 1","HCRN","Strategic","Conservative",100,18,14,12,56,30,70,32,68,1176.95,972,"Conservative",NA,0,NA,0.6,0.2,0,0,0.6,0.2,1.09496833670871,0.294137065218557,0.926644089994131,1.02330720986289,-0.588274130437114,0.261455169083162,0.841621233572914
"Exp. 1","HCRN","Strategic","Liberal",100,51,22,19,8,70,30,73,27,1121.69,911.5,"Liberal",NA,0,NA,0.728571428571429,0.733333333333333,0,0,0.728571428571429,0.733333333333333,-0.0144275887102043,-0.615711928854986,0.110157555931813,0.121648670102254,1.23142385770997,-0.547299492315543,-0.622925723210088
"Exp. 1","HCRN","FPF","Conservative",200,62,23,38,77,100,100,85,115,989.035,881,"Conservative",NA,28,0.736842105263158,0.62,0.23,0,0,0.62,0.23,1.04432763728461,0.216683030542908,0.896558267447568,0.990082976892554,-0.433366061085816,0.192607138260363,0.738846849185214
"Exp. 1","HCRN","FPF","Liberal",200,72,27,28,73,100,100,99,101,953.77,872,"Liberal",NA,20,0.740740740740741,0.72,0.27,0,0,0.72,0.27,1.19565449828784,0.0149857418727054,1.07309190008452,1.1850317614489,-0.0299714837454108,0.0133206594424048,0.612812991016627
"Exp. 1","HDPY","Strategic","Conservative",100,15,16,15,54,30,70,31,69,1220.89,1099.5,"Conservative",NA,0,NA,0.5,0.228571428571429,0,0,0.5,0.228571428571429,0.743559756879431,0.371779878439715,0.594847805503545,0.656899509440299,-0.743559756879431,0.330471003057525,0.743559756879431
"Exp. 1","HDPY","Strategic","Liberal",100,45,7,25,23,70,30,52,48,1310.35,1133,"Liberal",NA,0,NA,0.642857142857143,0.233333333333333,0,0,0.642857142857143,0.233333333333333,1.09401964768221,0.180903467040537,0.948436989505885,1.04737344136968,-0.361806934081074,0.160803081813811,0.727913290881644
"Exp. 1","HDPY","FPF","Conservative",200,73,40,27,60,100,100,113,87,1103.99,963.5,"Conservative",NA,22,0.814814814814815,0.73,0.4,0,0,0.73,0.4,0.866160094152427,-0.179732943940414,0.815490673525267,0.900558795771997,0.359465887880827,-0.159762616835923,0.2533471031358
"Exp. 1","HDPY","FPF","Liberal",200,61,30,39,70,100,100,91,109,1085.655,995,"Liberal",NA,20,0.666666666666667,0.61,0.3,0,0,0.61,0.3,0.803719547155495,0.122540739130293,0.698839444613887,0.771739063500097,-0.245081478260587,0.10892510144915,0.524400512708041
"Exp. 1","HRQB","Strategic","Conservative",100,8,14,22,56,30,70,22,78,1034.1,943,"Conservative",NA,0,NA,0.266666666666667,0.2,0,0,0.266666666666667,0.2,0.218695510362826,0.732273478391501,0.0503712636482436,0.0556257551499399,-1.464546956783,0.650909758570223,0.841621233572914
"Exp. 1","HRQB","Strategic","Liberal",100,40,15,30,15,70,30,55,45,961.21,895,"Liberal",NA,0,NA,0.571428571428571,0.5,0,0,0.571428571428571,0.5,0.180012369792705,-0.0900061848963525,0.180012369792705,0.19879040708558,0.180012369792705,-0.0800054976856466,0
"Exp. 1","HRQB","FPF","Conservative",200,66,38,34,62,100,100,104,96,905.95,860.5,"Conservative",NA,23,0.676470588235294,0.66,0.38,0,0,0.66,0.38,0.717943917540802,-0.0534911706710037,0.656847759920923,0.725367005269119,0.106982341342007,-0.0475477072631144,0.305480788099397
"Exp. 1","HRQB","FPF","Liberal",200,66,26,34,74,100,100,92,108,1107.47,941,"Liberal",NA,18,0.692307692307692,0.66,0.26,0,0,0.66,0.26,1.05580853483432,0.115441137975756,0.927139453755738,1.02385424762446,-0.230882275951512,0.102614344867339,0.643345405392917
"Exp. 1","HYCF","Strategic","Conservative",100,15,17,15,53,30,70,32,68,1274.18,979.5,"Conservative",NA,0,NA,0.5,0.242857142857143,0,0,0.5,0.242857142857143,0.697141434846342,0.348570717423171,0.557713147877073,0.615891140320718,-0.697141434846342,0.309840637709485,0.697141434846342
"Exp. 1","HYCF","Strategic","Liberal",100,53,9,17,21,70,30,62,38,1047.28,868.5,"Liberal",NA,0,NA,0.757142857142857,0.3,0,0,0.757142857142857,0.3,1.22154194755438,-0.0863704610691506,1.11666184501277,1.23314671654314,0.172740922138301,-0.0767737431725783,0.524400512708041
"Exp. 1","HYCF","FPF","Conservative",200,85,31,15,69,100,100,116,84,963.59,842,"Conservative",NA,10,0.666666666666667,0.85,0.31,0,0,0.85,0.31,1.53228373684124,-0.270291521073168,1.43311366737175,1.58260929326583,0.540583042146336,-0.240259129842816,0.495850347347453
"Exp. 1","HYCF","FPF","Liberal",200,71,38,29,62,100,100,109,91,1111.605,963.5,"Liberal",NA,22,0.578947368421053,0.71,0.38,0,0,0.71,0.38,0.85886550765507,-0.123951965728138,0.797769350035191,0.880988867801246,0.247903931456275,-0.110179525091678,0.305480788099397
"Exp. 1","IBVV","Strategic","Conservative",100,19,22,11,48,30,70,41,59,1117.52,1038.5,"Conservative",NA,0,NA,0.633333333333333,0.314285714285714,0,0,0.633333333333333,0.314285714285714,0.824433380133898,0.0715218629791539,0.727685669524678,0.803594389884066,-0.143043725958308,0.0635749893148034,0.483738553046103
"Exp. 1","IBVV","Strategic","Liberal",100,60,15,10,15,70,30,75,25,1260.41,1100.5,"Liberal",NA,0,NA,0.857142857142857,0.5,0,0,0.857142857142857,0.5,1.06757052387814,-0.533785261939071,1.06757052387814,1.17893442144387,1.06757052387814,-0.474475788390285,0
"Exp. 1","IBVV","FPF","Conservative",200,54,26,46,74,100,100,80,120,1603.405,1227,"Conservative",NA,37,0.804347826086957,0.54,0.26,0,0,0.54,0.26,0.743779125904387,0.271455842440723,0.615110044825803,0.679275409540807,-0.542911684881447,0.241294082169532,0.643345405392917
"Exp. 1","IBVV","FPF","Liberal",200,60,58,40,42,100,100,118,82,1337.28,1181.5,"Liberal",NA,36,0.620689655172414,0.6,0.58,0,0,0.6,0.58,0.051453623993949,-0.227620291138825,0.0918323198223192,0.101411832209721,0.455240582277651,-0.202329147678956,-0.201893479141851
"Exp. 1","JMJX","Strategic","Conservative",100,12,23,18,47,30,70,35,65,700.78,659.5,"Conservative",NA,0,NA,0.4,0.328571428571429,0,0,0.4,0.328571428571429,0.190514208790448,0.348604207531024,0.101741946405198,0.112355184073513,-0.697208415062047,0.309870406694243,0.443861311926248
"Exp. 1","JMJX","Strategic","Liberal",100,57,24,13,6,70,30,81,19,663.81,580.5,"Liberal",NA,0,NA,0.814285714285714,0.8,0,0,0.814285714285714,0.8,0.0521793976065746,-0.867710932376202,0.220503644321157,0.243505539474506,1.7354218647524,-0.771298606556624,-0.841621233572914
"Exp. 1","JMJX","FPF","Conservative",200,30,31,70,69,100,100,61,139,639.445,579.5,"Conservative",NA,49,0.7,0.3,0.31,0,0,0.3,0.31,-0.0285501653605875,0.510125430027747,-0.127720234830078,-0.141043404429233,-1.02025086005549,0.453444826691331,0.495850347347453
"Exp. 1","JMJX","FPF","Liberal",200,90,91,10,9,100,100,181,19,615.505,562.5,"Liberal",NA,61,0.67032967032967,0.9,0.91,0,0,0.9,0.91,-0.0592034681456157,-1.31115329961741,0.208947538592428,0.230743955563447,2.62230659923482,-1.16546959965992,-1.34075503369022
"Exp. 1","JVYU","Strategic","Conservative",100,9,13,21,57,30,70,22,78,717.25,671.5,"Conservative",NA,0,NA,0.3,0.185714285714286,0,0,0.3,0.185714285714286,0.369400118471448,0.709100571943765,0.190639992235551,0.210526652734688,-1.41820114388753,0.630311619505569,0.893800631179489
"Exp. 1","JVYU","Strategic","Liberal",100,46,10,24,20,70,30,56,44,847.63,733,"Liberal",NA,0,NA,0.657142857142857,0.333333333333333,0,0,0.657142857142857,0.333333333333333,0.835405203825505,0.013024697382705,0.749259743966413,0.827418969526598,-0.0260493947654099,0.0115775087846266,0.430727299295457
"Exp. 1","JVYU","FPF","Conservative",200,49,19,51,81,100,100,68,132,839.885,748,"Conservative",NA,31,0.607843137254902,0.49,0.19,0,0,0.49,0.19,0.852827386792517,0.45148260165497,0.677248127782272,0.747895442823289,-0.90296520330994,0.401317868137751,0.877896295051228
"Exp. 1","JVYU","FPF","Liberal",200,65,28,35,72,100,100,93,107,822.91,732.5,"Liberal",NA,23,0.821428571428571,0.65,0.28,0,0,0.65,0.28,0.968161973678784,0.0987605204318243,0.851593672224541,0.940427888194387,-0.197521040863649,0.0877871292727327,0.582841507271216
"Exp. 1","KBLM","Strategic","Conservative",100,12,10,18,60,30,70,22,78,872.89,716,"Conservative",NA,0,NA,0.4,0.142857142857143,0,0,0.4,0.142857142857143,0.814223420742342,0.660458813506971,0.600709315966714,0.663372464895814,-1.32091762701394,0.587074500895085,1.06757052387814
"Exp. 1","KBLM","Strategic","Liberal",100,41,7,29,23,70,30,48,52,1253.17,1030.5,"Liberal",NA,0,NA,0.585714285714286,0.233333333333333,0,0,0.585714285714286,0.233333333333333,0.944447415330815,0.255689583216237,0.798864757154486,0.882198542599816,-0.511379166432473,0.227279629525544,0.727913290881644
"Exp. 1","KBLM","FPF","Conservative",200,53,10,47,90,100,100,63,137,916.17,840,"Conservative",NA,38,0.808510638297872,0.53,0.1,0,0,0.53,0.1,1.35682142764443,0.603140851722385,1.10051111453551,1.21531121840487,-1.20628170344477,0.536125201531009,1.2815515655446
"Exp. 1","KBLM","FPF","Liberal",200,59,32,41,68,100,100,91,109,837.455,757,"Liberal",NA,26,0.8125,0.59,0.32,0,0,0.59,0.32,0.695243775755657,0.120076911236679,0.601704015932756,0.66447092724818,-0.240153822473359,0.106735032210382,0.467698799114508
"Exp. 1","KGMJ","Strategic","Conservative",100,20,19,10,51,30,70,39,61,1096.34,913.5,"Conservative",NA,0,NA,0.666666666666667,0.271428571428571,0,0,0.666666666666667,0.271428571428571,1.03922543379534,0.0888854176022131,0.917525806895364,1.0132377506851,-0.177770835204426,0.0790092600908561,0.608498134499883
"Exp. 1","KGMJ","Strategic","Liberal",100,49,10,21,20,70,30,59,41,1092.2,911.5,"Liberal",NA,0,NA,0.7,0.333333333333333,0,0,0.7,0.333333333333333,0.955127812003498,-0.0468366067062916,0.868982352144407,0.959630472794165,0.0936732134125832,-0.0416325392944814,0.430727299295457
"Exp. 1","KGMJ","FPF","Conservative",200,34,36,66,64,100,100,70,130,786.975,704.5,"Conservative",NA,43,0.651515151515151,0.34,0.36,0,0,0.34,0.36,-0.0540043361902109,0.385460961346299,-0.12569609484045,-0.138808115748795,-0.770921922692598,0.342631965641155,0.358458793251194
"Exp. 1","KGMJ","FPF","Liberal",200,84,77,16,23,100,100,161,39,830.49,793,"Liberal",NA,53,0.688311688311688,0.84,0.77,0,0,0.84,0.77,0.255611034024539,-0.866652366197483,0.403380403861582,0.445459135871224,1.73330473239497,-0.770357658842207,-0.738846849185214
"Exp. 1","KKHX","Strategic","Conservative",100,23,16,7,54,30,70,39,61,997.4,874.5,"Conservative",NA,0,NA,0.766666666666667,0.228571428571429,0,0,0.766666666666667,0.228571428571429,1.47147304776108,0.00782323299889309,1.32276109638519,1.46074526506254,-0.0156464659977862,0.00695398488790497,0.743559756879431
"Exp. 1","KKHX","Strategic","Liberal",100,60,11,10,19,70,30,71,29,1094.48,907,"Liberal",NA,0,NA,0.857142857142857,0.366666666666667,0,0,0.857142857142857,0.366666666666667,1.40826535096594,-0.363437848395173,1.34012638554838,1.47992201889276,0.726875696790346,-0.323055865240154,0.340694827087795
"Exp. 1","KKHX","FPF","Conservative",200,68,32,32,68,100,100,100,100,911.07,854,"Conservative",NA,22,0.6875,0.68,0.32,0,0,0.68,0.32,0.935397598229016,-1.11022302462516e-16,0.841857838406115,0.929676458332588,2.22044604925031e-16,-9.86864910777917e-17,0.467698799114508
"Exp. 1","KKHX","FPF","Liberal",200,84,41,16,59,100,100,125,75,1065.12,970.5,"Liberal",NA,30,0.731707317073171,0.84,0.41,0,0,0.84,0.41,1.2220028598509,-0.383456453284302,1.17649386452267,1.29922012876932,0.766912906568603,-0.340850180697157,0.227544976641149
"Exp. 1","LJQQ","Strategic","Conservative",100,4,8,26,62,30,70,12,88,611.72,535,"Conservative",NA,0,NA,0.133333333333333,0.114285714285714,0,0,0.133333333333333,0.114285714285714,0.0932753433899165,1.15740928833174,-0.147534048615424,-0.162924101366019,-2.31481857666349,1.02880825629488,1.2040469600267
"Exp. 1","LJQQ","Strategic","Liberal",100,63,27,7,3,70,30,90,10,538.77,430.5,"Liberal",NA,0,NA,0.9,0.9,0,0,0.9,0.9,0,-1.2815515655446,0.25631031310892,0.283047390253398,2.5631031310892,-1.13915694715076,-1.2815515655446
"Exp. 1","LJQQ","FPF","Conservative",200,33,12,67,88,100,100,45,155,977.265,883.5,"Conservative",NA,48,0.716417910447761,0.33,0.12,0,0,0.33,0.12,0.735073626392856,0.807449978869662,0.500076267979638,0.552241854268054,-1.61489995773932,0.717733314550811,1.17498679206609
"Exp. 1","LJQQ","FPF","Liberal",200,77,67,23,33,100,100,144,56,755.885,663.5,"Liberal",NA,38,0.567164179104478,0.77,0.67,0,0,0.77,0.67,0.29893368351198,-0.589380007429224,0.386916316646627,0.427277593105455,1.17876001485845,-0.523893339937088,-0.439913165673234
"Exp. 1","LOCF","Strategic","Conservative",100,23,16,7,54,30,70,39,61,978.23,770.5,"Conservative",NA,0,NA,0.766666666666667,0.228571428571429,0,0,0.766666666666667,0.228571428571429,1.47147304776108,0.00782323299889309,1.32276109638519,1.46074526506254,-0.0156464659977862,0.00695398488790497,0.743559756879431
"Exp. 1","LOCF","Strategic","Liberal",100,58,6,12,24,70,30,64,36,882.08,820,"Liberal",NA,0,NA,0.828571428571429,0.2,0,0,0.828571428571429,0.2,1.79015627439955,-0.0534569036268618,1.62183202768497,1.79101385854314,0.106913807253724,-0.0475172476683216,0.841621233572914
"Exp. 1","LOCF","FPF","Conservative",200,62,10,38,90,100,100,72,128,908.54,778,"Conservative",NA,28,0.736842105263158,0.62,0.1,0,0,0.62,0.1,1.587032353644,0.488035388722602,1.33072204053508,1.46953665717722,-0.976070777445203,0.43380923442009,1.2815515655446
"Exp. 1","LOCF","FPF","Liberal",200,72,10,28,90,100,100,82,118,832.425,748.5,"Liberal",NA,6,0.6,0.72,0.1,0,0,0.72,0.1,1.86439307281582,0.349355029136692,1.6080827597069,1.77583033209083,-0.698710058273385,0.31053780367706,1.2815515655446
"Exp. 1","MBNH","Strategic","Conservative",100,23,20,7,50,30,70,43,57,1631.64,1198,"Conservative",NA,0,NA,0.766666666666667,0.285714285714286,0,0,0.766666666666667,0.285714285714286,1.29386211281451,-0.0809822344743907,1.18067234842793,1.3038344923127,0.161964468948781,-0.0719842084216806,0.565948821932863
"Exp. 1","MBNH","Strategic","Liberal",100,54,6,16,24,70,30,60,40,1587.4,1152.5,"Liberal",NA,0,NA,0.771428571428571,0.2,0,0,0.771428571428571,0.2,1.58518099045234,0.0490307383467418,1.41685674373776,1.56465652440399,-0.0980614766934835,0.0435828785304371,0.841621233572914
"Exp. 1","MBNH","FPF","Conservative",200,61,33,39,67,100,100,94,106,1603.86,1163.5,"Conservative",NA,29,0.743589743589744,0.61,0.33,0,0,0.61,0.33,0.719232200120688,0.0802970656128899,0.631249566986041,0.697098530163546,-0.16059413122578,0.0713751694336799,0.439913165673234
"Exp. 1","MBNH","FPF","Liberal",200,76,34,24,66,100,100,110,90,1632.195,1145.5,"Liberal",NA,26,0.764705882352941,0.76,0.34,0,0,0.76,0.34,1.11876569228149,-0.146919716699341,1.03627306639321,1.14437216152063,0.293839433398683,-0.130595303732748,0.412463129441405
"Exp. 1","MCIP","Strategic","Conservative",100,8,15,22,55,30,70,23,77,1059.18,904.5,"Conservative",NA,0,NA,0.266666666666667,0.214285714285714,0,0,0.266666666666667,0.214285714285714,0.168712884533287,0.707282165476731,0.0103851629846119,0.011468493969267,-1.41456433095346,0.628695258201539,0.791638607743375
"Exp. 1","MCIP","Strategic","Liberal",100,18,7,52,23,70,30,25,75,1164.13,942.5,"Liberal",NA,0,NA,0.257142857142857,0.233333333333333,0,0,0.257142857142857,0.233333333333333,0.0757343045388577,0.690046138612215,-0.0698483536374711,-0.0771346028600149,-1.38009227722443,0.61337434543308,0.727913290881644
"Exp. 1","MCIP","FPF","Conservative",200,23,18,77,82,100,100,41,159,1135.765,923.5,"Conservative",NA,55,0.714285714285714,0.23,0.18,0,0,0.23,0.18,0.1765182386576,0.827105968514014,-0.00655477891096234,-0.00723854238220792,-1.65421193702803,0.73520530534579,0.915365087842814
"Exp. 1","MCIP","FPF","Liberal",200,48,18,52,82,100,100,66,134,1229.89,1054,"Liberal",NA,14,0.777777777777778,0.48,0.18,0,0,0.48,0.18,0.86521150437808,0.482759335653774,0.682138486809518,0.753295940927616,-0.965518671307548,0.429119409470021,0.915365087842814
"Exp. 1","MMZA","Strategic","Conservative",100,8,8,22,62,30,70,16,84,622.59,589.5,"Conservative",NA,0,NA,0.266666666666667,0.114285714285714,0,0,0.266666666666667,0.114285714285714,0.581121236816614,0.913486341618395,0.340311844811274,0.375811563638553,-1.82697268323679,0.811987859216351,1.2040469600267
"Exp. 1","MMZA","Strategic","Liberal",100,37,8,33,22,70,30,45,55,823.66,771,"Liberal",NA,0,NA,0.528571428571429,0.266666666666667,0,0,0.528571428571429,0.266666666666667,0.694605007038719,0.275623219690728,0.570019862396702,0.629481632974418,-0.551246439381456,0.244998417502869,0.622925723210088
"Exp. 1","MMZA","FPF","Conservative",200,48,11,52,89,100,100,59,141,782.82,733.5,"Conservative",NA,33,0.634615384615385,0.48,0.11,0,0,0.48,0.11,1.17637453657188,0.638340851750672,0.931068912564555,1.02819360895352,-1.27668170350134,0.567414090445042,1.22652812003661
"Exp. 1","MMZA","FPF","Liberal",200,58,14,42,86,100,100,72,128,1009.255,910,"Liberal",NA,8,0.571428571428571,0.58,0.14,0,0,0.58,0.14,1.28221281995681,0.439212930836553,1.06614895179382,1.17736455769689,-0.878425861673105,0.390411494076936,1.08031934081496
"Exp. 1","MNKG","Strategic","Conservative",100,20,14,10,56,30,70,34,66,1222.27,943.5,"Conservative",NA,0,NA,0.666666666666667,0.2,0,0,0.666666666666667,0.2,1.27234853286837,0.205446967138728,1.10402428615379,1.21919086743656,-0.410893934277457,0.182619526345536,0.841621233572914
"Exp. 1","MNKG","Strategic","Liberal",100,50,18,20,12,70,30,68,32,1132.47,902.5,"Liberal",NA,0,NA,0.714285714285714,0.6,0,0,0.714285714285714,0.6,0.312601718797063,-0.409647962534331,0.363271139424223,0.401165863055653,0.819295925068663,-0.364131522252739,-0.2533471031358
"Exp. 1","MNKG","FPF","Conservative",200,35,23,65,77,100,100,58,142,965.385,861.5,"Conservative",NA,51,0.784615384615385,0.35,0.23,0,0,0.35,0.23,0.353526382777646,0.562083657796391,0.205757012940603,0.227220609396328,-1.12416731559278,0.499629918041236,0.738846849185214
"Exp. 1","MNKG","FPF","Liberal",200,84,78,16,22,100,100,162,38,631.89,560,"Liberal",NA,61,0.782051282051282,0.84,0.78,0,0,0.84,0.78,0.222264669021068,-0.883325548699219,0.376703311858805,0.415999216060166,1.76665109739844,-0.785178265510417,-0.772193214188685
"Exp. 1","MPNR","Strategic","Conservative",100,8,8,22,62,30,70,16,84,573.75,476.5,"Conservative",NA,0,NA,0.266666666666667,0.114285714285714,0,0,0.266666666666667,0.114285714285714,0.581121236816614,0.913486341618395,0.340311844811274,0.375811563638553,-1.82697268323679,0.811987859216351,1.2040469600267
"Exp. 1","MPNR","Strategic","Liberal",100,48,21,22,9,70,30,69,31,762.82,579,"Liberal",NA,0,NA,0.685714285714286,0.7,0,0,0.685714285714286,0.7,-0.0406619596619376,-0.504069532877072,0.0642181428796705,0.0709170751989456,1.00813906575414,-0.448061807001842,-0.524400512708041
"Exp. 1","MPNR","FPF","Conservative",200,15,11,85,89,100,100,26,174,422.58,357,"Conservative",NA,58,0.682352941176471,0.15,0.11,0,0,0.15,0.11,0.190094730542821,1.1314807547652,-0.0552108934645009,-0.0609702322124061,-2.2629615095304,1.0057606709024,1.22652812003661
"Exp. 1","MPNR","FPF","Liberal",200,76,80,24,20,100,100,156,44,234.665,153,"Liberal",NA,58,0.725,0.76,0.8,0,0,0.76,0.8,-0.135318670732827,-0.773961898206501,0.0330055759817559,0.0364485612464461,1.547923796413,-0.687966131739112,-0.841621233572914
"Exp. 1","MXAV","Strategic","Conservative",100,10,15,20,55,30,70,25,75,917.26,816.5,"Conservative",NA,0,NA,0.333333333333333,0.214285714285714,0,0,0.333333333333333,0.214285714285714,0.360911308447917,0.611182953519416,0.202583586899242,0.223716146589996,-1.22236590703883,0.543273736461703,0.791638607743375
"Exp. 1","MXAV","Strategic","Liberal",100,54,19,16,11,70,30,73,27,797.5,758.5,"Liberal",NA,0,NA,0.771428571428571,0.633333333333333,0,0,0.771428571428571,0.633333333333333,0.402864929791635,-0.542127291983613,0.471003895209194,0.520136789351484,1.08425458396723,-0.481890926207656,-0.340694827087795
"Exp. 1","MXAV","FPF","Conservative",200,43,15,57,85,100,100,58,142,997.415,878,"Conservative",NA,40,0.701754385964912,0.43,0.15,0,0,0.43,0.15,0.860059224712928,0.606403777137325,0.65277254681417,0.72086668524453,-1.21280755427465,0.539025579677623,1.03643338949379
"Exp. 1","MXAV","FPF","Liberal",200,57,26,43,74,100,100,83,117,939.06,875.5,"Liberal",NA,15,0.576923076923077,0.57,0.26,0,0,0.57,0.26,0.819719570173778,0.233485620306028,0.691050489095195,0.763137601055515,-0.466971240612056,0.207542773605358,0.643345405392917
"Exp. 1","NBDU","Strategic","Conservative",100,13,33,17,37,30,70,46,54,621.97,559,"Conservative",NA,0,NA,0.433333333333333,0.471428571428571,0,0,0.433333333333333,0.471428571428571,-0.0962147209594737,0.119786644308369,-0.1105505777252,-0.122082690066498,-0.239573288616737,0.106477017162994,0.0716792838286317
"Exp. 1","NBDU","Strategic","Liberal",100,46,20,24,10,70,30,66,34,771.81,635,"Liberal",NA,0,NA,0.657142857142857,0.666666666666667,0,0,0.657142857142857,0.666666666666667,-0.0260493947654098,-0.417702601912752,0.0600960650936816,0.0663650017938858,0.835405203825505,-0.371291201700224,-0.430727299295457
"Exp. 1","NBDU","FPF","Conservative",200,49,43,51,57,100,100,92,108,790.16,642.5,"Conservative",NA,39,0.764705882352941,0.49,0.43,0,0,0.49,0.43,0.15130525652215,0.100721536519786,0.116030423565978,0.128134167455018,-0.201443073039572,0.0895302546842544,0.176374164780861
"Exp. 1","NBDU","FPF","Liberal",200,82,55,18,45,100,100,137,63,996.8,836,"Liberal",NA,36,0.654545454545455,0.82,0.55,0,0,0.82,0.55,0.78970374098774,-0.520513217348944,0.814836010358755,0.899835841246567,1.04102643469789,-0.462678415421284,-0.125661346855074
"Exp. 1","NBKA","Strategic","Conservative",100,11,12,19,58,30,70,23,77,763.32,680,"Conservative",NA,0,NA,0.366666666666667,0.171428571428571,0,0,0.366666666666667,0.171428571428571,0.607840213738842,0.644614933957217,0.418133205573515,0.461750879940508,-1.28922986791443,0.572991052406415,0.948535040826638
"Exp. 1","NBKA","Strategic","Liberal",100,51,20,19,10,70,30,71,29,761.54,682.5,"Liberal",NA,0,NA,0.728571428571429,0.666666666666667,0,0,0.728571428571429,0.666666666666667,0.177770835204426,-0.51961271689767,0.263916295063518,0.291446792198837,1.03922543379534,-0.461877970575707,-0.430727299295457
"Exp. 1","NBKA","FPF","Conservative",200,46,45,54,55,100,100,91,109,824.815,758.5,"Conservative",NA,41,0.759259259259259,0.46,0.45,0,0,0.46,0.45,0.0252276263436042,0.113047533683272,9.53569725894582e-05,0.000105304160049312,-0.226095067366544,0.100486696607353,0.125661346855074
"Exp. 1","NBKA","FPF","Liberal",200,56,34,44,66,100,100,90,110,1009.75,896,"Liberal",NA,26,0.764705882352941,0.56,0.34,0,0,0.56,0.34,0.563432344938182,0.130746956972314,0.480939719049901,0.531109071246885,-0.261493913944627,0.116219517308723,0.412463129441405
"Exp. 1","NMIG","Strategic","Conservative",100,16,17,14,53,30,70,33,67,978.61,901.5,"Conservative",NA,0,NA,0.533333333333333,0.242857142857143,0,0,0.533333333333333,0.242857142857143,0.780793168753471,0.306744850469606,0.641364881784203,0.70826902666243,-0.613489700939213,0.272662089306317,0.697141434846342
"Exp. 1","NMIG","Strategic","Liberal",100,49,22,21,8,70,30,71,29,1027.26,944,"Liberal",NA,0,NA,0.7,0.733333333333333,0,0,0.7,0.733333333333333,-0.0985252105020471,-0.573663117959064,0.0260599341399704,0.0287783829648693,1.14732623591813,-0.509922771519168,-0.622925723210088
"Exp. 1","NMIG","FPF","Conservative",200,63,40,37,60,100,100,103,97,1181.795,1049,"Conservative",NA,27,0.72972972972973,0.63,0.4,0,0,0.63,0.4,0.585200449572616,-0.0392531216505084,0.534531028945456,0.590290772608047,0.0785062433010167,-0.0348916636893408,0.2533471031358
"Exp. 1","NMIG","FPF","Liberal",200,70,60,30,40,100,100,130,70,1282.37,1071,"Liberal",NA,41,0.683333333333333,0.7,0.6,0,0,0.7,0.6,0.271053409572241,-0.38887380792192,0.321722830199401,0.355283431120386,0.77774761584384,-0.345665607041707,-0.2533471031358
"Exp. 1","NTMC","Strategic","Conservative",100,15,14,15,56,30,70,29,71,1734.83,1418,"Conservative",NA,0,NA,0.5,0.2,0,0,0.5,0.2,0.841621233572914,0.420810616786457,0.673296986858331,0.743532137603614,-0.841621233572914,0.374053881587962,0.841621233572914
"Exp. 1","NTMC","Strategic","Liberal",100,51,7,19,23,70,30,58,42,2069.59,1462.5,"Liberal",NA,0,NA,0.728571428571429,0.233333333333333,0,0,0.728571428571429,0.233333333333333,1.33641142538153,0.0597075781908803,1.1908287672052,1.31505038056298,-0.119415156381761,0.053073402836338,0.727913290881644
"Exp. 1","NTMC","FPF","Conservative",200,61,35,39,65,100,100,96,104,1374.84,1149.5,"Conservative",NA,32,0.82051282051282,0.61,0.35,0,0,0.61,0.35,0.664639500855022,0.0530007159800568,0.587575407573508,0.648868489423925,-0.106001431960114,0.0471117475378283,0.385320466407568
"Exp. 1","NTMC","FPF","Liberal",200,67,41,33,59,100,100,108,92,1471.84,1206.5,"Liberal",NA,32,0.780487804878049,0.67,0.41,0,0,0.67,0.41,0.667458142314383,-0.106184094516042,0.621949146986153,0.6868279344263,0.212368189032084,-0.0943858617920375,0.227544976641149
"Exp. 1","NZRP","Strategic","Conservative",100,28,5,2,65,30,70,33,67,2231.77,1726,"Conservative",NA,0,NA,0.933333333333333,0.0714285714285714,0,0,0.933333333333333,0.0714285714285714,2.96631973872955,-0.0179260766792512,2.67327298019244,2.95213614817304,0.0358521533585023,-0.0159342903815566,1.46523379268552
"Exp. 1","NZRP","Strategic","Liberal",100,50,5,20,25,70,30,55,45,1870.09,1249.5,"Liberal",NA,0,NA,0.714285714285714,0.166666666666667,0,0,0.714285714285714,0.166666666666667,1.53337038803456,0.200736372084419,1.33988607481422,1.47965664008171,-0.401472744168838,0.178432330741706,0.967421566101701
"Exp. 1","NZRP","FPF","Conservative",200,80,12,20,88,100,100,92,108,1350.74,1032,"Conservative",NA,16,0.8,0.8,0.12,0,0,0.8,0.12,2.016608025639,0.166682779246588,1.78161066722579,1.96745984852969,-0.333365558493176,0.148162470441411,1.17498679206609
"Exp. 1","NZRP","FPF","Liberal",200,85,10,15,90,100,100,95,105,1534.58,1136.5,"Liberal",NA,4,0.4,0.85,0.1,0,0,0.85,0.1,2.31798495503839,0.122559088025406,2.06167464192947,2.27673876978084,-0.245118176050811,0.108941411578138,1.2815515655446
"Exp. 1","OJHZ","Strategic","Conservative",100,7,18,23,52,30,70,25,75,1196.78,941.5,"Conservative",NA,0,NA,0.233333333333333,0.257142857142857,0,0,0.233333333333333,0.257142857142857,-0.0757343045388577,0.690046138612215,-0.206170101807415,-0.227676789735993,-1.38009227722443,0.61337434543308,0.652178986342786
"Exp. 1","OJHZ","Strategic","Liberal",100,47,15,23,15,70,30,62,38,914.88,800,"Liberal",NA,0,NA,0.671428571428571,0.5,0,0,0.671428571428571,0.5,0.443861311926248,-0.221930655963124,0.443861311926248,0.49016282041599,0.443861311926248,-0.197271694189443,0
"Exp. 1","OJHZ","FPF","Conservative",200,49,19,51,81,100,100,68,132,1325.155,1060,"Conservative",NA,37,0.725490196078431,0.49,0.19,0,0,0.49,0.19,0.852827386792517,0.45148260165497,0.677248127782272,0.747895442823289,-0.90296520330994,0.401317868137751,0.877896295051228
"Exp. 1","OJHZ","FPF","Liberal",200,64,53,36,47,100,100,117,83,1417.07,945.5,"Liberal",NA,30,0.566037735849057,0.64,0.53,0,0,0.64,0.53,0.283188931151364,-0.216864327675512,0.29824290357133,0.329354189823753,0.433728655351024,-0.192768291267122,-0.0752698620998299
"Exp. 1","OQUQ","Strategic","Conservative",100,19,28,11,42,30,70,47,53,922.42,872.5,"Conservative",NA,0,NA,0.633333333333333,0.4,0,0,0.633333333333333,0.4,0.594041930223595,-0.0436738619759978,0.543372509596435,0.600054554618535,0.0873477239519956,-0.0388212106453314,0.2533471031358
"Exp. 1","OQUQ","Strategic","Liberal",100,51,18,19,12,70,30,69,31,930.32,856,"Liberal",NA,0,NA,0.728571428571429,0.6,0,0,0.728571428571429,0.6,0.355151031364084,-0.430922618817842,0.405820451991244,0.44815371825777,0.861845237635683,-0.383042327838081,-0.2533471031358
"Exp. 1","OQUQ","FPF","Conservative",200,34,37,66,63,100,100,71,129,481.6,336.5,"Conservative",NA,41,0.621212121212121,0.34,0.37,0,0,0.34,0.37,-0.0806097830045881,0.372158237939111,-0.146980452291951,-0.162312756497714,-0.744316475878221,0.330807322612543,0.331853346436817
"Exp. 1","OQUQ","FPF","Liberal",200,84,40,16,60,100,100,124,76,1233.375,1072.5,"Liberal",NA,35,0.875,0.84,0.4,0,0,0.84,0.4,1.24780498634555,-0.370555390036977,1.19713556571839,1.32201507440757,0.741110780073953,-0.329382568921757,0.2533471031358
"Exp. 1","ORUS","Strategic","Conservative",100,15,13,15,57,30,70,28,72,1931.39,1614.5,"Conservative",NA,0,NA,0.5,0.185714285714286,0,0,0.5,0.185714285714286,0.893800631179489,0.446900315589745,0.715040504943591,0.789630141662496,-0.893800631179489,0.397244724968662,0.893800631179489
"Exp. 1","ORUS","Strategic","Liberal",100,57,8,13,22,70,30,65,35,1940.29,1546.5,"Liberal",NA,0,NA,0.814285714285714,0.266666666666667,0,0,0.814285714285714,0.266666666666667,1.51672635438958,-0.135437453984701,1.39214120974756,1.53736278304106,0.270874907969401,-0.120388847986401,0.622925723210088
"Exp. 1","ORUS","FPF","Conservative",200,52,14,48,86,100,100,66,134,1524.74,1247,"Conservative",NA,34,0.708333333333333,0.52,0.14,0,0,0.52,0.14,1.13047292427969,0.515082878675111,0.914409056116699,1.00979587523627,-1.03016575735022,0.45785144771121,1.08031934081496
"Exp. 1","ORUS","FPF","Liberal",200,62,29,38,71,100,100,91,109,1587.73,1332.5,"Liberal",NA,17,0.586206896551724,0.62,0.29,0,0,0.62,0.29,0.85886550765507,0.123951965728138,0.748188563743936,0.826236048859904,-0.247903931456276,0.110179525091678,0.553384719555673
"Exp. 1","OVHO","Strategic","Conservative",100,18,29,12,41,30,70,47,53,810.9,741,"Conservative",NA,0,NA,0.6,0.414285714285714,0,0,0.6,0.414285714285714,0.469881227584971,-0.0184064893433145,0.426574402695136,0.471072622740901,0.036812978686629,-0.016361323860724,0.216534124449171
"Exp. 1","OVHO","Strategic","Liberal",100,40,16,30,14,70,30,56,44,608.05,536,"Liberal",NA,0,NA,0.571428571428571,0.533333333333333,0,0,0.571428571428571,0.533333333333333,0.0963606358855759,-0.131832051849917,0.113090982667002,0.12488809801221,0.263664103699834,-0.117184046088815,-0.0836517339071291
"Exp. 1","OVHO","FPF","Conservative",200,56,36,44,64,100,100,92,108,647.855,637.5,"Conservative",NA,29,0.659090909090909,0.56,0.36,0,0,0.56,0.36,0.509428008747971,0.103744788877208,0.437736250097732,0.483398821165733,-0.207489577754416,0.0922175901130739,0.358458793251194
"Exp. 1","OVHO","FPF","Liberal",200,64,56,36,44,100,100,120,80,648.67,636,"Liberal",NA,42,0.75,0.64,0.56,0,0,0.64,0.56,0.207489577754416,-0.254714004373986,0.237683420853772,0.26247742887572,0.509428008747971,-0.226412448332432,-0.150969215496777
"Exp. 1","PKUY","Strategic","Conservative",100,12,20,18,50,30,70,32,68,1000.91,762,"Conservative",NA,0,NA,0.4,0.285714285714286,0,0,0.4,0.285714285714286,0.312601718797063,0.409647962534331,0.199411954410491,0.220213664431182,-0.819295925068663,0.364131522252739,0.565948821932863
"Exp. 1","PKUY","Strategic","Liberal",100,53,18,17,12,70,30,71,29,843.73,770,"Liberal",NA,0,NA,0.757142857142857,0.6,0,0,0.757142857142857,0.6,0.443794331710542,-0.475244268991071,0.494463752337702,0.546043867593474,0.950488537982142,-0.422439350214285,-0.2533471031358
"Exp. 1","PKUY","FPF","Conservative",200,51,26,49,74,100,100,77,123,834.715,782.5,"Conservative",NA,30,0.612244897959184,0.51,0.26,0,0,0.51,0.26,0.668414313651628,0.309138248567103,0.539745232573045,0.596048897246643,-0.618276497134206,0.274789554281869,0.643345405392917
"Exp. 1","PKUY","FPF","Liberal",200,76,57,24,43,100,100,133,67,758.25,714.5,"Liberal",NA,46,0.807017543859649,0.76,0.57,0,0,0.76,0.57,0.529928398059226,-0.441338363810474,0.565203231015399,0.624162553434645,0.882676727620949,-0.392300767831533,-0.176374164780861
"Exp. 1","PKYB","Strategic","Conservative",100,9,13,21,57,30,70,22,78,992.15,870,"Conservative",NA,0,NA,0.3,0.185714285714286,0,0,0.3,0.185714285714286,0.369400118471448,0.709100571943765,0.190639992235551,0.210526652734688,-1.41820114388753,0.630311619505569,0.893800631179489
"Exp. 1","PKYB","Strategic","Liberal",100,54,18,16,12,70,30,72,28,1034.59,929.5,"Liberal",NA,0,NA,0.771428571428571,0.6,0,0,0.771428571428571,0.6,0.490212653743631,-0.498453430007615,0.540882074370791,0.597304328992951,0.99690686001523,-0.443069715562325,-0.2533471031358
"Exp. 1","PKYB","FPF","Conservative",200,36,23,64,77,100,100,59,141,1141.77,928.5,"Conservative",NA,42,0.65625,0.36,0.23,0,0,0.36,0.23,0.38038805593402,0.548652821218204,0.232618686096977,0.256884364992149,-1.09730564243641,0.487691396638403,0.738846849185214
"Exp. 1","PKYB","FPF","Liberal",200,74,62,26,38,100,100,136,64,1124.99,970.5,"Liberal",NA,47,0.758064516129032,0.74,0.62,0,0,0.74,0.62,0.337864617293519,-0.474413096746157,0.398960774913399,0.4405784721769,0.948826193492314,-0.421700530441029,-0.305480788099397
"Exp. 1","QHKB","Strategic","Conservative",100,19,4,11,66,30,70,23,77,1706.7,1307,"Conservative",NA,0,NA,0.633333333333333,0.0571428571428571,0,0,0.633333333333333,0.0571428571428571,1.91991434637137,0.61926234609789,1.60407044251466,1.77139946898448,-1.23852469219578,0.55045541875368,1.57921951928357
"Exp. 1","QHKB","Strategic","Liberal",100,51,14,19,16,70,30,65,35,1472.13,1250.5,"Liberal",NA,0,NA,0.728571428571429,0.466666666666667,0,0,0.728571428571429,0.466666666666667,0.692149868407013,-0.262423200296377,0.675419521625587,0.745876085138564,0.524846400592754,-0.233265066930113,0.0836517339071291
"Exp. 1","QHKB","FPF","Conservative",200,61,9,39,91,100,100,70,130,1525.845,1187,"Conservative",NA,31,0.794871794871795,0.61,0.09,0,0,0.61,0.09,1.62007406813767,0.530717999621381,1.35192306139963,1.49294926806139,-1.06143599924276,0.471749332996783,1.34075503369022
"Exp. 1","QHKB","FPF","Liberal",200,70,10,30,90,100,100,80,120,1408.09,1114.5,"Liberal",NA,4,0.4,0.7,0.1,0,0,0.7,0.1,1.80595207825264,0.37857552641828,1.54964176514372,1.7112930499414,-0.75715105283656,0.336511579038471,1.2815515655446
"Exp. 1","QHVC","Strategic","Conservative",100,10,7,20,63,30,70,17,83,886.01,807,"Conservative",NA,0,NA,0.333333333333333,0.1,0,0,0.333333333333333,0.1,0.850824266249143,0.856139432420029,0.594513953140223,0.656530831180647,-1.71227886484006,0.761012828817804,1.2815515655446
"Exp. 1","QHVC","Strategic","Liberal",100,52,20,18,10,70,30,72,28,974.36,885.5,"Liberal",NA,0,NA,0.742857142857143,0.666666666666667,0,0,0.742857142857143,0.666666666666667,0.221451687047329,-0.541453142819122,0.30759714690642,0.339684223491448,1.08290628563824,-0.481291682505886,-0.430727299295457
"Exp. 1","QHVC","FPF","Conservative",200,36,32,64,68,100,100,68,132,939.005,876.5,"Conservative",NA,45,0.703125,0.36,0.32,0,0,0.36,0.32,0.109240005863314,0.413078796182851,0.0157002460404128,0.0173380212999335,-0.826157592365702,0.367181152162534,0.467698799114508
"Exp. 1","QHVC","FPF","Liberal",200,82,72,18,28,100,100,154,46,919.375,853,"Liberal",NA,60,0.833333333333333,0.82,0.72,0,0,0.82,0.72,0.332523580571598,-0.749103297557015,0.449091882025841,0.495939018799386,1.49820659511403,-0.665869597828458,-0.582841507271216
"Exp. 1","QPQD","Strategic","Conservative",100,20,12,10,58,30,70,32,68,1324.27,1086,"Conservative",NA,0,NA,0.666666666666667,0.171428571428571,0,0,0.666666666666667,0.171428571428571,1.3792623401221,0.25890387076559,1.18955533195677,1.31364410658457,-0.517807741531181,0.230136774013858,0.948535040826638
"Exp. 1","QPQD","Strategic","Liberal",100,42,9,28,21,70,30,51,49,1176.98,953,"Liberal",NA,0,NA,0.6,0.3,0,0,0.6,0.3,0.77774761584384,0.13552670478612,0.672867513302232,0.743057863401526,-0.271053409572241,0.120468182032107,0.524400512708041
"Exp. 1","QPQD","FPF","Conservative",200,52,44,48,56,100,100,96,104,1095.045,912,"Conservative",NA,35,0.729166666666667,0.52,0.44,0,0,0.52,0.44,0.201122798961511,0.0504078160160218,0.170928955862155,0.188759454462379,-0.100815632032044,0.0448069475697972,0.150969215496777
"Exp. 1","QPQD","FPF","Liberal",200,73,83,27,17,100,100,156,44,740.035,679,"Liberal",NA,63,0.759036144578313,0.73,0.83,0,0,0.73,0.83,-0.341352262129567,-0.783489122081411,-0.150519211500328,-0.166220662295638,1.56697824416282,-0.696434775183476,-0.954165253146194
"Exp. 1","QYKQ","Strategic","Conservative",100,14,22,16,48,30,70,36,64,835.68,720,"Conservative",NA,0,NA,0.466666666666667,0.314285714285714,0,0,0.466666666666667,0.314285714285714,0.400086819138974,0.283695143476616,0.303339108529753,0.334982006731242,-0.567390286953232,0.252173460868103,0.483738553046103
"Exp. 1","QYKQ","Strategic","Liberal",100,61,16,9,14,70,30,77,23,822.65,749,"Liberal",NA,0,NA,0.871428571428571,0.533333333333333,0,0,0.871428571428571,0.533333333333333,1.04951829635243,-0.608410882083344,1.06624864313386,1.17747464836506,1.21682176416669,-0.540809672962973,-0.0836517339071291
"Exp. 1","QYKQ","FPF","Conservative",200,48,40,52,60,100,100,88,112,643.51,586.5,"Conservative",NA,34,0.653846153846154,0.48,0.4,0,0,0.48,0.4,0.203193519671066,0.151750343300267,0.152524099043906,0.168434690206096,-0.303500686600533,0.134889194044682,0.2533471031358
"Exp. 1","QYKQ","FPF","Liberal",200,80,56,20,44,100,100,136,64,1045.035,830.5,"Liberal",NA,34,0.607142857142857,0.8,0.56,0,0,0.8,0.56,0.690652018076137,-0.496295224534846,0.720845861175492,0.796041085143466,0.992590449069692,-0.441151310697641,-0.150969215496777
"Exp. 1","RIME","Strategic","Conservative",100,18,10,12,60,30,70,28,72,952.11,868,"Conservative",NA,0,NA,0.6,0.142857142857143,0,0,0.6,0.142857142857143,1.32091762701394,0.407111710371171,1.10740352223831,1.22292260941437,-0.814223420742342,0.361877075885485,1.06757052387814
"Exp. 1","RIME","Strategic","Liberal",100,58,16,12,14,70,30,74,26,1058.76,879,"Liberal",NA,0,NA,0.828571428571429,0.533333333333333,0,0,0.828571428571429,0.533333333333333,0.864883306919509,-0.516093387366883,0.881613653700934,0.973579411866155,1.03218677473377,-0.458749677659452,-0.0836517339071291
"Exp. 1","RIME","FPF","Conservative",200,47,7,53,93,100,100,54,146,879.85,828.5,"Conservative",NA,33,0.622641509433962,0.47,0.07,0,0,0.47,0.07,1.40052116607934,0.7755304451395,1.10536296044351,1.22066918588387,-1.551060890279,0.689360395679556,1.47579102817917
"Exp. 1","RIME","FPF","Liberal",200,65,23,35,77,100,100,88,112,856.19,811.5,"Liberal",NA,17,0.739130434782609,0.65,0.23,0,0,0.65,0.23,1.12416731559278,0.176763191388823,0.976397945755739,1.07825115206151,-0.353526382777646,0.157122836790065,0.738846849185214
"Exp. 1","RJZG","Strategic","Conservative",100,14,26,16,44,30,70,40,60,1271.64,840,"Conservative",NA,0,NA,0.466666666666667,0.371428571428571,0,0,0.466666666666667,0.371428571428571,0.244420373624522,0.20586192071939,0.178805952118192,0.197458141636779,-0.41172384143878,0.182988373972791,0.328072107531651
"Exp. 1","RJZG","Strategic","Liberal",100,55,22,15,8,70,30,77,23,876.37,802.5,"Liberal",NA,0,NA,0.785714285714286,0.733333333333333,0,0,0.785714285714286,0.733333333333333,0.168712884533287,-0.707282165476731,0.293298029175304,0.323893489565737,1.41456433095346,-0.628695258201539,-0.622925723210088
"Exp. 1","RJZG","FPF","Conservative",200,57,13,43,87,100,100,70,130,976,871,"Conservative",NA,25,0.581395348837209,0.57,0.13,0,0,0.57,0.13,1.30276529381966,0.47500848212897,1.0774870680119,1.18988541246466,-0.950016964257939,0.422229761892417,1.1263911290388
"Exp. 1","RJZG","FPF","Liberal",200,66,47,34,53,100,100,113,87,918.89,828.5,"Liberal",NA,31,0.659574468085106,0.66,0.47,0,0,0.66,0.47,0.487732991541235,-0.168596633670787,0.472679019121269,0.521986654251233,0.337193267341575,-0.149863674374033,0.0752698620998299
"Exp. 1","RSAP","Strategic","Conservative",100,29,16,1,54,30,70,45,55,1347.83,1099.5,"Conservative",NA,0,NA,0.966666666666667,0.228571428571429,0,0,0.966666666666667,0.228571428571429,2.57747439269534,-0.545177439468242,2.42876244131946,2.68211942868178,1.09035487893648,-0.484602168416215,0.743559756879431
"Exp. 1","RSAP","Strategic","Liberal",100,48,10,22,20,70,30,58,42,1273.02,924.5,"Liberal",NA,0,NA,0.685714285714286,0.333333333333333,0,0,0.685714285714286,0.333333333333333,0.914465852341561,-0.0265056268753228,0.828320392482469,0.914726850207549,0.0530112537506456,-0.0235605572225092,0.430727299295457
"Exp. 1","RSAP","FPF","Conservative",200,72,31,28,69,100,100,103,97,1105.635,899.5,"Conservative",NA,20,0.714285714285714,0.72,0.31,0,0,0.72,0.31,1.07869185461867,-0.0434955799618815,0.979521785149179,1.08170085557582,0.086991159923763,-0.0386627377438947,0.495850347347453
"Exp. 1","RSAP","FPF","Liberal",200,79,34,21,66,100,100,113,87,1109.245,940.5,"Liberal",NA,25,0.735294117647059,0.79,0.34,0,0,0.79,0.34,1.21888437645964,-0.196979058788418,1.13639175057136,1.25493475234462,0.393958117576836,-0.175092496700816,0.412463129441405
"Exp. 1","RXDK","Strategic","Conservative",100,16,15,14,55,30,70,31,69,840.66,804.5,"Conservative",NA,0,NA,0.533333333333333,0.214285714285714,0,0,0.533333333333333,0.214285714285714,0.875290341650504,0.353993436918123,0.716962620101829,0.791752762764654,-0.707986873836245,0.314660832816109,0.791638607743375
"Exp. 1","RXDK","Strategic","Liberal",100,57,12,13,18,70,30,69,31,855.46,787,"Liberal",NA,0,NA,0.814285714285714,0.4,0,0,0.814285714285714,0.4,1.14714773431529,-0.320226764021845,1.09647831368813,1.21085773488554,0.640453528043689,-0.284646012463862,0.2533471031358
"Exp. 1","RXDK","FPF","Conservative",200,67,30,33,70,100,100,97,103,822.93,780.5,"Conservative",NA,25,0.757575757575758,0.67,0.3,0,0,0.67,0.3,0.964313678381275,0.0422436735174034,0.859433575839667,0.949085613399367,-0.0844873470348068,0.0375499320154697,0.524400512708041
"Exp. 1","RXDK","FPF","Liberal",200,71,35,29,65,100,100,106,94,822.13,794,"Liberal",NA,22,0.628571428571429,0.71,0.35,0,0,0.71,0.35,0.93870518596324,-0.0840321265740526,0.861641092681727,0.951523407936414,0.168064253148105,-0.0746952236213801,0.385320466407568
"Exp. 1","RZLI","Strategic","Conservative",100,6,5,24,65,30,70,11,89,824.12,688,"Conservative",NA,0,NA,0.2,0.0714285714285714,0,0,0.2,0.0714285714285714,0.623612559112608,1.15342751312922,0.330565800575504,0.365048858257063,-2.30685502625844,1.02526890055931,1.46523379268552
"Exp. 1","RZLI","Strategic","Liberal",100,63,28,7,2,70,30,91,9,622.59,541.5,"Liberal",NA,0,NA,0.9,0.933333333333333,0,0,0.9,0.933333333333333,-0.219534380499424,-1.39131875579431,0.0806828087093809,0.0890992569378186,2.78263751158863,-1.23672778292828,-1.50108594604402
"Exp. 1","RZLI","FPF","Conservative",200,32,14,68,86,100,100,46,154,1078.19,852,"Conservative",NA,49,0.720588235294118,0.32,0.14,0,0,0.32,0.14,0.612620541700448,0.774009069964732,0.396556673537457,0.437923586339061,-1.54801813992946,0.688008062190873,1.08031934081496
"Exp. 1","RZLI","FPF","Liberal",200,40,26,60,74,100,100,66,134,1251.765,965,"Liberal",NA,15,0.576923076923077,0.4,0.26,0,0,0.4,0.26,0.389998302257117,0.448346254264358,0.261329221178534,0.288589847026966,-0.896692508528717,0.398530003790541,0.643345405392917
"Exp. 1","SLMS","Strategic","Conservative",100,25,12,5,58,30,70,37,63,1165.66,1025.5,"Conservative",NA,0,NA,0.833333333333333,0.171428571428571,0,0,0.833333333333333,0.171428571428571,1.91595660692834,-0.00944326263753176,1.72624959876301,1.90632377577491,0.0188865252750635,-0.00839401123336156,0.948535040826638
"Exp. 1","SLMS","Strategic","Liberal",100,48,11,22,19,70,30,59,41,1268.27,1101.5,"Liberal",NA,0,NA,0.685714285714286,0.366666666666667,0,0,0.685714285714286,0.366666666666667,0.824433380133899,-0.0715218629791538,0.75629441471634,0.835187463790082,0.143043725958308,-0.0635749893148034,0.340694827087795
"Exp. 1","SLMS","FPF","Conservative",200,67,12,33,88,100,100,79,121,1093.74,1019.5,"Conservative",NA,24,0.727272727272727,0.67,0.12,0,0,0.67,0.12,1.61489995773932,0.367536813196428,1.37990259932611,1.52384749878229,-0.735073626392856,0.326699389507936,1.17498679206609
"Exp. 1","SLMS","FPF","Liberal",200,72,15,28,85,100,100,87,113,1025.455,996.5,"Liberal",NA,9,0.6,0.72,0.15,0,0,0.72,0.15,1.61927489676501,0.226795941111287,1.41198821886625,1.55928013809104,-0.453591882222573,0.201596392098921,1.03643338949379
"Exp. 1","SNGC","Strategic","Conservative",100,16,9,14,61,30,70,25,75,1212.17,1080.5,"Conservative",NA,0,NA,0.533333333333333,0.128571428571429,0,0,0.533333333333333,0.128571428571429,1.21682176416669,0.524759148176215,0.990187758114777,1.09347945229246,-1.04951829635243,0.466452576156636,1.13317003025956
"Exp. 1","SNGC","Strategic","Liberal",100,59,11,11,19,70,30,70,30,1289.76,1039,"Liberal",NA,0,NA,0.842857142857143,0.366666666666667,0,0,0.842857142857143,0.366666666666667,1.34696481294864,-0.332787579386522,1.27882584753108,1.41222689926816,0.665575158773045,-0.295811181676909,0.340694827087795
"Exp. 1","SNGC","FPF","Conservative",200,52,5,48,95,100,100,57,143,1025.48,928,"Conservative",NA,39,0.8125,0.52,0.05,0,0,0.52,0.05,1.69500721041621,0.797350021743369,1.36603648502591,1.50853493715331,-1.59470004348674,0.708755574882995,1.64485362695147
"Exp. 1","SNGC","FPF","Liberal",200,67,13,33,87,100,100,80,120,1106.365,969,"Liberal",NA,9,0.692307692307692,0.67,0.13,0,0,0.67,0.13,1.56630429471203,0.343238981682783,1.34102606890427,1.48091555295251,-0.686477963365567,0.305101317051363,1.1263911290388
"Exp. 1","SXST","Strategic","Conservative",100,15,14,15,56,30,70,29,71,814.85,762,"Conservative",NA,0,NA,0.5,0.2,0,0,0.5,0.2,0.841621233572914,0.420810616786457,0.673296986858331,0.743532137603614,-0.841621233572914,0.374053881587962,0.841621233572914
"Exp. 1","SXST","Strategic","Liberal",100,47,13,23,17,70,30,60,40,728.07,718.5,"Liberal",NA,0,NA,0.671428571428571,0.433333333333333,0,0,0.671428571428571,0.433333333333333,0.611755316714353,-0.137983653569071,0.578176515756732,0.638489149756534,0.275967307138142,-0.122652136505841,0.167894004788105
"Exp. 1","SXST","FPF","Conservative",200,70,19,30,81,100,100,89,111,752.62,699,"Conservative",NA,23,0.766666666666667,0.7,0.19,0,0,0.7,0.19,1.40229680775927,0.176747891171594,1.22671754874902,1.3546829097115,-0.353495782343188,0.157109236596972,0.877896295051228
"Exp. 1","SXST","FPF","Liberal",200,72,45,28,55,100,100,117,83,715.43,698,"Liberal",NA,34,0.755555555555556,0.72,0.45,0,0,0.72,0.45,0.70850285412629,-0.228590080208071,0.683370584755275,0.754656565491853,0.457180160416142,-0.203191182407174,0.125661346855074
"Exp. 1","TAQX","Strategic","Conservative",100,10,19,20,51,30,70,29,71,1513.12,1201.5,"Conservative",NA,0,NA,0.333333333333333,0.271428571428571,0,0,0.333333333333333,0.271428571428571,0.177770835204426,0.51961271689767,0.0560712083044493,0.0619202910192095,-1.03922543379534,0.461877970575707,0.608498134499883
"Exp. 1","TAQX","Strategic","Liberal",100,50,18,20,12,70,30,68,32,1435.04,1213,"Liberal",NA,0,NA,0.714285714285714,0.6,0,0,0.714285714285714,0.6,0.312601718797063,-0.409647962534331,0.363271139424223,0.401165863055653,0.819295925068663,-0.364131522252739,-0.2533471031358
"Exp. 1","TAQX","FPF","Conservative",200,32,6,68,94,100,100,38,162,1655.245,1299.5,"Conservative",NA,48,0.705882352941177,0.32,0.06,0,0,0.32,0.06,1.08707479548234,1.01123619685568,0.776120076562975,0.85708124472176,-2.02247239371136,0.898876619427272,1.55477359459685
"Exp. 1","TAQX","FPF","Liberal",200,57,32,43,68,100,100,89,111,1314.78,1103.5,"Liberal",NA,22,0.6875,0.57,0.32,0,0,0.57,0.32,0.644072963895369,0.145662317166823,0.550533204072468,0.607962218805975,-0.291324634333647,0.129477615259399,0.467698799114508
"Exp. 1","TQWM","Strategic","Conservative",100,3,11,27,59,30,70,14,86,616.36,422,"Conservative",NA,0,NA,0.1,0.157142857142857,0,0,0.1,0.157142857142857,-0.275281579683761,1.14391077570272,-0.476535576855929,-0.526245509811575,-2.28782155140544,1.01680957840242,1.00626998586084
"Exp. 1","TQWM","Strategic","Liberal",100,54,23,16,7,70,30,77,23,510.6,412,"Liberal",NA,0,NA,0.771428571428571,0.766666666666667,0,0,0.771428571428571,0.766666666666667,0.0156464659977862,-0.735736523880538,0.161229124174115,0.178047782302585,1.47147304776108,-0.653988021227145,-0.727913290881644
"Exp. 1","TQWM","FPF","Conservative",200,17,14,83,86,100,100,31,169,591.675,496,"Conservative",NA,58,0.698795180722892,0.17,0.14,0,0,0.17,0.14,0.126154087668762,1.01724229698058,-0.0899097804942293,-0.0992887426903221,-2.03448459396115,0.904215375093845,1.08031934081496
"Exp. 1","TQWM","FPF","Liberal",200,80,80,20,20,100,100,160,40,654.575,451.5,"Liberal",NA,55,0.6875,0.8,0.8,0,0,0.8,0.8,0,-0.841621233572914,0.168324246714583,0.185883034400904,1.68324246714583,-0.748107763175924,-0.841621233572914
"Exp. 1","TTLU","Strategic","Conservative",100,5,13,25,57,30,70,18,82,760.26,717.5,"Conservative",NA,0,NA,0.166666666666667,0.185714285714286,0,0,0.166666666666667,0.185714285714286,-0.0736209349222123,0.930611098640595,-0.25238106115811,-0.278708257360793,-1.86122219728119,0.827209865458307,0.893800631179489
"Exp. 1","TTLU","Strategic","Liberal",100,52,14,18,16,70,30,66,34,827.17,776,"Liberal",NA,0,NA,0.742857142857143,0.466666666666667,0,0,0.742857142857143,0.466666666666667,0.735830720249915,-0.284263626217829,0.71910037346849,0.794113516431174,0.568527252435657,-0.252678778860292,0.0836517339071291
"Exp. 1","TTLU","FPF","Conservative",200,56,10,44,90,100,100,66,134,884.1,792.5,"Conservative",NA,32,0.727272727272727,0.56,0.1,0,0,0.56,0.1,1.43252078104138,0.565291175023912,1.17621046793246,1.29890716958991,-1.13058235004782,0.502481044465699,1.2815515655446
"Exp. 1","TTLU","FPF","Liberal",200,49,23,51,77,100,100,72,128,809.78,760.5,"Liberal",NA,16,0.695652173913043,0.49,0.23,0,0,0.49,0.23,0.713777940926503,0.381957878721962,0.56600857108946,0.625051902768523,-0.763915757443925,0.339518114419522,0.738846849185214
"Exp. 1","TTUG","Strategic","Conservative",100,17,7,13,63,30,70,24,76,907.87,821,"Conservative",NA,0,NA,0.566666666666667,0.1,0,0,0.566666666666667,0.1,1.44944557033271,0.556828780378248,1.19313525722379,1.31759747268927,-1.1136575607565,0.494958915891776,1.2815515655446
"Exp. 1","TTUG","Strategic","Liberal",100,49,3,21,27,70,30,52,48,1100.65,893,"Liberal",NA,0,NA,0.7,0.1,0,0,0.7,0.1,1.80595207825264,0.37857552641828,1.54964176514372,1.7112930499414,-0.75715105283656,0.336511579038471,1.2815515655446
"Exp. 1","TTUG","FPF","Conservative",200,74,15,26,85,100,100,89,111,900.41,801,"Conservative",NA,17,0.653846153846154,0.74,0.15,0,0,0.74,0.15,1.67977879488671,0.196543992050436,1.47249211698795,1.62609551612161,-0.393087984100873,0.174705770711499,1.03643338949379
"Exp. 1","TTUG","FPF","Liberal",200,86,20,14,80,100,100,106,94,858.145,831,"Liberal",NA,11,0.55,0.86,0.2,0,0,0.86,0.2,1.92194057438787,-0.119349053621021,1.75361632767329,1.93654527214729,0.238698107242042,-0.10608804766313,0.841621233572914
"Exp. 1","TVFC","Strategic","Conservative",100,12,16,18,54,30,70,28,72,1218.01,883,"Conservative",NA,0,NA,0.4,0.228571428571429,0,0,0.4,0.228571428571429,0.490212653743631,0.498453430007615,0.341500702367745,0.37712443718102,-0.99690686001523,0.443069715562325,0.743559756879431
"Exp. 1","TVFC","Strategic","Liberal",100,42,6,28,24,70,30,48,52,1282.54,929,"Liberal",NA,0,NA,0.6,0.2,0,0,0.6,0.2,1.09496833670871,0.294137065218557,0.926644089994131,1.02330720986289,-0.588274130437114,0.261455169083162,0.841621233572914
"Exp. 1","TVFC","FPF","Conservative",200,47,17,53,83,100,100,64,136,1028.23,933.5,"Conservative",NA,32,0.60377358490566,0.47,0.17,0,0,0.47,0.17,0.878895391046364,0.514717557623012,0.688062340417125,0.759837742868937,-1.02943511524602,0.457526717887122,0.954165253146194
"Exp. 1","TVFC","FPF","Liberal",200,58,21,42,79,100,100,79,121,1457.225,995,"Liberal",NA,17,0.80952380952381,0.58,0.21,0,0,0.58,0.21,1.00831472616009,0.302263883938195,0.847030476756443,0.935388681801188,-0.60452776787639,0.268679007945062,0.80642124701824
"Exp. 1","TVWM","Strategic","Conservative",100,10,10,20,60,30,70,20,80,730.56,648,"Conservative",NA,0,NA,0.333333333333333,0.142857142857143,0,0,0.333333333333333,0.142857142857143,0.636843224582684,0.7491489115868,0.423329119807056,0.467488807322147,-1.4982978231736,0.665910143632711,1.06757052387814
"Exp. 1","TVWM","Strategic","Liberal",100,58,23,12,7,70,30,81,19,406.51,363,"Liberal",NA,0,NA,0.828571428571429,0.766666666666667,0,0,0.828571428571429,0.766666666666667,0.220621749944993,-0.838224165854141,0.366204408121322,0.404405116441735,1.67644833170828,-0.745088147425903,-0.727913290881644
"Exp. 1","TVWM","FPF","Conservative",200,12,9,88,91,100,100,21,179,155.03,113,"Conservative",NA,65,0.738636363636364,0.12,0.09,0,0,0.12,0.09,0.165768241624127,1.25787091287815,-0.102382765113917,-0.113062849952924,-2.51574182575631,1.11810747811391,1.34075503369022
"Exp. 1","TVWM","FPF","Liberal",200,87,88,13,12,100,100,175,25,338.725,301,"Liberal",NA,63,0.715909090909091,0.87,0.88,0,0,0.87,0.88,-0.0485956630272895,-1.15068896055245,0.186401695385928,0.205846236844068,2.30137792110489,-1.02283463160217,-1.17498679206609
"Exp. 1","TWKP","Strategic","Conservative",100,17,2,13,68,30,70,19,81,1444.16,1362,"Conservative",NA,0,NA,0.566666666666667,0.0285714285714286,0,0,0.566666666666667,0.0285714285714286,2.07011050057012,0.867161245496955,1.68966720141372,1.86592527610732,-1.73432249099391,0.770809995997293,1.90221649578202
"Exp. 1","TWKP","Strategic","Liberal",100,49,5,21,25,70,30,54,46,1504.52,1348,"Liberal",NA,0,NA,0.7,0.166666666666667,0,0,0.7,0.166666666666667,1.49182207880974,0.22151052669683,1.2983377655894,1.43377420814644,-0.443021053393661,0.196898245952738,0.967421566101701
"Exp. 1","TWKP","FPF","Conservative",200,38,3,62,97,100,100,41,159,1144.725,1027,"Conservative",NA,47,0.758064516129032,0.38,0.03,0,0,0.38,0.03,1.57531282005185,1.09313719812532,1.1991540984216,1.32424417087604,-2.18627439625065,0.971677509444733,1.88079360815125
"Exp. 1","TWKP","FPF","Liberal",200,41,3,59,97,100,100,44,156,1124.89,1077,"Liberal",NA,3,1,0.41,0.03,0,0,0.41,0.03,1.6532486315101,1.0541692923962,1.27708990987985,1.4103098768282,-2.1083385847924,0.937039371018845,1.88079360815125
"Exp. 1","UACQ","Strategic","Conservative",100,20,11,10,59,30,70,31,69,1172.26,1014.5,"Conservative",NA,0,NA,0.666666666666667,0.157142857142857,0,0,0.666666666666667,0.157142857142857,1.4369972851563,0.287771343282691,1.23574328798413,1.36465017128836,-0.575542686565383,0.255796749584614,1.00626998586084
"Exp. 1","UACQ","Strategic","Liberal",100,57,11,13,19,70,30,68,32,1320.12,1083,"Liberal",NA,0,NA,0.814285714285714,0.366666666666667,0,0,0.814285714285714,0.366666666666667,1.23449545826728,-0.276552902045847,1.16635649284973,1.28802527452701,0.553105804091694,-0.245824801818531,0.340694827087795
"Exp. 1","UACQ","FPF","Conservative",200,73,37,27,63,100,100,110,90,1269.04,987,"Conservative",NA,17,0.62962962962963,0.73,0.37,0,0,0.73,0.37,0.944666337453444,-0.140479822289905,0.87829566816608,0.969915309805073,0.28095964457981,-0.124870953146582,0.331853346436817
"Exp. 1","UACQ","FPF","Liberal",200,66,23,34,77,100,100,89,111,1200.09,971.5,"Liberal",NA,17,0.739130434782609,0.66,0.23,0,0,0.66,0.23,1.15130997862662,0.163191859871904,1.00354060878958,1.10822520906713,-0.326383719743809,0.145059430997248,0.738846849185214
"Exp. 1","UYGH","Strategic","Conservative",100,15,12,15,58,30,70,27,73,1236.98,1016.5,"Conservative",NA,0,NA,0.5,0.171428571428571,0,0,0.5,0.171428571428571,0.948535040826638,0.474267520413319,0.75882803266131,0.83798537675162,-0.948535040826638,0.421571129256284,0.948535040826638
"Exp. 1","UYGH","Strategic","Liberal",100,40,18,30,12,70,30,58,42,1282.71,1177,"Liberal",NA,0,NA,0.571428571428571,0.6,0,0,0.571428571428571,0.6,-0.0733347333430948,-0.216679736464252,-0.0226653127159349,-0.0250296507218431,0.433359472928505,-0.192604210190447,-0.2533471031358
"Exp. 1","UYGH","FPF","Conservative",200,40,10,60,90,100,100,50,150,1035.965,902.5,"Conservative",NA,45,0.75,0.4,0.1,0,0,0.4,0.1,1.0282044624088,0.7674493343402,0.771894149299881,0.852414488754313,-1.5348986686804,0.682177186080178,1.2815515655446
"Exp. 1","UYGH","FPF","Liberal",200,69,23,31,77,100,100,92,108,1069.39,940,"Liberal",NA,15,0.652173913043478,0.69,0.23,0,0,0.69,0.23,1.23469719653267,0.12149825091888,1.08692782669562,1.20031098635214,-0.242996501837761,0.107998445261227,0.738846849185214
"Exp. 1","UZOU","Strategic","Conservative",100,26,21,4,49,30,70,47,53,923.63,850.5,"Conservative",NA,0,NA,0.866666666666667,0.3,0,0,0.866666666666667,0.3,1.63517212934483,-0.293185551964372,1.53029202680322,1.68992483860049,0.586371103928745,-0.260609379523887,0.524400512708041
"Exp. 1","UZOU","Strategic","Liberal",100,44,7,26,23,70,30,51,49,920.64,894,"Liberal",NA,0,NA,0.628571428571429,0.233333333333333,0,0,0.628571428571429,0.233333333333333,1.0559853984133,0.199920591674996,0.910402740236966,1.0053716394709,-0.399841183349993,0.177707192599997,0.727913290881644
"Exp. 1","UZOU","FPF","Conservative",200,66,25,34,75,100,100,91,109,779.31,753.5,"Conservative",NA,26,0.764705882352941,0.66,0.25,0,0,0.66,0.25,1.08695287963749,0.131013310377338,0.95205492959827,1.05136878782618,-0.262026620754677,0.116456275890968,0.674489750196082
"Exp. 1","UZOU","FPF","Liberal",200,69,19,31,81,100,100,88,112,839.845,811,"Liberal",NA,11,0.578947368421053,0.69,0.19,0,0,0.69,0.19,1.37374664239868,0.191022973851888,1.19816738338844,1.32315452640691,-0.382045947703775,0.169798198979456,0.877896295051228
"Exp. 1","VGED","Strategic","Conservative",100,23,2,7,68,30,70,25,75,981.81,833.5,"Conservative",NA,0,NA,0.766666666666667,0.0285714285714286,0,0,0.766666666666667,0.0285714285714286,2.63012978666366,0.587151602450185,2.24968648750726,2.48436312005388,-1.17430320490037,0.521912535511276,1.90221649578202
"Exp. 1","VGED","Strategic","Liberal",100,56,9,14,21,70,30,65,35,1011.23,858.5,"Liberal",NA,0,NA,0.8,0.3,0,0,0.8,0.3,1.36602174628096,-0.158610360432437,1.26114164373935,1.39269796314677,0.317220720864874,-0.140986987051055,0.524400512708041
"Exp. 1","VGED","FPF","Conservative",200,75,15,25,85,100,100,90,110,1376.515,1191.5,"Conservative",NA,17,0.68,0.75,0.15,0,0,0.75,0.15,1.71092313968987,0.180971819648854,1.50363646179111,1.66048869137375,-0.361943639297708,0.16086383968787,1.03643338949379
"Exp. 1","VGED","FPF","Liberal",200,68,15,32,85,100,100,83,117,1110.32,880,"Liberal",NA,10,0.666666666666667,0.68,0.15,0,0,0.68,0.15,1.5041321886083,0.284367295189641,1.29684551070954,1.43212628830968,-0.568734590379281,0.252770929057458,1.03643338949379
"Exp. 1","VIJE","Strategic","Conservative",100,15,9,15,61,30,70,24,76,934.12,791,"Conservative",NA,0,NA,0.5,0.128571428571429,0,0,0.5,0.128571428571429,1.13317003025956,0.56658501512978,0.906536024207648,1.00110156595075,-1.13317003025956,0.503631124559805,1.13317003025956
"Exp. 1","VIJE","Strategic","Liberal",100,58,13,12,17,70,30,71,29,1147.51,937.5,"Liberal",NA,0,NA,0.828571428571429,0.433333333333333,0,0,0.828571428571429,0.433333333333333,1.11642904561474,-0.390320518019266,1.08285024465712,1.19580805028007,0.780641036038532,-0.346951571572681,0.167894004788105
"Exp. 1","VIJE","FPF","Conservative",200,23,12,77,88,100,100,35,165,770.195,657,"Conservative",NA,49,0.636363636363636,0.23,0.12,0,0,0.23,0.12,0.436139942880876,0.956916820625652,0.201142584467658,0.222124825614022,-1.9138336412513,0.850592729445024,1.17498679206609
"Exp. 1","VIJE","FPF","Liberal",200,61,39,39,61,100,100,100,100,905.82,787,"Liberal",NA,27,0.692307692307692,0.61,0.39,0,0,0.61,0.39,0.558638068894908,0,0.502774262005417,0.55522129024413,0,0,0.279319034447454
"Exp. 1","VOGH","Strategic","Conservative",100,24,6,6,64,30,70,30,70,1286.75,1265.5,"Conservative",NA,0,NA,0.8,0.0857142857142857,0,0,0.8,0.0857142857142857,2.2092491568886,0.263003344871387,1.93572357222547,2.13764908139912,-0.526006689742774,0.233780750996788,1.36762792331569
"Exp. 1","VOGH","Strategic","Liberal",100,51,5,19,25,70,30,56,44,1070.19,1045,"Liberal",NA,0,NA,0.728571428571429,0.166666666666667,0,0,0.728571428571429,0.166666666666667,1.57591970060158,0.179461715800909,1.38243538738124,1.52664449528382,-0.358923431601818,0.159521525156364,0.967421566101701
"Exp. 1","VOGH","FPF","Conservative",200,70,9,30,91,100,100,79,121,1137.515,1049,"Conservative",NA,26,0.866666666666667,0.7,0.09,0,0,0.7,0.09,1.86515554639826,0.408177260491088,1.59700453966021,1.76359648463135,-0.816354520982176,0.362824231547634,1.34075503369022
"Exp. 1","VOGH","FPF","Liberal",200,85,16,15,84,100,100,101,99,1102.835,1055,"Liberal",NA,11,0.6875,0.85,0.16,0,0,0.85,0.16,2.03089127270354,-0.0209877531420183,1.83199969606159,2.02310522204737,0.0419755062840366,-0.0186557805706829,0.994457883209753
"Exp. 1","VQBD","Strategic","Conservative",100,14,6,16,64,30,70,20,80,1106.53,1032,"Conservative",NA,0,NA,0.466666666666667,0.0857142857142857,0,0,0.466666666666667,0.0857142857142857,1.28397618940856,0.725639828611409,1.01045060474542,1.11585602305288,-1.45127965722282,0.645013180987919,1.36762792331569
"Exp. 1","VQBD","Strategic","Liberal",100,58,18,12,12,70,30,76,24,1070.92,990.5,"Liberal",NA,0,NA,0.828571428571429,0.6,0,0,0.828571428571429,0.6,0.695187937690838,-0.600941071981219,0.745857358317998,0.823661663132102,1.20188214396244,-0.534169841761083,-0.2533471031358
"Exp. 1","VQBD","FPF","Conservative",200,47,9,53,91,100,100,56,144,1181.47,1089,"Conservative",NA,38,0.716981132075472,0.47,0.09,0,0,0.47,0.09,1.26548517159039,0.708012447895023,0.997334164852343,1.10137133831227,-1.41602489579005,0.62934439812891,1.34075503369022
"Exp. 1","VQBD","FPF","Liberal",200,63,24,37,76,100,100,87,113,1042.19,959,"Liberal",NA,16,0.666666666666667,0.63,0.24,0,0,0.63,0.24,1.0381559092769,0.187224608201636,0.896895396708887,0.990455273880672,-0.374449216403271,0.166421873957009,0.706302562840088
"Exp. 1","VQKZ","Strategic","Conservative",100,21,26,9,44,30,70,47,53,805.38,819,"Conservative",NA,0,NA,0.7,0.371428571428571,0,0,0.7,0.371428571428571,0.852472620239692,-0.0981642025881948,0.786858198733362,0.8689395169063,0.19632840517639,-0.0872570689672842,0.328072107531651
"Exp. 1","VQKZ","Strategic","Liberal",100,59,28,11,2,70,30,87,13,903.07,757,"Liberal",NA,0,NA,0.842857142857143,0.933333333333333,0,0,0.842857142857143,0.933333333333333,-0.494815960183185,-1.25367796595243,-0.19459877097438,-0.214898392509903,2.50735593190486,-1.11438041417994,-1.50108594604402
"Exp. 1","VQKZ","FPF","Conservative",200,31,33,69,67,100,100,64,136,1205.47,355.5,"Conservative",NA,49,0.710144927536232,0.31,0.33,0,0,0.31,0.33,-0.0559371816742194,0.467881756510343,-0.143919814808866,-0.158932847817524,-0.935763513020687,0.415894894675861,0.439913165673234
"Exp. 1","VQKZ","FPF","Liberal",200,94,98,6,2,100,100,192,8,177.785,149,"Liberal",NA,70,0.714285714285714,0.94,0.98,0,0,0.94,0.98,-0.498975316034969,-1.80426125261434,-0.0882255339086049,-0.0974288034829536,3.60852250522867,-1.60378778010163,-2.05374891063182
"Exp. 1","VSCA","Strategic","Conservative",100,12,7,18,63,30,70,19,81,1744.17,1298.5,"Conservative",NA,0,NA,0.4,0.1,0,0,0.4,0.1,1.0282044624088,0.7674493343402,0.771894149299881,0.852414488754313,-1.5348986686804,0.682177186080178,1.2815515655446
"Exp. 1","VSCA","Strategic","Liberal",100,59,16,11,14,70,30,75,25,1485.79,1071.5,"Liberal",NA,0,NA,0.842857142857143,0.533333333333333,0,0,0.842857142857143,0.533333333333333,0.922618251953711,-0.544960859883984,0.939348598735137,1.0373369927459,1.08992171976797,-0.484409653230208,-0.0836517339071291
"Exp. 1","VSCA","FPF","Conservative",200,58,31,42,69,100,100,89,111,1208.385,977.5,"Conservative",NA,28,0.666666666666667,0.58,0.31,0,0,0.58,0.31,0.697743826489304,0.146978434102801,0.598573757019813,0.661014134560524,-0.293956868205602,0.130647496980268,0.495850347347453
"Exp. 1","VSCA","FPF","Liberal",200,72,34,28,66,100,100,106,94,1203.74,1006,"Liberal",NA,26,0.764705882352941,0.72,0.34,0,0,0.72,0.34,0.995304636712621,-0.0851891889149058,0.91281201082434,1.00803223374781,0.170378377829812,-0.0757237234799163,0.412463129441405
"Exp. 1","VVBV","Strategic","Conservative",100,12,23,18,47,30,70,35,65,1126.88,939.5,"Conservative",NA,0,NA,0.4,0.328571428571429,0,0,0.4,0.328571428571429,0.190514208790448,0.348604207531024,0.101741946405198,0.112355184073513,-0.697208415062047,0.309870406694243,0.443861311926248
"Exp. 1","VVBV","Strategic","Liberal",100,58,15,12,15,70,30,73,27,1155.44,919.5,"Liberal",NA,0,NA,0.828571428571429,0.5,0,0,0.828571428571429,0.5,0.948535040826638,-0.474267520413319,0.948535040826638,1.04748172093952,0.948535040826638,-0.421571129256283,0
"Exp. 1","VVBV","FPF","Conservative",200,49,10,51,90,100,100,59,141,1496.995,1140,"Conservative",NA,41,0.803921568627451,0.49,0.1,0,0,0.49,0.1,1.25648265728589,0.653310236901656,1.00017234417697,1.10450558305319,-1.30662047380331,0.58072021057925,1.2815515655446
"Exp. 1","VVBV","FPF","Liberal",200,52,33,48,67,100,100,85,115,1032.345,904.5,"Liberal",NA,21,0.636363636363636,0.52,0.33,0,0,0.52,0.33,0.490066749137967,0.19487979110425,0.402084116003321,0.444027625407023,-0.3897595822085,0.173226480981556,0.439913165673234
"Exp. 1","VWMY","Strategic","Conservative",100,13,22,17,48,30,70,35,65,1224.95,1083.5,"Conservative",NA,0,NA,0.433333333333333,0.314285714285714,0,0,0.433333333333333,0.314285714285714,0.315844548257998,0.325816278917104,0.219096837648777,0.241951981397273,-0.651632557834208,0.289614470148537,0.483738553046103
"Exp. 1","VWMY","Strategic","Liberal",100,55,21,15,9,70,30,76,24,900.28,770,"Liberal",NA,0,NA,0.785714285714286,0.7,0,0,0.785714285714286,0.7,0.267238095035334,-0.658019560225708,0.372118197576942,0.41093580438643,1.31603912045142,-0.584906275756185,-0.524400512708041
"Exp. 1","VWMY","FPF","Conservative",200,60,48,40,52,100,100,108,92,956.49,910,"Conservative",NA,27,0.675,0.6,0.48,0,0,0.6,0.48,0.303500686600533,-0.101596759835533,0.293469969907587,0.324083366340341,0.203193519671066,-0.0903082309649183,0.0501535834647337
"Exp. 1","VWMY","FPF","Liberal",200,84,73,16,27,100,100,157,43,659.41,609,"Liberal",NA,49,0.671232876712329,0.84,0.73,0,0,0.84,0.73,0.381644892193126,-0.80363543711319,0.504207490396451,0.556804026228486,1.60727087422638,-0.71434261076728,-0.612812991016627
"Exp. 1","VWOJ","Strategic","Conservative",100,10,10,20,60,30,70,20,80,1081.37,884.5,"Conservative",NA,0,NA,0.333333333333333,0.142857142857143,0,0,0.333333333333333,0.142857142857143,0.636843224582684,0.7491489115868,0.423329119807056,0.467488807322147,-1.4982978231736,0.665910143632711,1.06757052387814
"Exp. 1","VWOJ","Strategic","Liberal",100,51,19,19,11,70,30,70,30,949.13,850.5,"Liberal",NA,0,NA,0.728571428571429,0.633333333333333,0,0,0.728571428571429,0.633333333333333,0.267803307412088,-0.474596480793839,0.335942272829647,0.370986178616304,0.949192961587679,-0.421863538483413,-0.340694827087795
"Exp. 1","VWOJ","FPF","Conservative",200,51,23,49,77,100,100,74,126,909.33,862.5,"Conservative",NA,36,0.73469387755102,0.51,0.23,0,0,0.51,0.23,0.763915757443925,0.356888970463251,0.616146387606882,0.680419858689319,-0.713777940926503,0.317234640411779,0.738846849185214
"Exp. 1","VWOJ","FPF","Liberal",200,79,55,21,45,100,100,134,66,1050.64,955.5,"Liberal",NA,43,0.781818181818182,0.79,0.55,0,0,0.79,0.55,0.680759900163166,-0.466041296936657,0.705892169534181,0.779527495259439,0.932082593873314,-0.414258930610362,-0.125661346855074
"Exp. 1","WBNX","Strategic","Conservative",100,5,9,25,61,30,70,14,86,983.79,871,"Conservative",NA,0,NA,0.166666666666667,0.128571428571429,0,0,0.166666666666667,0.128571428571429,0.165748464157859,1.05029579818063,-0.0608855418940534,-0.0672368330725432,-2.10059159636126,0.93359626504945,1.13317003025956
"Exp. 1","WBNX","Strategic","Liberal",100,49,12,21,18,70,30,61,39,1818.58,1424,"Liberal",NA,0,NA,0.7,0.4,0,0,0.7,0.4,0.77774761584384,-0.13552670478612,0.72707819521668,0.802923546735232,0.271053409572241,-0.120468182032107,0.2533471031358
"Exp. 1","WBNX","FPF","Conservative",200,30,9,70,91,100,100,39,161,1105.755,1045,"Conservative",NA,57,0.814285714285714,0.3,0.09,0,0,0.3,0.09,0.816354520982176,0.932577773199129,0.548203514244133,0.605389506775734,-1.86515554639826,0.828958020621448,1.34075503369022
"Exp. 1","WBNX","FPF","Liberal",200,32,18,68,82,100,100,50,150,1211.12,1069.5,"Liberal",NA,12,0.666666666666667,0.32,0.18,0,0,0.32,0.18,0.447666288728306,0.691531943478661,0.264593271159743,0.292194387233061,-1.38306388695732,0.614695060869921,0.915365087842814
"Exp. 1","WKGT","Strategic","Conservative",100,10,15,20,55,30,70,25,75,876.97,754,"Conservative",NA,0,NA,0.333333333333333,0.214285714285714,0,0,0.333333333333333,0.214285714285714,0.360911308447917,0.611182953519416,0.202583586899242,0.223716146589996,-1.22236590703883,0.543273736461703,0.791638607743375
"Exp. 1","WKGT","Strategic","Liberal",100,53,13,17,17,70,30,66,34,1015.19,901,"Liberal",NA,0,NA,0.757142857142857,0.433333333333333,0,0,0.757142857142857,0.433333333333333,0.865035439634447,-0.264623715029118,0.831456638676826,0.918190254741442,0.529247430058236,-0.235221080025883,0.167894004788105
"Exp. 1","WKGT","FPF","Conservative",200,56,27,44,73,100,100,83,117,909.72,821,"Conservative",NA,32,0.727272727272727,0.56,0.27,0,0,0.56,0.27,0.763782206513404,0.230921887759925,0.641219608310079,0.708108598947974,-0.46184377551985,0.205263900231044,0.612812991016627
"Exp. 1","WKGT","FPF","Liberal",200,55,26,45,74,100,100,81,119,970.97,891,"Liberal",NA,19,0.730769230769231,0.55,0.26,0,0,0.55,0.26,0.769006752247991,0.258842029268921,0.640337671169408,0.707134662304509,-0.517684058537843,0.230081803794597,0.643345405392917
"Exp. 1","WQPY","Strategic","Conservative",100,13,18,17,52,30,70,31,69,1068.82,961.5,"Conservative",NA,0,NA,0.433333333333333,0.257142857142857,0,0,0.433333333333333,0.257142857142857,0.484284981554681,0.410036495565446,0.353849184286124,0.390761054210563,-0.820072991130892,0.364476884947063,0.652178986342786
"Exp. 1","WQPY","Strategic","Liberal",100,59,9,11,21,70,30,68,32,1089.21,1001,"Liberal",NA,0,NA,0.842857142857143,0.3,0,0,0.842857142857143,0.3,1.53067049856888,-0.2409347365764,1.42579039602727,1.57452209296152,0.481869473152799,-0.214164210290133,0.524400512708041
"Exp. 1","WQPY","FPF","Conservative",200,83,30,17,70,100,100,113,87,1055.44,915,"Conservative",NA,11,0.647058823529412,0.83,0.3,0,0,0.83,0.3,1.47856576585423,-0.214882370219077,1.37368566331263,1.51698204146751,0.429764740438153,-0.191006551305846,0.524400512708041
"Exp. 1","WQPY","FPF","Liberal",200,78,29,22,71,100,100,107,93,1064.145,891,"Liberal",NA,22,0.758620689655172,0.78,0.29,0,0,0.78,0.29,1.32557793374436,-0.109404247316506,1.21490098983322,1.34163370337124,0.218808494633012,-0.0972482198368942,0.553384719555673
"Exp. 1","WUVQ","Strategic","Conservative",100,15,14,15,56,30,70,29,71,1230.13,1031,"Conservative",NA,0,NA,0.5,0.2,0,0,0.5,0.2,0.841621233572914,0.420810616786457,0.673296986858331,0.743532137603614,-0.841621233572914,0.374053881587962,0.841621233572914
"Exp. 1","WUVQ","Strategic","Liberal",100,42,17,28,13,70,30,59,41,926.32,828.5,"Liberal",NA,0,NA,0.6,0.566666666666667,0,0,0.6,0.566666666666667,0.0854530983476944,-0.210620553961953,0.119031899305315,0.131448742918735,0.421241107923905,-0.187218270188402,-0.167894004788105
"Exp. 1","WUVQ","FPF","Conservative",200,38,40,62,60,100,100,78,122,759.01,683.5,"Conservative",NA,44,0.709677419354839,0.38,0.4,0,0,0.38,0.4,-0.0521336849635976,0.279413945617599,-0.102803105590758,-0.113527038356209,-0.558827891235197,0.248367951660088,0.2533471031358
"Exp. 1","WUVQ","FPF","Liberal",200,71,71,29,29,100,100,142,58,781.95,742.5,"Liberal",NA,45,0.633802816901408,0.71,0.71,0,0,0.71,0.71,0,-0.553384719555673,0.110676943911135,0.122222238174068,1.10676943911135,-0.491897528493931,-0.553384719555673
"Exp. 1","WVYT","Strategic","Conservative",100,10,14,20,56,30,70,24,76,923.11,851.5,"Conservative",NA,0,NA,0.333333333333333,0.2,0,0,0.333333333333333,0.2,0.410893934277457,0.636174266434186,0.242569687562874,0.267873407770669,-1.27234853286837,0.565488236830387,0.841621233572914
"Exp. 1","WVYT","Strategic","Liberal",100,48,18,22,12,70,30,66,34,1071.87,1013,"Liberal",NA,0,NA,0.685714285714286,0.6,0,0,0.685714285714286,0.6,0.230391449910303,-0.368542828090951,0.281060870537463,0.310379808533769,0.737085656181903,-0.327593624969735,-0.2533471031358
"Exp. 1","WVYT","FPF","Conservative",200,30,10,70,90,100,100,40,160,854.69,797,"Conservative",NA,49,0.7,0.3,0.1,0,0,0.3,0.1,0.75715105283656,0.902976039126321,0.50084073972764,0.553086072085783,-1.80595207825264,0.802645368112285,1.2815515655446
"Exp. 1","WVYT","FPF","Liberal",200,53,19,47,81,100,100,72,128,869.9,814.5,"Liberal",NA,14,0.736842105263158,0.53,0.19,0,0,0.53,0.19,0.953166157151058,0.401313216475699,0.777586898140813,0.858701078174962,-0.802626432951399,0.356722859089511,0.877896295051228
"Exp. 1","WXBC","Strategic","Conservative",100,13,9,17,61,30,70,22,78,1748.89,1253.5,"Conservative",NA,0,NA,0.433333333333333,0.128571428571429,0,0,0.433333333333333,0.128571428571429,0.965276025471455,0.650532017523833,0.738642019419543,0.815693654275065,-1.30106403504767,0.578250682243407,1.13317003025956
"Exp. 1","WXBC","Strategic","Liberal",100,46,18,24,12,70,30,64,36,1122.6,993.5,"Liberal",NA,0,NA,0.657142857142857,0.6,0,0,0.657142857142857,0.6,0.151330801394248,-0.329012503832924,0.202000222021408,0.223071927852819,0.658025007665847,-0.292455558962599,-0.2533471031358
"Exp. 1","WXBC","FPF","Conservative",200,18,10,82,90,100,100,28,172,857.905,782,"Conservative",NA,59,0.719512195121951,0.18,0.1,0,0,0.18,0.1,0.366186477701787,1.09845832669371,0.109876164592867,0.121337925352413,-2.19691665338742,0.976407401505518,1.2815515655446
"Exp. 1","WXBC","FPF","Liberal",200,68,69,32,31,100,100,137,63,1022.115,969.5,"Liberal",NA,47,0.681159420289855,0.68,0.69,0,0,0.68,0.69,-0.0281515482329447,-0.481774573230981,0.0710185212365459,0.0784268367973066,0.963549146461961,-0.428244065094205,-0.495850347347453
"Exp. 1","WZGS","Strategic","Conservative",100,22,8,8,62,30,70,30,70,950.43,815.5,"Conservative",NA,0,NA,0.733333333333333,0.114285714285714,0,0,0.733333333333333,0.114285714285714,1.82697268323679,0.290560618408307,1.58616329123145,1.7516243285459,-0.581121236816614,0.258276105251829,1.2040469600267
"Exp. 1","WZGS","Strategic","Liberal",100,44,13,26,17,70,30,57,43,999.54,846,"Liberal",NA,0,NA,0.628571428571429,0.433333333333333,0,0,0.628571428571429,0.433333333333333,0.495966112319757,-0.0800890513717729,0.462387311362135,0.510621364313658,0.160178102743546,-0.0711902678860203,0.167894004788105
"Exp. 1","WZGS","FPF","Conservative",200,44,7,56,93,100,100,51,149,1076.03,915.5,"Conservative",NA,41,0.732142857142857,0.44,0.07,0,0,0.44,0.07,1.32482181268239,0.813380121837974,1.02966360704656,1.13707323469883,-1.62676024367595,0.723004552744866,1.47579102817917
"Exp. 1","WZGS","FPF","Liberal",200,66,14,34,86,100,100,80,120,979.425,869,"Liberal",NA,10,0.714285714285714,0.66,0.14,0,0,0.66,0.14,1.49278247025636,0.333928105686776,1.27671860209337,1.40989983597316,-0.667856211373551,0.296824982832689,1.08031934081496
"Exp. 1","WZZO","Strategic","Conservative",100,19,11,11,59,30,70,30,70,1354.54,1120.5,"Conservative",NA,0,NA,0.633333333333333,0.157142857142857,0,0,0.633333333333333,0.157142857142857,1.34696481294864,0.332787579386522,1.14571081577647,1.26522593826653,-0.665575158773045,0.295811181676909,1.00626998586084
"Exp. 1","WZZO","Strategic","Liberal",100,48,10,22,20,70,30,58,42,1364.77,1079.5,"Liberal",NA,0,NA,0.685714285714286,0.333333333333333,0,0,0.685714285714286,0.333333333333333,0.914465852341561,-0.0265056268753228,0.828320392482469,0.914726850207549,0.0530112537506456,-0.0235605572225092,0.430727299295457
"Exp. 1","WZZO","FPF","Conservative",200,51,22,49,78,100,100,73,127,1159.165,968.5,"Conservative",NA,40,0.816326530612245,0.51,0.22,0,0,0.51,0.22,0.797262122447396,0.373562152964987,0.642823479609659,0.709879778500377,-0.747124305929974,0.332055247079988,0.772193214188685
"Exp. 1","WZZO","FPF","Liberal",200,55,23,45,77,100,100,78,122,1242.555,1043.5,"Liberal",NA,15,0.652173913043478,0.55,0.23,0,0,0.55,0.23,0.864508196040288,0.30659275116507,0.716738826203245,0.791505623747186,-0.61318550233014,0.272526889924507,0.738846849185214
"Exp. 1","XATH","Strategic","Conservative",100,20,14,10,56,30,70,34,66,1205.93,966.5,"Conservative",NA,0,NA,0.666666666666667,0.2,0,0,0.666666666666667,0.2,1.27234853286837,0.205446967138728,1.10402428615379,1.21919086743656,-0.410893934277457,0.182619526345536,0.841621233572914
"Exp. 1","XATH","Strategic","Liberal",100,62,13,8,17,70,30,75,25,1367.14,1009.5,"Liberal",NA,0,NA,0.885714285714286,0.433333333333333,0,0,0.885714285714286,0.433333333333333,1.37194096481481,-0.518076477619298,1.33836216385719,1.47797376195583,1.0361529552386,-0.460512424550487,0.167894004788105
"Exp. 1","XATH","FPF","Conservative",200,65,21,35,79,100,100,86,114,1158.725,977.5,"Conservative",NA,25,0.714285714285714,0.65,0.21,0,0,0.65,0.21,1.19174171342581,0.210550390305336,1.03045746402216,1.13794990307183,-0.421100780610673,0.187155902493632,0.80642124701824
"Exp. 1","XATH","FPF","Liberal",200,68,27,32,73,100,100,95,105,1249.87,963,"Liberal",NA,20,0.740740740740741,0.68,0.27,0,0,0.68,0.27,1.08051179013114,0.0725570959510593,0.95794919192781,1.05787791166754,-0.145114191902119,0.0644951964009416,0.612812991016627
"Exp. 1","XGVC","Strategic","Conservative",100,22,10,8,60,30,70,32,68,1276.5,1004.5,"Conservative",NA,0,NA,0.733333333333333,0.142857142857143,0,0,0.733333333333333,0.142857142857143,1.69049624708823,0.222322400334027,1.4769821423126,1.63105391960877,-0.444644800668054,0.197619911408024,1.06757052387814
"Exp. 1","XGVC","Strategic","Liberal",100,56,3,14,27,70,30,59,41,1256.45,1030,"Liberal",NA,0,NA,0.8,0.1,0,0,0.8,0.1,2.12317279911752,0.219965165985843,1.86686248600859,2.06160473301811,-0.439930331971686,0.195524591987416,1.2815515655446
"Exp. 1","XGVC","FPF","Conservative",200,60,14,40,86,100,100,74,126,1108.145,975,"Conservative",NA,31,0.775,0.6,0.14,0,0,0.6,0.14,1.33366644395076,0.413486118839578,1.11760257578776,1.23418557989422,-0.826972237679156,0.367543216746292,1.08031934081496
"Exp. 1","XGVC","FPF","Liberal",200,60,25,40,75,100,100,85,115,1139.545,1004,"Liberal",NA,19,0.76,0.6,0.25,0,0,0.6,0.25,0.927836853331881,0.210571323530141,0.792938903292665,0.875654531747242,-0.421142647060282,0.18717450980457,0.674489750196082
"Exp. 1","XLAF","Strategic","Conservative",100,19,9,11,61,30,70,28,72,846.48,786.5,"Conservative",NA,0,NA,0.633333333333333,0.128571428571429,0,0,0.633333333333333,0.128571428571429,1.47386485734736,0.396237601585882,1.24723085129544,1.37733606276186,-0.792475203171765,0.352211201409673,1.13317003025956
"Exp. 1","XLAF","Strategic","Liberal",100,59,13,11,17,70,30,72,28,965.25,888,"Liberal",NA,0,NA,0.842857142857143,0.433333333333333,0,0,0.842857142857143,0.433333333333333,1.17416399064895,-0.419187990536367,1.14058518969132,1.25956563115981,0.838375981072734,-0.372611547143438,0.167894004788105
"Exp. 1","XLAF","FPF","Conservative",200,40,9,60,91,100,100,49,151,783.805,739,"Conservative",NA,44,0.733333333333333,0.4,0.09,0,0,0.4,0.09,1.08740793055442,0.797051068413008,0.819256923816373,0.904717923444264,-1.59410213682602,0.708489838589341,1.34075503369022
"Exp. 1","XLAF","FPF","Liberal",200,79,52,21,48,100,100,131,69,829.245,789,"Liberal",NA,43,0.826923076923077,0.79,0.52,0,0,0.79,0.52,0.756267663553507,-0.428287415241487,0.766298380246453,0.846234995592989,0.856574830482974,-0.3806999246591,-0.0501535834647337
"Exp. 1","XNLY","Strategic","Conservative",100,22,6,8,64,30,70,28,72,1418.42,1195.5,"Conservative",NA,0,NA,0.733333333333333,0.0857142857142857,0,0,0.733333333333333,0.0857142857142857,1.99055364652578,0.3723511000528,1.71702806186264,1.89614029184827,-0.744702200105601,0.330978755602489,1.36762792331569
"Exp. 1","XNLY","Strategic","Liberal",100,51,23,19,7,70,30,74,26,1306.63,1046.5,"Liberal",NA,0,NA,0.728571428571429,0.766666666666667,0,0,0.728571428571429,0.766666666666667,-0.119415156381761,-0.668205712690764,0.0261675017945678,0.0288971715674041,1.33641142538153,-0.593960633502901,-0.727913290881644
"Exp. 1","XNLY","FPF","Conservative",200,61,36,39,64,100,100,97,103,1145.96,1006.5,"Conservative",NA,26,0.666666666666667,0.61,0.36,0,0,0.61,0.36,0.637777827698648,0.0395698794018698,0.566086069048409,0.625137484947268,-0.0791397588037397,0.0351732261349954,0.358458793251194
"Exp. 1","XNLY","FPF","Liberal",200,83,61,17,39,100,100,144,56,1029.375,909.5,"Liberal",NA,44,0.721311475409836,0.83,0.61,0,0,0.83,0.61,0.67484621869874,-0.616742143796824,0.730710025588231,0.806934232438985,1.23348428759365,-0.54821523893051,-0.279319034447454
"Exp. 1","YATQ","Strategic","Conservative",100,20,12,10,58,30,70,32,68,994.6,884.5,"Conservative",NA,0,NA,0.666666666666667,0.171428571428571,0,0,0.666666666666667,0.171428571428571,1.3792623401221,0.25890387076559,1.18955533195677,1.31364410658457,-0.517807741531181,0.230136774013858,0.948535040826638
"Exp. 1","YATQ","Strategic","Liberal",100,55,8,15,22,70,30,63,37,1102.28,892.5,"Liberal",NA,0,NA,0.785714285714286,0.266666666666667,0,0,0.785714285714286,0.266666666666667,1.41456433095346,-0.0843564422666434,1.28997918631144,1.42454370149162,0.168712884533287,-0.0749835042370164,0.622925723210088
"Exp. 1","YATQ","FPF","Conservative",200,63,13,37,87,100,100,76,124,1009.435,887,"Conservative",NA,29,0.783783783783784,0.63,0.13,0,0,0.63,0.13,1.45824447547562,0.397268891300992,1.23296624966786,1.36158344549602,-0.794537782601984,0.35312790337866,1.1263911290388
"Exp. 1","YATQ","FPF","Liberal",200,71,17,29,83,100,100,88,112,1025.17,885,"Liberal",NA,11,0.647058823529412,0.71,0.17,0,0,0.71,0.17,1.50754997270187,0.200390266795261,1.31671692207263,1.45407059113055,-0.400780533590521,0.178124681595787,0.954165253146194
"Exp. 1","YCTV","Strategic","Conservative",100,22,9,8,61,30,70,31,69,1101.38,1013,"Conservative",NA,0,NA,0.733333333333333,0.128571428571429,0,0,0.733333333333333,0.128571428571429,1.75609575346965,0.255122153524736,1.52946174741774,1.68900794840442,-0.510244307049472,0.226775247577543,1.13317003025956
"Exp. 1","YCTV","Strategic","Liberal",100,60,17,10,13,70,30,77,23,1126.72,1031,"Liberal",NA,0,NA,0.857142857142857,0.566666666666667,0,0,0.857142857142857,0.566666666666667,0.899676519090036,-0.617732264333123,0.933255320047657,1.03060809210332,1.23546452866625,-0.549095346073888,-0.167894004788105
"Exp. 1","YCTV","FPF","Conservative",200,74,35,26,65,100,100,109,91,1120.685,1039,"Conservative",NA,16,0.615384615384615,0.74,0.35,0,0,0.74,0.35,1.02866587180048,-0.129012469492675,0.951601778518971,1.05086836617388,0.258024938985349,-0.114677750660155,0.385320466407568
"Exp. 1","YCTV","FPF","Liberal",200,75,37,25,63,100,100,112,88,1176.26,1043.5,"Liberal",NA,20,0.540540540540541,0.75,0.37,0,0,0.75,0.37,1.0063430966329,-0.171318201879633,0.939972427345535,1.03802589620045,0.342636403759265,-0.152282846115229,0.331853346436817
"Exp. 1","YFIZ","Strategic","Conservative",100,20,28,10,42,30,70,48,52,1497.62,1213,"Conservative",NA,0,NA,0.666666666666667,0.4,0,0,0.666666666666667,0.4,0.684074402431257,-0.0886900980798288,0.633404981804097,0.699478787640369,0.177380196159658,-0.0788356427376256,0.2533471031358
"Exp. 1","YFIZ","Strategic","Liberal",100,42,17,28,13,70,30,59,41,1597.62,1273.5,"Liberal",NA,0,NA,0.6,0.566666666666667,0,0,0.6,0.566666666666667,0.0854530983476944,-0.210620553961953,0.119031899305315,0.131448742918735,0.421241107923905,-0.187218270188402,-0.167894004788105
"Exp. 1","YFIZ","FPF","Conservative",200,59,45,41,55,100,100,104,96,1285.83,1151.5,"Conservative",NA,27,0.658536585365854,0.59,0.45,0,0,0.59,0.45,0.353206323496223,-0.0509418148930377,0.328074054125209,0.362297184626086,0.101883629786075,-0.0452816132382557,0.125661346855074
"Exp. 1","YFIZ","FPF","Liberal",200,87,73,13,27,100,100,160,40,1171.72,1026,"Liberal",NA,55,0.753424657534247,0.87,0.73,0,0,0.87,0.73,0.513578138022173,-0.869602060027714,0.636140736225499,0.702499922997582,1.73920412005543,-0.772979608913523,-0.612812991016627
"Exp. 1","YJLD","Strategic","Conservative",100,16,10,14,60,30,70,26,74,848.45,793,"Conservative",NA,0,NA,0.533333333333333,0.142857142857143,0,0,0.533333333333333,0.142857142857143,1.15122225778527,0.491959394985506,0.937708153009642,1.03552542349681,-0.983918789971013,0.437297239987117,1.06757052387814
"Exp. 1","YJLD","Strategic","Liberal",100,48,20,22,10,70,30,68,32,966.72,846.5,"Liberal",NA,0,NA,0.685714285714286,0.666666666666667,0,0,0.685714285714286,0.666666666666667,0.0530112537506457,-0.45723292617078,0.139156713609737,0.153672882474836,0.91446585234156,-0.40642926770736,-0.430727299295457
"Exp. 1","YJLD","FPF","Conservative",200,66,37,34,63,100,100,103,97,938.64,846,"Conservative",NA,25,0.735294117647059,0.66,0.37,0,0,0.66,0.37,0.744316475878221,-0.0403048915022942,0.677945806590858,0.748665900178712,0.0806097830045883,-0.0358265702242615,0.331853346436817
"Exp. 1","YJLD","FPF","Liberal",200,83,46,17,54,100,100,129,71,898.065,839.5,"Liberal",NA,37,0.804347826086957,0.83,0.46,0,0,0.83,0.46,1.05459897365766,-0.426865766317362,1.03451222955537,1.14242764252891,0.853731532634724,-0.379436236726544,0.10043372051147
"Exp. 1","YMCV","Strategic","Conservative",100,8,26,22,44,30,70,34,66,669.98,521,"Conservative",NA,0,NA,0.266666666666667,0.371428571428571,0,0,0.266666666666667,0.371428571428571,-0.294853615678437,0.475498915370869,-0.360468037184767,-0.398070354475183,-0.950997830741739,0.422665702551884,0.328072107531651
"Exp. 1","YMCV","Strategic","Liberal",100,49,23,21,7,70,30,72,28,652.94,516.5,"Liberal",NA,0,NA,0.7,0.766666666666667,0,0,0.7,0.766666666666667,-0.203512778173604,-0.626156901794843,-0.0579301199972749,-0.0639731155699806,1.25231380358969,-0.556583912706527,-0.727913290881644
"Exp. 1","YMCV","FPF","Conservative",200,56,44,44,56,100,100,100,100,769.565,671,"Conservative",NA,34,0.772727272727273,0.56,0.44,0,0,0.56,0.44,0.301938430993555,-6.93889390390723e-17,0.271744587894199,0.300091695437367,1.38777878078145e-16,-6.16790569236198e-17,0.150969215496777
"Exp. 1","YMCV","FPF","Liberal",200,76,37,24,63,100,100,113,87,965.765,859.5,"Liberal",NA,30,0.810810810810811,0.76,0.37,0,0,0.76,0.37,1.0381559092769,-0.187224608201636,0.971785239989541,1.07315727069056,0.374449216403271,-0.166421873957009,0.331853346436817
"Exp. 1","YMKH","Strategic","Conservative",100,12,12,18,58,30,70,24,76,2264.16,1586,"Conservative",NA,0,NA,0.4,0.171428571428571,0,0,0.4,0.171428571428571,0.695187937690838,0.600941071981219,0.505480929525511,0.558210304492341,-1.20188214396244,0.534169841761083,0.948535040826638
"Exp. 1","YMKH","Strategic","Liberal",100,47,11,23,19,70,30,58,42,2012.75,1433,"Liberal",NA,0,NA,0.671428571428571,0.366666666666667,0,0,0.671428571428571,0.366666666666667,0.784556139014043,-0.051583242419226,0.716417173596484,0.79115041786488,0.103166484838452,-0.045851771039312,0.340694827087795
"Exp. 1","YMKH","FPF","Conservative",200,51,29,49,71,100,100,80,120,2220.32,1449,"Conservative",NA,34,0.693877551020408,0.51,0.29,0,0,0.51,0.29,0.578453627814384,0.264157905648481,0.467776683903249,0.516572930656669,-0.528315811296962,0.234807027243094,0.553384719555673
"Exp. 1","YMKH","FPF","Liberal",200,69,40,31,60,100,100,109,91,1521.135,1314.5,"Liberal",NA,27,0.675,0.69,0.4,0,0,0.69,0.4,0.749197450483253,-0.121251622105827,0.698528029856093,0.771395163430643,0.242503244211653,-0.107779219649624,0.2533471031358
"Exp. 1","YMNM","Strategic","Conservative",100,14,31,16,39,30,70,45,55,228.22,118,"Conservative",NA,0,NA,0.466666666666667,0.442857142857143,0,0,0.466666666666667,0.442857142857143,0.0600774997986951,0.113690483806477,0.0313316530575302,0.034600022615907,-0.227380967612953,0.101058207827979,0.143729233705824
"Exp. 1","YMNM","Strategic","Liberal",100,30,13,40,17,70,30,43,57,369.42,106.5,"Liberal",NA,0,NA,0.428571428571429,0.433333333333333,0,0,0.428571428571429,0.433333333333333,-0.0121183650045997,0.173953187290405,-0.0456971659622208,-0.0504640777450357,-0.347906374580811,0.154625055369249,0.167894004788105
"Exp. 1","YMNM","FPF","Conservative",200,0,2,100,98,100,100,2,198,145.845,67,"Conservative",NA,71,0.71,0,0.02,1,0,0.005,0.02,-0.522080392917077,2.31478910709036,-0.932830175043442,-1.03013859798714,-4.62957821418072,2.05759031741365,2.05374891063182
"Exp. 1","YMNM","FPF","Liberal",200,97,98,3,2,100,100,195,5,72.41,59,"Liberal",NA,60,0.612244897959184,0.97,0.98,0,0,0.97,0.98,-0.172955302480572,-1.96727125939154,0.237794479645793,0.262600072794589,3.93454251878307,-1.74868556390359,-2.05374891063182
"Exp. 1","YXUT","Strategic","Conservative",100,14,15,16,55,30,70,29,71,1348.5,948,"Conservative",NA,0,NA,0.466666666666667,0.214285714285714,0,0,0.466666666666667,0.214285714285714,0.707986873836245,0.437645170825252,0.549659152287571,0.606996990081229,-0.875290341650504,0.389017929622446,0.791638607743375
"Exp. 1","YXUT","Strategic","Liberal",100,57,23,13,7,70,30,80,20,642.17,501,"Liberal",NA,0,NA,0.814285714285714,0.766666666666667,0,0,0.814285714285714,0.766666666666667,0.165887340297845,-0.810856961030567,0.311469998474173,0.343961072580331,1.62171392206113,-0.720761743138282,-0.727913290881644
"Exp. 1","YXUT","FPF","Conservative",200,26,18,74,82,100,100,44,156,657.51,332.5,"Conservative",NA,53,0.716216216216216,0.26,0.18,0,0,0.26,0.18,0.272019682449897,0.779355246617865,0.0889466648813345,0.0982251594211373,-1.55871049323573,0.69276021921588,0.915365087842814
"Exp. 1","YXUT","FPF","Liberal",200,86,87,14,13,100,100,173,27,316.26,249.5,"Liberal",NA,67,0.770114942528736,0.86,0.87,0,0,0.86,0.87,-0.0460717882238444,-1.10335523492688,0.179206437583916,0.197900403848285,2.20671046985376,-0.980760208823892,-1.1263911290388
"Exp. 1","ZIMB","Strategic","Conservative",100,18,16,12,54,30,70,34,66,1321.78,1096.5,"Conservative",NA,0,NA,0.6,0.228571428571429,0,0,0.6,0.228571428571429,0.99690686001523,0.245106326871815,0.848194908639344,0.936674581699578,-0.490212653743631,0.217872290552725,0.743559756879431
"Exp. 1","ZIMB","Strategic","Liberal",100,56,14,14,16,70,30,70,30,1634.99,1276,"Liberal",NA,0,NA,0.8,0.466666666666667,0,0,0.8,0.466666666666667,0.925272967480044,-0.378984749832893,0.908542620698618,1.00331748107789,0.757969499665785,-0.336875333184794,0.0836517339071291
"Exp. 1","ZIMB","FPF","Conservative",200,49,35,51,65,100,100,84,116,1028.535,945,"Conservative",NA,35,0.686274509803922,0.49,0.35,0,0,0.49,0.35,0.360251558148857,0.205194687333139,0.283187464867343,0.312728239105677,-0.410389374666279,0.182395277629457,0.385320466407568
"Exp. 1","ZIMB","FPF","Liberal",200,74,53,26,47,100,100,127,73,1222.005,1064.5,"Liberal",NA,41,0.773584905660377,0.74,0.53,0,0,0.74,0.53,0.568075543293087,-0.359307633746373,0.583129515713053,0.643958823194786,0.718615267492747,-0.31938456333011,-0.0752698620998299
"Exp. 1","ZMPE","Strategic","Conservative",100,12,8,18,62,30,70,20,80,784.14,688.5,"Conservative",NA,0,NA,0.4,0.114285714285714,0,0,0.4,0.114285714285714,0.950699856890902,0.728697031581251,0.709890464885562,0.783942873832949,-1.4573940631625,0.64773069473889,1.2040469600267
"Exp. 1","ZMPE","Strategic","Liberal",100,46,21,24,9,70,30,67,33,627.14,555.5,"Liberal",NA,0,NA,0.657142857142857,0.7,0,0,0.657142857142857,0.7,-0.119722608177993,-0.464539208619044,-0.014842505636385,-0.0163908054820051,0.929078417238088,-0.412923740994706,-0.524400512708041
"Exp. 1","ZMPE","FPF","Conservative",200,15,16,85,84,100,100,31,169,516.17,456,"Conservative",NA,54,0.635294117647059,0.15,0.16,0,0,0.15,0.16,-0.0419755062840366,1.01544563635177,-0.240867082925987,-0.265993195487134,-2.03089127270354,0.902618343423797,0.994457883209753
"Exp. 1","ZMPE","FPF","Liberal",200,80,84,20,16,100,100,164,36,530.69,467.5,"Liberal",NA,60,0.714285714285714,0.8,0.84,0,0,0.8,0.84,-0.152836649636838,-0.918039558391334,0.0460549270051122,0.050859158724402,1.83607911678267,-0.816035163014519,-0.994457883209753
"Exp. 1","ZVAE","Strategic","Conservative",100,27,13,3,57,30,70,40,60,1041.38,939.5,"Conservative",NA,0,NA,0.9,0.185714285714286,0,0,0.9,0.185714285714286,2.17535219672409,-0.193875467182556,1.99659207048819,2.20486709292949,0.387750934365112,-0.172333748606716,0.893800631179489
"Exp. 1","ZVAE","Strategic","Liberal",100,60,4,10,26,70,30,64,36,1308.29,1139,"Liberal",NA,0,NA,0.857142857142857,0.133333333333333,0,0,0.857142857142857,0.133333333333333,2.17834214051493,0.0216005463793221,1.95618781718757,2.16024805941046,-0.0432010927586441,0.0192004856705085,1.11077161663679
"Exp. 1","ZVAE","FPF","Conservative",200,64,11,36,89,100,100,75,125,927.47,885,"Conservative",NA,20,0.555555555555556,0.64,0.11,0,0,0.64,0.11,1.5849869132878,0.434034663392708,1.33968128928048,1.47943049229162,-0.868069326785417,0.385808589682407,1.22652812003661
"Exp. 1","ZVAE","FPF","Liberal",200,74,11,26,89,100,100,85,115,959.185,917.5,"Liberal",NA,7,0.636363636363636,0.74,0.11,0,0,0.74,0.11,1.86987352542953,0.291591357321847,1.62456790142221,1.79403512566265,-0.583182714643694,0.259192317619419,1.22652812003661
"Exp. 2","4UUC","Baseline","Conservative",159,29,45,10,75,39,120,74,85,2400.18427673676,2206.9000005722,"Conservative",NA,NA,NA,0.743589743589744,0.375,0,0,0.743589743589744,0.375,0.973091564696379,-0.167906418383814,0.909363691903504,1.00422420253961,0.335812836767629,-0.149250149674502,0.318639363964375
"Exp. 2","4UUC","Baseline","Liberal",159,56,18,63,22,119,40,74,85,2687.74025160112,2435.19999980927,"Liberal",NA,NA,NA,0.470588235294118,0.45,0,0,0.470588235294118,0.45,0.0518700730468013,0.0997263103316733,0.0267378036757865,0.0295269646380675,-0.199452620663347,0.0886456091837096,0.125661346855074
"Exp. 2","4UUC","Strategic","Conservative",160,21,45,19,75,40,120,66,94,1620.23624996543,1374.94999980927,"Conservative",NA,NA,NA,0.525,0.375,0,0,0.525,0.375,0.381346141907589,0.127966293010581,0.317618269114714,0.350750701675892,-0.255932586021161,0.113747816009405,0.318639363964375
"Exp. 2","4UUC","Strategic","Liberal",160,93,21,27,19,120,40,114,46,1998.54062500596,1740.30000019073,"Liberal",NA,NA,NA,0.775,0.525,0,0,0.775,0.525,0.692708248417256,-0.409060902151842,0.705249604005898,0.778817900340525,0.818121804303683,-0.363609690801637,-0.0627067779432138
"Exp. 2","4UUC","FPF","Conservative",160,48,16,32,64,80,80,64,96,2232.37874990702,2181.59999990463,"Conservative",NA,23,0.71875,0.6,0.2,0,0,0.6,0.2,1.09496833670871,0.294137065218557,0.926644089994131,1.02330720986289,-0.588274130437114,0.261455169083162,0.841621233572914
"Exp. 2","4UUC","FPF","Liberal",160,57,17,23,63,80,80,74,86,1851.53499993682,1717.25000047683,"Liberal",NA,12,0.705882352941177,0.7125,0.2125,0,0,0.7125,0.2125,1.35847987800032,0.118536907125077,1.19892450877527,1.32399063152589,-0.237073814250155,0.105366139666735,0.797776846125238
"Exp. 2","AAUN","Baseline","Conservative",160,23,17,17,103,40,120,40,120,1472.58249997348,1079.70000004768,"Conservative",NA,NA,NA,0.575,0.141666666666667,0,0,0.575,0.141666666666667,1.2619797679228,0.441871457688605,1.04740749959279,1.15666808602272,-0.883742915377211,0.392774629056538,1.07286134165
"Exp. 2","AAUN","Baseline","Liberal",160,69,2,51,38,120,40,71,89,1313.84187496603,1040.54999995232,"Liberal",NA,NA,NA,0.575,0.05,0,0,0.575,0.05,1.83397205322426,0.72786760033934,1.50500132783397,1.66199593377376,-1.45573520067868,0.646993422523858,1.64485362695147
"Exp. 2","AAUN","Strategic","Conservative",160,27,5,13,115,40,120,32,128,1209.42562496364,963.249999880791,"Conservative",NA,NA,NA,0.675,0.0416666666666667,0,0,0.675,0.0416666666666667,2.18542658629212,0.638951102976183,1.83909370706768,2.0309392466613,-1.27790220595237,0.567956535978829,1.73166439612225
"Exp. 2","AAUN","Strategic","Liberal",160,82,3,38,37,120,40,85,75,1438.46249996871,1115.79999995231,"Liberal",NA,NA,NA,0.683333333333333,0.075,0,0,0.683333333333333,0.075,1.9165718994279,0.481245521224506,1.62866560524021,1.7985602825229,-0.962491042449012,0.427773796644005,1.43953147093846
"Exp. 2","AAUN","FPF","Conservative",160,57,14,23,66,80,80,71,89,1287.41249997169,1037.49999988079,"Conservative",NA,20,0.869565217391304,0.7125,0.175,0,0,0.7125,0.175,1.49529232294856,0.186943129599198,1.30837446473387,1.44485788817921,-0.373886259198397,0.166171670754843,0.93458929107348
"Exp. 2","AAUN","FPF","Liberal",159,70,22,9,58,79,80,92,67,1268.59937104039,1091.79999995232,"Liberal",NA,17,0.772727272727273,0.886075949367089,0.275,0,0,0.886075949367089,0.275,1.8036807405581,-0.304080244236571,1.6841287153496,1.85980904142527,0.608160488473141,-0.270293550432507,0.597760126042478
"Exp. 2","ABEG","Baseline","Conservative",160,12,25,28,95,40,120,37,123,1343.74312499957,1147.49999999628,"Conservative",NA,NA,NA,0.3,0.208333333333333,0,0,0.3,0.208333333333333,0.287817288791872,0.668309157103977,0.12537372849189,0.138452121670528,-1.33661831420795,0.594052584092424,0.812217801499913
"Exp. 2","ABEG","Baseline","Liberal",160,48,10,72,30,120,40,58,102,1534.9243749998,1329.14999999851,"Liberal",NA,NA,NA,0.4,0.25,0,0,0.4,0.25,0.421142647060282,0.463918426665941,0.286244697021066,0.316104387228684,-0.927836853331881,0.41237193481417,0.674489750196082
"Exp. 2","ABEG","Strategic","Conservative",160,21,15,19,105,40,120,36,124,1331.0399999999,1071.10000000149,"Conservative",NA,NA,NA,0.525,0.125,0,0,0.525,0.125,1.21305615831922,0.543821301216397,0.98298628224402,1.08552675258847,-1.08764260243279,0.483396712192353,1.15034938037601
"Exp. 2","ABEG","Strategic","Liberal",160,104,28,16,12,120,40,132,28,1232.01875,938.44999999553,"Liberal",NA,NA,NA,0.866666666666667,0.7,0,0,0.866666666666667,0.7,0.586371103928745,-0.817586064672413,0.691251206470353,0.763359256315999,1.63517212934483,-0.726743168597701,-0.524400512708041
"Exp. 2","ABEG","FPF","Conservative",160,51,14,29,66,80,80,65,95,1039.62750000018,967.249999996275,"Conservative",NA,19,0.655172413793103,0.6375,0.175,0,0,0.6375,0.175,1.28637363600864,0.291402473069162,1.09945577779394,1.21414579393592,-0.582804946138324,0.259024420505922,0.93458929107348
"Exp. 2","ABEG","FPF","Liberal",160,50,30,30,50,80,80,80,80,1022.67062499993,954.64999999851,"Liberal",NA,26,0.866666666666667,0.625,0.375,0,0,0.625,0.375,0.63727872792875,0,0.573550855135875,0.633380962141879,0,0,0.318639363964375
"Exp. 2","AKJK","Baseline","Conservative",160,20,27,20,93,40,120,47,113,1412.546875,1044.00000000186,"Conservative",NA,NA,NA,0.5,0.225,0,0,0.5,0.225,0.755415026360469,0.377707513180235,0.604332021088375,0.667373073446856,-0.755415026360469,0.335740011715764,0.755415026360469
"Exp. 2","AKJK","Baseline","Liberal",160,62,10,58,30,120,40,72,88,1450.99249999993,965.449999999255,"Liberal",NA,NA,NA,0.516666666666667,0.25,0,0,0.516666666666667,0.25,0.716279048012536,0.316350226189814,0.581381097973319,0.642028018802635,-0.632700452379628,0.281200201057612,0.674489750196082
"Exp. 2","AKJK","Strategic","Conservative",160,30,19,10,101,40,120,49,111,1193.60625000023,916.599999999627,"Conservative",NA,NA,NA,0.75,0.158333333333333,0,0,0.75,0.158333333333333,1.67582104772177,0.163420773664806,1.47555478821664,1.6294776706981,-0.326841547329611,0.145262909924272,1.00133129752569
"Exp. 2","AKJK","Strategic","Liberal",159,91,13,28,27,119,40,104,55,1279.06792452826,955.699999999255,"Liberal",NA,NA,NA,0.764705882352941,0.325,0,0,0.764705882352941,0.325,1.17528447415222,-0.133880046906232,1.08453203611825,1.19766527825599,0.267760093812464,-0.119004486138873,0.453762190169879
"Exp. 2","AKJK","FPF","Conservative",160,65,35,15,45,80,80,100,60,912.557499999925,803.900000000373,"Conservative",NA,12,0.8,0.8125,0.4375,0,0,0.8125,0.4375,1.04445724362905,-0.364917937204353,1.01299510670701,1.11866595540007,0.729835874408705,-0.324371499737202,0.157310684610171
"Exp. 2","AKJK","FPF","Liberal",160,76,41,4,39,80,80,117,43,994.414374999772,832.249999998138,"Liberal",NA,30,0.731707317073171,0.95,0.5125,0,0,0.95,0.5125,1.61351564493004,-0.838095804486449,1.61978324133433,1.78875135251012,1.6761916089729,-0.744974048432399,-0.0313379820214265
"Exp. 2","APHY","Baseline","Conservative",159,20,20,20,99,40,119,40,119,1877.16415094349,1386.90000000037,"Conservative",NA,NA,NA,0.5,0.168067226890756,0,0,0.5,0.168067226890756,0.961831098569778,0.480915549284889,0.769464878855822,0.849731808330454,-0.961831098569778,0.427480488253235,0.961831098569778
"Exp. 2","APHY","Baseline","Liberal",160,36,2,84,38,120,40,38,122,1370.78375000014,975.850000000093,"Liberal",NA,NA,NA,0.3,0.05,0,0,0.3,0.05,1.12045311424343,1.08462706982976,0.791482388853137,0.874046080624171,-2.16925413965951,0.964112950959784,1.64485362695147
"Exp. 2","APHY","Strategic","Conservative",160,5,2,35,118,40,120,7,153,892.729375000205,711.94999999972,"Conservative",NA,NA,NA,0.125,0.0166666666666667,0,0,0.125,0.0166666666666667,0.977695853808976,1.6391973072805,0.55208680697198,0.609677886197049,-3.27839461456099,1.45706427313822,2.12804523418498
"Exp. 2","APHY","Strategic","Liberal",160,36,4,84,36,120,40,40,120,1026.90125000009,846.399999999907,"Liberal",NA,NA,NA,0.3,0.1,0,0,0.3,0.1,0.75715105283656,0.902976039126321,0.50084073972764,0.553086072085783,-1.80595207825264,0.802645368112285,1.2815515655446
"Exp. 2","APHY","FPF","Conservative",160,20,20,60,60,80,80,40,120,998.536250000296,916.600000000559,"Conservative",NA,44,0.733333333333333,0.25,0.25,0,0,0.25,0.25,0,0.674489750196082,-0.134897950039216,-0.148969864871991,-1.34897950039216,0.599546444618739,0.674489750196082
"Exp. 2","APHY","FPF","Liberal",160,47,29,33,51,80,80,76,84,1102.88500000028,1029.04999999982,"Liberal",NA,25,0.862068965517241,0.5875,0.3625,0,0,0.5875,0.3625,0.572903057932727,0.0653328159687928,0.502546188945695,0.554969425683713,-0.130665631937586,0.0580736141944825,0.351784344935156
"Exp. 2","ASJZ","Baseline","Conservative",160,27,20,13,100,40,120,47,113,2502.07250001431,1842.40000009537,"Conservative",NA,NA,NA,0.675,0.166666666666667,0,0,0.675,0.166666666666667,1.42118375627158,0.256829687965911,1.22769944305124,1.35576723057388,-0.513659375931822,0.228293055969699,0.967421566101701
"Exp. 2","ASJZ","Baseline","Liberal",158,60,2,58,38,118,40,62,96,1945.2753164557,1428.90000009537,"Liberal",NA,NA,NA,0.508474576271186,0.05,0,0,0.508474576271186,0.05,1.66609783731719,0.811804708292877,1.3371271119269,1.47660987526139,-1.62360941658575,0.721604185149224,1.64485362695147
"Exp. 2","ASJZ","Strategic","Conservative",160,23,4,17,116,40,120,27,133,1865.64937499166,1338.15000009537,"Conservative",NA,NA,NA,0.575,0.0333333333333333,0,0,0.575,0.0333333333333333,2.02303306208871,0.822398104771561,1.65625013492552,1.82902229961496,-1.64479620954312,0.731020537574721,1.83391463581591
"Exp. 2","ASJZ","Strategic","Liberal",159,72,9,47,31,119,40,81,78,2326.04842767176,1840.5,"Liberal",NA,NA,NA,0.605042016806723,0.225,0,0,0.605042016806723,0.225,1.02183476341014,0.244497644655397,0.870751758138051,0.961584454835406,-0.488995289310794,0.217331239693686,0.755415026360469
"Exp. 2","ASJZ","FPF","Conservative",160,62,26,18,54,80,80,88,72,1769.54874998331,1423.10000038147,"Conservative",NA,15,0.833333333333333,0.775,0.325,0,0,0.775,0.325,1.20917721653035,-0.150826418095295,1.11842477849637,1.23509355089277,0.30165283619059,-0.134067927195818,0.453762190169879
"Exp. 2","ASJZ","FPF","Liberal",160,68,26,12,54,80,80,94,66,2142.96812500358,1671.4500002861,"Liberal",NA,21,0.807692307692308,0.85,0.325,0,0,0.85,0.325,1.49019557966367,-0.291335599661955,1.39944314162969,1.54542641785145,0.58267119932391,-0.258964977477293,0.453762190169879
"Exp. 2","BOFH","Baseline","Conservative",160,21,15,19,105,40,120,36,124,1458.15812499523,1161.5,"Conservative",NA,NA,NA,0.525,0.125,0,0,0.525,0.125,1.21305615831922,0.543821301216397,0.98298628224402,1.08552675258847,-1.08764260243279,0.483396712192353,1.15034938037601
"Exp. 2","BOFH","Baseline","Liberal",159,63,10,56,30,119,40,73,86,1872.76226416174,1371.09999990463,"Liberal",NA,NA,NA,0.529411764705882,0.25,0,0,0.529411764705882,0.25,0.748281024004354,0.300349238193905,0.613383073965138,0.677368289264507,-0.600698476387809,0.266977100616804,0.674489750196082
"Exp. 2","BOFH","Strategic","Conservative",160,21,13,19,107,40,120,34,126,1463.15187499821,1255.14999985695,"Conservative",NA,NA,NA,0.525,0.108333333333333,0,0,0.525,0.108333333333333,1.29814711950447,0.586366781809019,1.05105905119222,1.16070055017937,-1.17273356361804,0.521214917163572,1.23544034156125
"Exp. 2","BOFH","Strategic","Liberal",160,82,6,38,34,120,40,88,72,1362.4312499851,1193.29999995231,"Liberal",NA,NA,NA,0.683333333333333,0.15,0,0,0.683333333333333,0.15,1.51347381798323,0.279696480502173,1.30618714008447,1.44244239218868,-0.559392961004346,0.248619093779709,1.03643338949379
"Exp. 2","BOFH","FPF","Conservative",160,50,19,30,61,80,80,69,91,1070.17124998569,993.049999952317,"Conservative",NA,24,0.8,0.625,0.2375,0,0,0.625,0.2375,1.03300680424456,0.197864038157906,0.890133316188525,0.982987805167627,-0.395728076315812,0.17587914502925,0.714367440280188
"Exp. 2","BOFH","FPF","Liberal",160,53,30,27,50,80,80,83,77,1205.29562498927,1078.84999990463,"Liberal",NA,23,0.766666666666667,0.6625,0.375,0,0,0.6625,0.375,0.737935117005771,-0.0503281945385104,0.674207244212896,0.744537348691469,0.100656389077021,-0.0447361729231204,0.318639363964375
"Exp. 2","BRXP","Baseline","Conservative",159,28,52,12,67,40,119,80,79,2082.56226415342,1754.90000003576,"Conservative",NA,NA,NA,0.7,0.436974789915966,0,0,0.7,0.436974789915966,0.683044234677675,-0.182878395369203,0.651315490283748,0.719257635482212,0.365756790738406,-0.162558573661514,0.158643721969635
"Exp. 2","BRXP","Baseline","Liberal",160,90,14,30,26,120,40,104,56,1774.54937500134,1570.25,"Liberal",NA,NA,NA,0.75,0.35,0,0,0.75,0.35,1.05981021660365,-0.144584641894257,0.982746123322136,1.08526154142603,0.289169283788514,-0.128519681683784,0.385320466407568
"Exp. 2","BRXP","Strategic","Conservative",160,36,25,4,95,40,120,61,99,1741.84437500089,1452.69999995828,"Conservative",NA,NA,NA,0.9,0.208333333333333,0,0,0.9,0.208333333333333,2.09376936704451,-0.234666882022344,1.93132580674453,2.13279256186533,0.469333764044688,-0.208592784019861,0.812217801499913
"Exp. 2","BRXP","Strategic","Liberal",160,88,12,32,28,120,40,100,60,1550.79562499821,1334.7499999702,"Liberal",NA,NA,NA,0.733333333333333,0.3,0,0,0.733333333333333,0.3,1.14732623591813,-0.0492626052510236,1.04244613337652,1.15118917359592,0.0985252105020471,-0.0437889824453543,0.524400512708041
"Exp. 2","BRXP","FPF","Conservative",160,46,31,34,49,80,80,77,83,1344.81624999866,1192.2499999702,"Conservative",NA,25,0.735294117647059,0.575,0.3875,0,0,0.575,0.3875,0.474959301153958,0.0483612243041866,0.417791126177725,0.461373116443349,-0.0967224486083732,0.0429877549370548,0.285840874881166
"Exp. 2","BRXP","FPF","Liberal",160,64,41,16,39,80,80,105,55,1197.22812500112,1015.65000000596,"Liberal",NA,29,0.707317073170732,0.8,0.5125,0,0,0.8,0.5125,0.810283251551488,-0.43647960779717,0.816550847955773,0.90172956257466,0.872959215594341,-0.387981873597485,-0.0313379820214265
"Exp. 2","BUUP","Baseline","Conservative",160,19,51,21,69,40,120,70,90,1668.76937500983,1099.5,"Conservative",NA,NA,NA,0.475,0.425,0,0,0.475,0.425,0.126411648329579,0.125912602108003,0.0885879630750202,0.0978290395423663,-0.251825204216006,0.111922312984892,0.189118426272792
"Exp. 2","BUUP","Baseline","Liberal",159,80,11,39,29,119,40,91,68,1691.45911949386,1276.40000009537,"Liberal",NA,NA,NA,0.672268907563025,0.275,0,0,0.672268907563025,0.275,1.04394710909242,0.0757865714962705,0.92439508388392,1.02082359809387,-0.151573142992541,0.0673658413300183,0.597760126042478
"Exp. 2","BUUP","Strategic","Conservative",160,17,25,23,95,40,120,42,118,1376.92312500328,1054.54999995231,"Conservative",NA,NA,NA,0.425,0.208333333333333,0,0,0.425,0.208333333333333,0.62309937522712,0.500668113886353,0.460655814927138,0.508709246376559,-1.00133622777271,0.445038323454536,0.812217801499913
"Exp. 2","BUUP","Strategic","Liberal",160,83,29,37,11,120,40,112,48,1194.11750000566,928.750000119209,"Liberal",NA,NA,NA,0.691666666666667,0.725,0,0,0.691666666666667,0.725,-0.0971800205757388,-0.549170115754609,0.0223720046327568,0.0247057461294888,1.09834023150922,-0.488151214004097,-0.597760126042478
"Exp. 2","BUUP","FPF","Conservative",160,49,31,31,49,80,80,80,80,1295.80250000209,1021.65000009537,"Conservative",NA,21,0.67741935483871,0.6125,0.3875,0,0,0.6125,0.3875,0.571681749762331,-8.32667268468867e-17,0.514513574786098,0.568185192498535,1.66533453693773e-16,-7.40148683083438e-17,0.285840874881166
"Exp. 2","BUUP","FPF","Liberal",160,54,53,26,27,80,80,107,53,931.004375003278,801.349999904633,"Liberal",NA,42,0.792452830188679,0.675,0.6625,0,0,0.675,0.6625,0.0344664371284836,-0.436528971605638,0.118325587736763,0.130668752274739,0.873057943211276,-0.388025752538345,-0.419295753041396
"Exp. 2","BXVI","Baseline","Conservative",160,23,20,17,100,40,120,43,117,1416.55500001013,1104.95000004768,"Conservative",NA,NA,NA,0.575,0.166666666666667,0,0,0.575,0.166666666666667,1.15653999237449,0.389151569914454,0.963055679154154,1.06351708344041,-0.778303139828909,0.345912506590626,0.967421566101701
"Exp. 2","BXVI","Baseline","Liberal",160,79,5,41,35,120,40,84,76,1352.90812499225,984.650000095367,"Liberal",NA,NA,NA,0.658333333333333,0.125,0,0,0.658333333333333,0.125,1.55826812132104,0.371215319715487,1.32819824524584,1.46674959152432,-0.742430639430973,0.329969173080433,1.15034938037601
"Exp. 2","BXVI","Strategic","Conservative",160,32,23,8,97,40,120,55,105,1176.94187499285,954.75,"Conservative",NA,NA,NA,0.8,0.191666666666667,0,0,0.8,0.191666666666667,1.71339220576287,0.0150748693085222,1.53903801132488,1.69958316277804,-0.0301497386170444,0.0133998838297975,0.871770972189959
"Exp. 2","BXVI","Strategic","Liberal",160,84,9,36,31,120,40,93,67,1310.14187500775,1002.59999990463,"Liberal",NA,NA,NA,0.7,0.225,0,0,0.7,0.225,1.27981553906851,0.115507256826214,1.12873253379642,1.24647656237467,-0.231014513652429,0.102673117178857,0.755415026360469
"Exp. 2","BXVI","FPF","Conservative",160,70,17,10,63,80,80,87,73,1067.16625000536,955.149999856949,"Conservative",NA,7,0.7,0.875,0.2125,0,0,0.875,0.2125,1.94812622650125,-0.176286267125385,1.7885708572762,1.97514609262007,0.35257253425077,-0.156698904111453,0.797776846125238
"Exp. 2","BXVI","FPF","Liberal",160,62,20,18,60,80,80,82,78,1176.01750000417,1027.29999995232,"Liberal",NA,16,0.8,0.775,0.25,0,0,0.775,0.25,1.42990477655655,-0.0404626380821938,1.29500682651733,1.43009580129653,0.0809252761643876,-0.0359667894063945,0.674489750196082
"Exp. 2","CAWN","Baseline","Conservative",160,34,25,6,95,40,120,59,101,1248.09124999978,1054.75,"Conservative",NA,NA,NA,0.85,0.208333333333333,0,0,0.85,0.208333333333333,1.8486511909937,-0.112107793996938,1.68620763069372,1.86210481936559,0.224215587993877,-0.0996513724417229,0.812217801499913
"Exp. 2","CAWN","Baseline","Liberal",160,69,6,51,34,120,40,75,85,1188.66499999985,907.75,"Liberal",NA,NA,NA,0.575,0.15,0,0,0.575,0.15,1.22555181576658,0.423657481610498,1.01826513786782,1.12448573123558,-0.847314963220997,0.376584428098221,1.03643338949379
"Exp. 2","CAWN","Strategic","Conservative",160,16,19,24,101,40,120,35,125,1024.01624999945,850.89999999851,"Conservative",NA,NA,NA,0.4,0.158333333333333,0,0,0.4,0.158333333333333,0.747984194389893,0.627339200330746,0.547717934884755,0.604853274078869,-1.25467840066149,0.557634844738441,1.00133129752569
"Exp. 2","CAWN","Strategic","Liberal",160,82,7,38,33,120,40,89,71,978.32062499933,837.650000002235,"Liberal",NA,NA,NA,0.683333333333333,0.175,0,0,0.683333333333333,0.175,1.41162971956292,0.228774431292018,1.22471186134823,1.35246799850651,-0.457548862584037,0.20335505003735,0.93458929107348
"Exp. 2","CAWN","FPF","Conservative",160,45,21,35,59,80,80,66,94,958.139999999711,883.45000000298,"Conservative",NA,28,0.8,0.5625,0.2625,0,0,0.5625,0.2625,0.792967698307753,0.239173164543706,0.665836295568237,0.73529318235623,-0.478346329087412,0.212598368483294,0.635657013697583
"Exp. 2","CAWN","FPF","Liberal",160,65,29,15,51,80,80,94,66,1006.60499999942,892.449999999255,"Liberal",NA,22,0.758620689655172,0.8125,0.3625,0,0,0.8125,0.3625,1.23893090395403,-0.26768110704186,1.168574034967,1.29047414012847,0.53536221408372,-0.237938761814987,0.351784344935156
"Exp. 2","CEHN","Baseline","Conservative",160,1,0,39,120,40,120,1,159,521.728750000009,487.299999999814,"Conservative",NA,NA,NA,0.025,0,0,1,0.025,0.00625,0.537741489872319,2.22883472947621,0.0382003949898442,0.0421852791539041,-4.45766945895243,1.98118642620108,2.49770547441237
"Exp. 2","CEHN","Baseline","Liberal",159,11,0,108,40,119,40,11,148,998.788679245303,682.600000000093,"Liberal",NA,NA,NA,0.092436974789916,0,0,1,0.092436974789916,0.00628930817610063,1.16958532565098,1.91068926214369,0.670488940657145,0.740431169330758,-3.82137852428739,1.69839045523884,2.49548192496919
"Exp. 2","CEHN","Strategic","Conservative",160,4,3,36,117,40,120,7,153,652.358749999985,568.25,"Conservative",NA,NA,NA,0.1,0.025,0,0,0.1,0.025,0.678412418995453,1.62075777504233,0.286419622087442,0.316297559648971,-3.24151555008465,1.4406735778154,1.95996398454005
"Exp. 2","CEHN","Strategic","Liberal",160,115,37,5,3,120,40,152,8,214.422499999963,45.7999999998137,"Liberal",NA,NA,NA,0.958333333333333,0.925,0,0,0.958333333333333,0.925,0.29213292518379,-1.58559793353035,0.580039219371481,0.640546161784553,3.1711958670607,-1.40942038536031,-1.43953147093846
"Exp. 2","CEHN","FPF","Conservative",160,28,6,52,74,80,80,34,126,972.159375000017,856.100000000093,"Conservative",NA,39,0.75,0.35,0.075,0,0,0.35,0.075,1.05421100453089,0.912425968673012,0.766304710343197,0.846241986015425,-1.82485193734602,0.811045305487122,1.43953147093846
"Exp. 2","CEHN","FPF","Liberal",160,60,61,20,19,80,80,121,39,625.776875000008,526.300000000047,"Liberal",NA,41,0.672131147540984,0.75,0.7625,0,0,0.75,0.7625,-0.0398776900841057,-0.694428595238135,0.102995797971932,0.11373983149337,1.38885719047627,-0.617269862433897,-0.714367440280187
"Exp. 2","CERN","Baseline","Conservative",160,23,22,17,98,40,120,45,115,1162.54062499944,944.04999999702,"Conservative",NA,NA,NA,0.575,0.183333333333333,0,0,0.575,0.183333333333333,1.09185321791666,0.356808182685536,0.911306259587884,1.0063694096785,-0.713616365371072,0.31716282905381,0.902734791643865
"Exp. 2","CERN","Baseline","Liberal",160,75,10,45,30,120,40,85,75,1487.65062500034,1127.89999999106,"Liberal",NA,NA,NA,0.625,0.25,0,0,0.625,0.25,0.993129114160457,0.177925193115853,0.858231164121241,0.947757771789007,-0.355850386231707,0.158155727214092,0.674489750196082
"Exp. 2","CERN","Strategic","Conservative",160,26,29,14,91,40,120,55,105,957.571249999665,818.14999999106,"Conservative",NA,NA,NA,0.65,0.241666666666667,0,0,0.65,0.241666666666667,1.08627188599178,0.157815476588322,0.946081602074937,1.04477235108471,-0.315630953176644,0.140280423634064,0.700951419584212
"Exp. 2","CERN","Strategic","Liberal",160,100,8,20,32,120,40,108,52,847.741250000149,789.54999999702,"Liberal",NA,NA,NA,0.833333333333333,0.2,0,0,0.833333333333333,0.2,1.80904279967462,-0.0629001662643936,1.64071855296003,1.8118705366269,0.125800332528787,-0.0559112589016832,0.841621233572914
"Exp. 2","CERN","FPF","Conservative",160,60,30,20,50,80,80,90,70,937.299999998324,836.5,"Conservative",NA,14,0.7,0.75,0.375,0,0,0.75,0.375,0.993129114160457,-0.177925193115853,0.929401241367582,1.02635197420079,0.355850386231707,-0.158155727214092,0.318639363964375
"Exp. 2","CERN","FPF","Liberal",160,64,25,16,55,80,80,89,71,1027.00125000048,902.15000000596,"Liberal",NA,21,0.84,0.8,0.3125,0,0,0.8,0.3125,1.33039764468758,-0.176422411229122,1.23264236246465,1.36122577191475,0.352844822458245,-0.156819921092553,0.488776411114669
"Exp. 2","CIBB","Baseline","Conservative",160,13,1,27,119,40,120,14,146,1044.53437498808,875.899999976158,"Conservative",NA,NA,NA,0.325,0.00833333333333333,0,0,0.325,0.00833333333333333,1.94021760964863,1.42387099499419,1.46142164968493,1.61387023013526,-2.84774198998839,1.26566310666151,2.39397979981851
"Exp. 2","CIBB","Baseline","Liberal",160,83,2,37,38,120,40,85,75,1295.94687499702,1055.55000007153,"Liberal",NA,NA,NA,0.691666666666667,0.05,0,0,0.691666666666667,0.05,2.14543373241821,0.572136760742367,1.81646300702792,2.00594781924598,-1.14427352148473,0.50856600954877,1.64485362695147
"Exp. 2","CIBB","Strategic","Conservative",160,14,1,26,119,40,120,15,145,996.901249998808,848.349999904633,"Conservative",NA,NA,NA,0.35,0.00833333333333333,0,0,0.35,0.00833333333333333,2.00865933341094,1.38965013311304,1.52986337344724,1.68945147015792,-2.77930026622608,1.23524456276715,2.39397979981851
"Exp. 2","CIBB","Strategic","Liberal",160,45,3,75,37,120,40,48,112,1039.21999999732,923.700000047684,"Liberal",NA,NA,NA,0.375,0.075,0,0,0.375,0.075,1.12089210697408,0.879085417451415,0.832985812786389,0.919878945046974,-1.75817083490283,0.781409259956814,1.43953147093846
"Exp. 2","CIBB","FPF","Conservative",160,26,3,54,77,80,80,29,131,1024.45937500596,878.75,"Conservative",NA,42,0.777777777777778,0.325,0.0375,0,0,0.325,0.0375,1.32670215152215,1.11711326593095,0.970609283183741,1.07185864364393,-2.2342265318619,0.992989569716402,1.78046434169203
"Exp. 2","CIBB","FPF","Liberal",160,44,13,36,67,80,80,57,103,1107.52124998271,941.850000023842,"Liberal",NA,11,0.846153846153846,0.55,0.1625,0,0,0.55,0.1625,1.1098963073014,0.429286806795625,0.913049315212134,1.0082942926047,-0.858573613591251,0.381588272707223,0.984234960446325
"Exp. 2","CTHZ","Baseline","Conservative",156,10,19,30,97,40,116,29,127,917.941025640887,665.10000000149,"Conservative",NA,NA,NA,0.25,0.163793103448276,0,0,0.25,0.163793103448276,0.304497646449619,0.826738573420891,0.108700167120479,0.120039253397054,-1.65347714684178,0.734878731929681,0.978987396645701
"Exp. 2","CTHZ","Baseline","Liberal",159,46,7,73,33,119,40,53,106,1209.28113207537,1003.10000000149,"Liberal",NA,NA,NA,0.38655462184874,0.175,0,0,0.38655462184874,0.175,0.64627901747297,0.611449782336995,0.459361159258274,0.507279538364018,-1.22289956467399,0.543510917632885,0.93458929107348
"Exp. 2","CTHZ","Strategic","Conservative",159,17,20,23,99,40,119,37,122,1077.66415094343,938.199999999255,"Conservative",NA,NA,NA,0.425,0.168067226890756,0,0,0.425,0.168067226890756,0.772712672296986,0.575474762421285,0.58034645258303,0.640885444108676,-1.15094952484257,0.511533122152254,0.961831098569778
"Exp. 2","CTHZ","Strategic","Liberal",160,75,17,45,23,120,40,92,68,1407.90874999983,860.199999997393,"Liberal",NA,NA,NA,0.625,0.425,0,0,0.625,0.425,0.507757790237168,-0.0647604688457913,0.469934104982609,0.518955403678467,0.129520937691583,-0.057564861196259,0.189118426272792
"Exp. 2","CTHZ","FPF","Conservative",160,39,37,41,43,80,80,76,84,845.528124999884,754.949999999255,"Conservative",NA,27,0.658536585365854,0.4875,0.4625,0,0,0.4875,0.4625,0.0627994323021098,0.0627376981724815,0.0439719494374025,0.0485588948085835,-0.125475396344963,0.0557668428199835,0.0941374143235364
"Exp. 2","CTHZ","FPF","Liberal",160,54,62,26,18,80,80,116,44,1050.13500000003,910.199999999255,"Liberal",NA,50,0.806451612903226,0.675,0.775,0,0,0.675,0.775,-0.30165283619059,-0.604588608265174,-0.150569830918496,-0.166276562091611,1.20917721653035,-0.537412096235711,-0.755415026360469
"Exp. 2","CTIM","Baseline","Conservative",159,10,28,29,92,39,120,38,121,1219.70817604905,973.400000572205,"Conservative",NA,NA,NA,0.256410256410256,0.233333333333333,0,0,0.256410256410256,0.233333333333333,0.0734610901496403,0.691182745806824,-0.0721215680266885,-0.0796449482009806,-1.38236549161365,0.614384662939399,0.727913290881644
"Exp. 2","CTIM","Baseline","Liberal",160,80,14,40,26,120,40,94,66,1097.88124998808,933,"Liberal",NA,NA,NA,0.666666666666667,0.35,0,0,0.666666666666667,0.35,0.816047765703025,-0.0227034164439449,0.738983672421512,0.81607094689902,0.0454068328878897,-0.0201808146168399,0.385320466407568
"Exp. 2","CTIM","Strategic","Conservative",160,18,21,22,99,40,120,39,121,957.098750001192,807.649999618531,"Conservative",NA,NA,NA,0.45,0.175,0,0,0.45,0.175,0.808927944218406,0.530125318964277,0.62201008600371,0.686895230313363,-1.06025063792855,0.471222505746024,0.93458929107348
"Exp. 2","CTIM","Strategic","Liberal",160,101,22,19,18,120,40,123,37,919.768749922514,791.099999904633,"Liberal",NA,NA,NA,0.841666666666667,0.55,0,0,0.841666666666667,0.55,0.875669950670619,-0.563496322190383,0.900802220041634,0.994769638508073,1.12699264438077,-0.500885619724785,-0.125661346855074
"Exp. 2","CTIM","FPF","Conservative",160,37,21,43,59,80,80,58,102,859.284375059605,775.050000190735,"Conservative",NA,29,0.674418604651163,0.4625,0.2625,0,0,0.4625,0.2625,0.541519599374046,0.364897214010559,0.41438819663453,0.457615209417547,-0.729794428021119,0.324353079120497,0.635657013697583
"Exp. 2","CTIM","FPF","Liberal",160,62,50,18,30,80,80,112,48,875.603125023842,786.299999713897,"Liberal",NA,35,0.7,0.775,0.625,0,0,0.775,0.625,0.436775662396094,-0.537027195162422,0.500503535188969,0.552713691967735,1.07405439032484,-0.477357506811042,-0.318639363964375
"Exp. 2","DDOQ","Baseline","Conservative",160,23,99,17,21,40,120,122,38,1416.37562499046,961.499999761582,"Conservative",NA,NA,NA,0.575,0.825,0,0,0.575,0.825,-0.745470864800687,-0.561853858673136,-0.558553006585991,-0.616818609109849,1.12370771734627,-0.499425652153899,-0.93458929107348
"Exp. 2","DDOQ","Baseline","Liberal",160,81,29,39,11,120,40,110,50,1328.92249998748,960,"Liberal",NA,NA,NA,0.675,0.725,0,0,0.675,0.725,-0.143997935872599,-0.525761158106179,-0.0244459106641031,-0.0269959922092627,1.05152231621236,-0.467343251649937,-0.597760126042478
"Exp. 2","DDOQ","Strategic","Conservative",159,18,109,22,10,40,119,127,32,1031.53647800362,821.900000095367,"Conservative",NA,NA,NA,0.45,0.915966386554622,0,0,0.45,0.915966386554622,-1.50410216933821,-0.626389737814032,-1.22841400484159,-1.3565563320637,1.25277947562806,-0.556790878056918,-1.37844082248314
"Exp. 2","DDOQ","Strategic","Liberal",159,82,17,37,23,119,40,99,60,1049.82641505895,909.89999961853,"Liberal",NA,NA,NA,0.689075630252101,0.425,0,0,0.689075630252101,0.425,0.68235032743315,-0.152056737443783,0.644526642178592,0.711760606916785,0.304113474887565,-0.135161544394474,0.189118426272792
"Exp. 2","DDOQ","FPF","Conservative",160,56,38,24,42,80,80,94,66,917.534374991059,739.849999904633,"Conservative",NA,15,0.625,0.7,0.475,0,0,0.7,0.475,0.587107290651254,-0.230846867382413,0.574565935062612,0.634501930395854,0.461693734764827,-0.205197215451034,0.0627067779432138
"Exp. 2","DDOQ","FPF","Liberal",160,68,43,12,37,80,80,111,49,920.161250036955,781.100000143051,"Liberal",NA,33,0.767441860465116,0.85,0.5375,0,0,0.85,0.5375,0.942295975170253,-0.565285401908663,0.96112345803496,1.06138330217134,1.13057080381733,-0.5024759128077,-0.0941374143235364
"Exp. 2","DKGP","Baseline","Conservative",160,24,27,16,93,40,120,51,109,1762.42937499844,1478.25,"Conservative",NA,NA,NA,0.6,0.225,0,0,0.6,0.225,1.00876212949627,0.251033961612335,0.857679124224175,0.947148145706136,-0.50206792322467,0.223141299210964,0.755415026360469
"Exp. 2","DKGP","Baseline","Liberal",160,66,8,54,32,120,40,74,86,1685.66937499894,1345.94999999553,"Liberal",NA,NA,NA,0.55,0.2,0,0,0.55,0.2,0.967282580427988,0.35797994335892,0.798958333713406,0.882301880621879,-0.71595988671784,0.318204394096818,0.841621233572914
"Exp. 2","DKGP","Strategic","Conservative",160,23,27,17,93,40,120,50,110,1317.81624999801,1147.70000000298,"Conservative",NA,NA,NA,0.575,0.225,0,0,0.575,0.225,0.944533452633262,0.283148300043838,0.793450447361168,0.876219437668635,-0.566296600087677,0.251687377816745,0.755415026360469
"Exp. 2","DKGP","Strategic","Liberal",160,88,14,32,26,120,40,102,58,1383.13624999691,1238.04999999702,"Liberal",NA,NA,NA,0.733333333333333,0.35,0,0,0.733333333333333,0.35,1.00824618961766,-0.11880262840126,0.931182096336142,1.02831859951975,0.23760525680252,-0.105602336356676,0.385320466407568
"Exp. 2","DKGP","FPF","Conservative",160,50,11,30,69,80,80,61,99,1538.21124999914,1290.80000000447,"Conservative",NA,27,0.9,0.625,0.1375,0,0,0.625,0.1375,1.41025973139854,0.386490501734896,1.19193565791171,1.31627273686216,-0.772981003469793,0.343547112653241,1.09162036743417
"Exp. 2","DKGP","FPF","Liberal",160,60,30,20,50,80,80,90,70,1339.16499999892,1206.44999999553,"Liberal",NA,22,0.733333333333333,0.75,0.375,0,0,0.75,0.375,0.993129114160457,-0.177925193115853,0.929401241367582,1.02635197420079,0.355850386231707,-0.158155727214092,0.318639363964375
"Exp. 2","DQDL","Baseline","Conservative",159,23,28,16,92,39,120,51,108,1363.04402512125,1236.39999961853,"Conservative",NA,NA,NA,0.58974358974359,0.233333333333333,0,0,0.58974358974359,0.233333333333333,0.954798735417523,0.250513923172882,0.809216077241194,0.89362966334046,-0.501027846345765,0.22267904282034,0.727913290881644
"Exp. 2","DQDL","Baseline","Liberal",160,87,14,33,26,120,40,101,59,1477.59875004292,1198.75,"Liberal",NA,NA,NA,0.725,0.35,0,0,0.725,0.35,0.983080592450046,-0.106219829817455,0.906016499168533,1.00052784652171,0.212439659634911,-0.0944176265044048,0.385320466407568
"Exp. 2","DQDL","Strategic","Conservative",160,21,16,19,104,40,120,37,123,1194.00374997854,963.500000476837,"Conservative",NA,NA,NA,0.525,0.133333333333333,0,0,0.525,0.133333333333333,1.17347839458,0.524032419346786,0.951324071252642,1.05056168980165,-1.04806483869357,0.465806594974921,1.11077161663679
"Exp. 2","DQDL","Strategic","Liberal",160,81,8,39,32,120,40,89,71,1075.35812499523,916.050000190735,"Liberal",NA,NA,NA,0.675,0.2,0,0,0.675,0.2,1.29538342374279,0.193929521701517,1.12705917702821,1.24462864895886,-0.387859043403035,0.172381797068015,0.841621233572914
"Exp. 2","DQDL","FPF","Conservative",160,53,24,27,56,80,80,77,83,1046.74312499166,941.050000190735,"Conservative",NA,19,0.703703703703704,0.6625,0.3,0,0,0.6625,0.3,0.943696265749437,0.0525523798333223,0.838816163207829,0.926317489992881,-0.105104759666645,0.0467132265185087,0.524400512708041
"Exp. 2","DQDL","FPF","Liberal",160,58,27,22,53,80,80,85,75,1272.14500001073,1101.30000019073,"Liberal",NA,17,0.62962962962963,0.725,0.3375,0,0,0.725,0.3375,1.01705587908387,-0.0892321865005412,0.933196728475595,1.03054338853614,0.178464373001082,-0.0793174991115922,0.419295753041396
"Exp. 2","DQYS","Baseline","Conservative",159,23,24,17,95,40,119,47,112,2298.88993709342,1971.09999990463,"Conservative",NA,NA,NA,0.575,0.201680672268908,0,0,0.575,0.201680672268908,1.02475152125952,0.32325733435697,0.857624902262178,0.947088267566034,-0.64651466871394,0.287339852761751,0.835633094986732
"Exp. 2","DQYS","Baseline","Liberal",158,66,13,52,27,118,40,79,79,2508.52721515939,2083.04999983311,"Liberal",NA,NA,NA,0.559322033898305,0.325,0,0,0.559322033898305,0.325,0.603012741825682,0.152255819257038,0.512260303791706,0.565696870952826,-0.304511638514076,0.135338506006256,0.453762190169879
"Exp. 2","DQYS","Strategic","Conservative",160,24,23,16,97,40,120,47,113,2068.7618749857,1810.85000002384,"Conservative",NA,NA,NA,0.6,0.191666666666667,0,0,0.6,0.191666666666667,1.12511807532576,0.30921193452708,0.950763880887767,1.0499430630328,-0.618423869054159,0.27485505291296,0.871770972189959
"Exp. 2","DQYS","Strategic","Liberal",160,87,15,33,25,120,40,102,58,1864.54437499344,1610.35000002384,"Liberal",NA,NA,NA,0.725,0.375,0,0,0.725,0.375,0.916399490006854,-0.139560381039052,0.852671617213979,0.94161827929647,0.279120762078103,-0.124053672034713,0.318639363964375
"Exp. 2","DQYS","FPF","Conservative",160,55,20,25,60,80,80,75,85,1340.92374997288,1139.25,"Conservative",NA,17,0.68,0.6875,0.25,0,0,0.6875,0.25,1.16326616131075,0.0928566695407061,1.02836821127153,1.13564270937576,-0.185713339081412,0.082539261813961,0.674489750196082
"Exp. 2","DQYS","FPF","Liberal",160,58,40,22,40,80,80,98,62,1420.88812499344,1252.44999980927,"Liberal",NA,32,0.8,0.725,0.5,0,0,0.725,0.5,0.597760126042478,-0.298880063021239,0.597760126042478,0.660115629455635,0.597760126042478,-0.26567116712999,0
"Exp. 2","DYVG","Baseline","Conservative",160,25,42,15,78,40,120,67,93,1284.50687497109,1082.5,"Conservative",NA,NA,NA,0.625,0.35,0,0,0.625,0.35,0.703959830371943,0.0333405512215962,0.626895737090429,0.692290529367119,-0.0666811024431925,0.0296360455303078,0.385320466407568
"Exp. 2","DYVG","Baseline","Liberal",160,67,12,53,28,120,40,79,81,1522.95624995977,1266.25,"Liberal",NA,NA,NA,0.558333333333333,0.3,0,0,0.558333333333333,0.3,0.671145468194589,0.188827778610746,0.566265365652981,0.625335484923897,-0.377655557221492,0.167846914320663,0.524400512708041
"Exp. 2","DYVG","Strategic","Conservative",160,13,25,27,95,40,120,38,122,1111.43749998361,1010.2499998808,"Conservative",NA,NA,NA,0.325,0.208333333333333,0,0,0.325,0.208333333333333,0.358455611330034,0.632989995834896,0.196012051030051,0.216459099243092,-1.26597999166979,0.562657774075463,0.812217801499913
"Exp. 2","DYVG","Strategic","Liberal",159,84,21,35,19,119,40,105,54,1178.95911946087,1108.40000009537,"Liberal",NA,NA,NA,0.705882352941177,0.525,0,0,0.705882352941177,0.525,0.478688307185874,-0.302050931536151,0.491229662774517,0.542472413134221,0.604101863072302,-0.268489716921023,-0.0627067779432138
"Exp. 2","DYVG","FPF","Conservative",160,48,27,32,53,80,80,75,85,1011.55187498331,964.199999928474,"Conservative",NA,23,0.71875,0.6,0.3375,0,0,0.6,0.3375,0.672642856177196,0.0829743249527981,0.588783705568917,0.650202831339786,-0.165948649905596,0.0737549555135983,0.419295753041396
"Exp. 2","DYVG","FPF","Liberal",160,51,32,29,48,80,80,83,77,1128.75249998122,1086.60000002384,"Liberal",NA,28,0.875,0.6375,0.4,0,0,0.6375,0.4,0.605131448070956,-0.0492186208996782,0.554462027443796,0.612300878411718,0.0984372417993563,-0.0437498852441584,0.2533471031358
"Exp. 2","ECRE","Baseline","Conservative",160,10,16,30,104,40,120,26,134,632.953750001639,568.599999964237,"Conservative",NA,NA,NA,0.25,0.133333333333333,0,0,0.25,0.133333333333333,0.436281866440704,0.892630683416434,0.214127543113347,0.236464313606644,-1.78526136683287,0.793449496370163,1.11077161663679
"Exp. 2","ECRE","Baseline","Liberal",159,65,14,54,26,119,40,79,80,919.242138368529,822.5,"Liberal",NA,NA,NA,0.546218487394958,0.35,0,0,0.546218487394958,0.35,0.501433416926033,0.134603757944551,0.42436932364452,0.468637520294147,-0.269207515889102,0.119647784839601,0.385320466407568
"Exp. 2","ECRE","Strategic","Conservative",160,15,40,25,80,40,120,55,105,764.270625001937,724.699999988079,"Conservative",NA,NA,NA,0.375,0.333333333333333,0,0,0.375,0.333333333333333,0.112087935331082,0.374683331629916,0.0259424754719909,0.0286486715653122,-0.749366663259833,0.333051850337703,0.430727299295457
"Exp. 2","ECRE","Strategic","Liberal",160,59,19,61,21,120,40,78,82,615.350624988973,498.800000011921,"Liberal",NA,NA,NA,0.491666666666667,0.475,0,0,0.491666666666667,0.475,0.0418166896963253,0.0417984330950512,0.0292753341076825,0.0323291982186238,-0.0835968661901024,0.0371541627511566,0.0627067779432138
"Exp. 2","ECRE","FPF","Conservative",160,17,18,63,62,80,80,35,125,508.959999997169,357.899999976158,"Conservative",NA,47,0.746031746031746,0.2125,0.225,0,0,0.2125,0.225,-0.0423618197647688,0.776595936242854,-0.193444825036863,-0.213624072401024,-1.55319187248571,0.690307498882537,0.755415026360469
"Exp. 2","ECRE","FPF","Liberal",160,64,58,16,22,80,80,122,38,274.29374999553,157.75,"Liberal",NA,44,0.758620689655172,0.8,0.725,0,0,0.8,0.725,0.243861107530436,-0.719690679807696,0.363413132738932,0.40132266844001,1.43938135961539,-0.639725048717952,-0.597760126042478
"Exp. 2","EGFE","Baseline","Conservative",159,7,2,33,117,40,119,9,150,776.818238999859,690.700000047684,"Conservative",NA,NA,NA,0.175,0.0168067226890756,0,0,0.175,0.0168067226890756,1.19008924818074,1.52963391516385,0.765153540329896,0.844970731402021,-3.0592678303277,1.35967459125676,2.12467853925422
"Exp. 2","EGFE","Baseline","Liberal",160,35,3,85,37,120,40,38,122,978.889999998361,816.75,"Liberal",NA,NA,NA,0.291666666666667,0.075,0,0,0.291666666666667,0.075,0.891009188240358,0.994026876818277,0.603102894052667,0.666015729703925,-1.98805375363655,0.883579446060691,1.43953147093846
"Exp. 2","EGFE","Strategic","Conservative",160,11,17,29,103,40,120,28,132,936.282499999553,766.25,"Conservative",NA,NA,NA,0.275,0.141666666666667,0,0,0.275,0.141666666666667,0.475101215607525,0.835310733846241,0.260528947277524,0.287706092345302,-1.67062146769248,0.742498430085547,1.07286134165
"Exp. 2","EGFE","Strategic","Liberal",159,54,16,66,23,120,39,70,89,882.277358486967,803.699999928474,"Liberal",NA,NA,NA,0.45,0.41025641025641,0,0,0.45,0.41025641025641,0.101224097680805,0.176273395695477,0.0558470087736293,0.0616727040558722,-0.352546791390953,0.156687462840424,0.226885444535879
"Exp. 2","EGFE","FPF","Conservative",160,21,9,59,71,80,80,30,130,841.027499991655,727.199999988079,"Conservative",NA,41,0.694915254237288,0.2625,0.1125,0,0,0.2625,0.1125,0.577682608790935,0.92449831809305,0.335014684293232,0.369961828439845,-1.8489966361861,0.821776282749378,1.21333962248852
"Exp. 2","EGFE","FPF","Liberal",160,57,62,23,18,80,80,119,41,600.129999994487,513.350000023842,"Liberal",NA,45,0.725806451612903,0.7125,0.775,0,0,0.7125,0.775,-0.194711994485386,-0.658059029117776,-0.0436289892132922,-0.0481801585992687,1.31611805823555,-0.584941359215801,-0.755415026360469
"Exp. 2","EIEB","Baseline","Conservative",160,21,32,19,88,40,120,53,107,1141.60250006914,1101.9500002861,"Conservative",NA,NA,NA,0.525,0.266666666666667,0,0,0.525,0.266666666666667,0.685632501153302,0.280109472633437,0.561047356511284,0.619573157797996,-0.560218945266874,0.248986197896388,0.622925723210088
"Exp. 2","EIEB","Baseline","Liberal",160,82,8,38,32,120,40,90,70,1008.09562500715,964.049999713897,"Liberal",NA,NA,NA,0.683333333333333,0.2,0,0,0.683333333333333,0.2,1.31866166206236,0.182290402541735,1.15033741534777,1.27033516277849,-0.364580805083471,0.162035913370431,0.841621233572914
"Exp. 2","EIEB","Strategic","Conservative",160,32,34,8,86,40,120,66,94,1204.85500000119,1099.7999997139,"Conservative",NA,NA,NA,0.8,0.283333333333333,0,0,0.8,0.283333333333333,1.41458878206838,-0.134326842538725,1.29999527236929,1.43560461817826,0.268653685077451,-0.1194016378122,0.572967548495463
"Exp. 2","EIEB","Strategic","Liberal",160,90,10,30,30,120,40,100,60,1219.95812494755,1133.19999980927,"Liberal",NA,NA,NA,0.75,0.25,0,0,0.75,0.25,1.34897950039216,0,1.21408155035295,1.34072878384792,0,0,0.674489750196082
"Exp. 2","EIEB","FPF","Conservative",160,64,27,16,53,80,80,91,69,1023.26124998927,984.199999809265,"Conservative",NA,12,0.75,0.8,0.3375,0,0,0.8,0.3375,1.26091698661431,-0.211162740265759,1.17705783600603,1.29984293108502,0.422325480531518,-0.187700213569564,0.419295753041396
"Exp. 2","EIEB","FPF","Liberal",160,67,35,13,45,80,80,102,58,1073.30874998569,1026.69999980927,"Liberal",NA,27,0.771428571428571,0.8375,0.4375,0,0,0.8375,0.4375,1.1415456450565,-0.413462137918077,1.11008350813446,1.22588215873808,0.826924275836154,-0.367521900371624,0.157310684610171
"Exp. 2","EVPU","Baseline","Conservative",160,27,12,13,108,40,120,39,121,1515.84624998569,1122.25,"Conservative",NA,NA,NA,0.675,0.1,0,0,0.675,0.1,1.73531375571448,0.413894687687361,1.47900344260556,1.63328607236884,-0.827789375374721,0.367906389055432,1.2815515655446
"Exp. 2","EVPU","Baseline","Liberal",159,35,2,84,38,119,40,37,122,1189.19748425634,955.199999809265,"Liberal",NA,NA,NA,0.294117647058824,0.05,0,0,0.294117647058824,0.05,1.10345854182238,1.09312435604028,0.77448781643209,0.855278714949713,-2.18624871208056,0.971666094258027,1.64485362695147
"Exp. 2","EVPU","Strategic","Conservative",160,20,14,20,106,40,120,34,126,977.856249964237,863.399999618531,"Conservative",NA,NA,NA,0.5,0.116666666666667,0,0,0.5,0.116666666666667,1.19181617168139,0.595908085840697,0.953452937345116,1.05291262911566,-1.19181617168139,0.529696076302842,1.19181617168139
"Exp. 2","EVPU","Strategic","Liberal",160,76,3,44,37,120,40,79,81,1173.99124997258,928.849999904633,"Liberal",NA,NA,NA,0.633333333333333,0.075,0,0,0.633333333333333,0.075,1.78022629802625,0.54941832192533,1.49232000383856,1.64799175415913,-1.09883664385066,0.488371841711405,1.43953147093846
"Exp. 2","EVPU","FPF","Conservative",160,44,12,36,68,80,80,56,104,1054.57437497973,935.150000095367,"Conservative",NA,30,0.833333333333333,0.55,0.15,0,0,0.55,0.15,1.16209473634886,0.455386021319358,0.954808058450106,1.05440911003206,-0.910772042638715,0.404787574506096,1.03643338949379
"Exp. 2","EVPU","FPF","Liberal",160,50,20,30,60,80,80,70,90,1066.94750002027,935.999999523163,"Liberal",NA,12,0.6,0.625,0.25,0,0,0.625,0.25,0.993129114160457,0.177925193115853,0.858231164121241,0.947757771789007,-0.355850386231707,0.158155727214092,0.674489750196082
"Exp. 2","FLZR","Baseline","Conservative",158,25,7,15,111,40,118,32,126,1356.62911392408,1071.30000000004,"Conservative",NA,NA,NA,0.625,0.0593220338983051,0,0,0.625,0.0593220338983051,1.87912963285286,0.620925452462055,1.56703157907516,1.73049688684747,-1.24185090492411,0.551933735521826,1.56049026888848
"Exp. 2","FLZR","Baseline","Liberal",159,62,3,58,36,120,39,65,94,1524.00628930819,1204.5,"Liberal",NA,NA,NA,0.516666666666667,0.0769230769230769,0,0,0.516666666666667,0.0769230769230769,1.4678661700893,0.692143787228197,1.18265079563473,1.30601932175575,-1.38428757445639,0.615238921980619,1.42607687227285
"Exp. 2","FLZR","Strategic","Conservative",160,24,1,16,119,40,120,25,135,1349.51375000006,1087.69999999995,"Conservative",NA,NA,NA,0.6,0.00833333333333333,0,0,0.6,0.00833333333333333,2.64732690295431,1.07031634834135,2.16853094299061,2.39474181374979,-2.14063269668271,0.95139230963676,2.39397979981851
"Exp. 2","FLZR","Strategic","Liberal",160,62,1,58,39,120,40,63,97,1550.66562500007,1189.35000000033,"Liberal",NA,NA,NA,0.516666666666667,0.025,0,0,0.516666666666667,0.025,2.00175328235651,0.9590873433618,1.6097604854485,1.77768307023063,-1.9181746867236,0.852522082988267,1.95996398454005
"Exp. 2","FLZR","FPF","Conservative",160,56,1,24,79,80,80,57,103,1527.38750000008,1247.25,"Conservative",NA,19,0.791666666666667,0.7,0.0125,0,0,0.7,0.0125,2.76580324031299,0.858501107448452,2.317522694792,2.55927567898971,-1.7170022148969,0.763112095509735,2.24140272760494
"Exp. 2","FLZR","FPF","Liberal",160,37,4,43,76,80,80,41,119,1457.65375000004,1088.50000000023,"Liberal",NA,1,0.25,0.4625,0.05,0,0,0.4625,0.05,1.55071621262794,0.869495520637504,1.22174548723764,1.3491921863071,-1.73899104127501,0.772884907233337,1.64485362695147
"Exp. 2","FMEH","Baseline","Conservative",160,18,37,22,83,40,120,55,105,1530.41499999985,1190.20000004768,"Conservative",NA,NA,NA,0.45,0.308333333333333,0,0,0.45,0.308333333333333,0.374918758611666,0.313120726160907,0.274802737518318,0.303468856736933,-0.626241452321814,0.27832953436525,0.50058010546674
"Exp. 2","FMEH","Baseline","Liberal",159,63,16,56,24,119,40,79,80,1979.72955975143,1672.5,"Liberal",NA,NA,NA,0.529411764705882,0.4,0,0,0.529411764705882,0.4,0.327138376944072,0.0897779146637635,0.276468956316912,0.305308887583967,-0.179555829327527,0.0798025908122343,0.2533471031358
"Exp. 2","FMEH","Strategic","Conservative",160,18,32,22,88,40,120,50,110,1456.01000000015,1105.94999998808,"Conservative",NA,NA,NA,0.45,0.266666666666667,0,0,0.45,0.266666666666667,0.497264376355014,0.374293535032581,0.372679231712996,0.411555362944675,-0.748587070065162,0.332705364473405,0.622925723210088
"Exp. 2","FMEH","Strategic","Liberal",160,71,24,49,16,120,40,95,65,1612.08812500387,1171.25000005961,"Liberal",NA,NA,NA,0.591666666666667,0.6,0,0,0.591666666666667,0.6,-0.0215127406827899,-0.242590732794405,0.02915667994437,0.0321981666153266,0.48518146558881,-0.21563620692836,-0.2533471031358
"Exp. 2","FMEH","FPF","Conservative",160,20,13,60,67,80,80,33,127,1056.28187499642,891.049999952316,"Conservative",NA,51,0.85,0.25,0.1625,0,0,0.25,0.1625,0.309745210250243,0.829362355321203,0.112898218160978,0.124675225226478,-1.65872471064241,0.737210982507736,0.984234960446325
"Exp. 2","FMEH","FPF","Liberal",160,54,51,26,29,80,80,105,55,1489.93437499553,1277.69999998808,"Liberal",NA,37,0.725490196078431,0.675,0.6375,0,0,0.675,0.6375,0.101977845234724,-0.402773267552518,0.172334714221755,0.190311854871809,0.805546535105036,-0.358020682268905,-0.351784344935156
"Exp. 2","FPXH","Baseline","Conservative",159,25,2,14,118,39,120,27,132,1483.83396223356,1053,"Conservative",NA,NA,NA,0.641025641025641,0.0166666666666667,0,0,0.641025641025641,0.0166666666666667,2.4892468718963,0.883421798236832,2.06363782505931,2.27890674287076,-1.76684359647366,0.785263820654962,2.12804523418498
"Exp. 2","FPXH","Baseline","Liberal",160,50,0,70,40,120,40,50,110,1358.6181250155,1021.25,"Liberal",NA,NA,NA,0.416666666666667,0,0,1,0.416666666666667,0.00625,2.28727708016445,1.35406693433015,1.78773598528197,1.97422413073608,-2.7081338686603,1.20361505273791,2.49770547441237
"Exp. 2","FPXH","Strategic","Conservative",160,24,3,16,117,40,120,27,133,1137.28437499404,952.599999904633,"Conservative",NA,NA,NA,0.6,0.025,0,0,0.6,0.025,2.21331108767585,0.853308440702127,1.82131829076784,2.01130958317524,-1.70661688140425,0.758496391735224,1.95996398454005
"Exp. 2","FPXH","Strategic","Liberal",160,80,1,40,39,120,40,81,79,1218.12687501609,972.75,"Liberal",NA,NA,NA,0.666666666666667,0.025,0,0,0.666666666666667,0.025,2.39069128383551,0.764618342622298,1.9986984869275,2.20719324074891,-1.5292366852446,0.679660748997598,1.95996398454005
"Exp. 2","FPXH","FPF","Conservative",160,57,3,23,77,80,80,60,100,1236.4150000304,1044.89999985695,"Conservative",NA,18,0.782608695652174,0.7125,0.0375,0,0,0.7125,0.0375,2.34116737356711,0.609880654908471,1.9850745052287,2.19214806984677,-1.21976130981694,0.542116137696419,1.78046434169203
"Exp. 2","FPXH","FPF","Liberal",160,55,17,25,63,80,80,72,88,1116.71562500596,993.050000190735,"Liberal",NA,15,0.882352941176471,0.6875,0.2125,0,0,0.6875,0.2125,1.28655325723991,0.154500217505284,1.12699788801486,1.2445609665661,-0.309000435010569,0.137333526671364,0.797776846125238
"Exp. 2","FWEC","Baseline","Conservative",160,14,10,26,110,40,120,24,136,1228.18624998778,950.25,"Conservative",NA,NA,NA,0.35,0.0833333333333333,0,0,0.35,0.0833333333333333,0.997673660693071,0.884157296754103,0.721074835272943,0.796293944733597,-1.76831459350821,0.785917597114758,1.38299412710064
"Exp. 2","FWEC","Baseline","Liberal",160,28,3,92,37,120,40,31,129,1452.73874997795,1079.79999983311,"Liberal",NA,NA,NA,0.233333333333333,0.075,0,0,0.233333333333333,0.075,0.711618180056812,1.08372238091005,0.423711885869121,0.467911501725782,-2.1674447618201,0.963308783031155,1.43953147093846
"Exp. 2","FWEC","Strategic","Conservative",160,23,17,17,103,40,120,40,120,1389.20124998391,1005.75,"Conservative",NA,NA,NA,0.575,0.141666666666667,0,0,0.575,0.141666666666667,1.2619797679228,0.441871457688605,1.04740749959279,1.15666808602272,-0.883742915377211,0.392774629056538,1.07286134165
"Exp. 2","FWEC","Strategic","Liberal",160,72,10,48,30,120,40,82,78,1341.07437497228,1050.75,"Liberal",NA,NA,NA,0.6,0.25,0,0,0.6,0.25,0.927836853331881,0.210571323530141,0.792938903292665,0.875654531747242,-0.421142647060282,0.18717450980457,0.674489750196082
"Exp. 2","FWEC","FPF","Conservative",160,45,22,35,58,80,80,67,93,1067.95874997973,902.450000047683,"Conservative",NA,29,0.828571428571429,0.5625,0.275,0,0,0.5625,0.275,0.755070810652649,0.220224720716154,0.635518785444153,0.701813093258308,-0.440449441432308,0.195755307303248,0.597760126042478
"Exp. 2","FWEC","FPF","Liberal",160,46,18,34,62,80,80,64,96,1321.18187499493,1068.14999997615,"Liberal",NA,12,0.666666666666667,0.575,0.225,0,0,0.575,0.225,0.944533452633262,0.283148300043838,0.793450447361168,0.876219437668635,-0.566296600087677,0.251687377816745,0.755415026360469
"Exp. 2","GBDG","Baseline","Conservative",159,27,18,13,101,40,119,45,114,2201.22578616112,1732.9000005722,"Conservative",NA,NA,NA,0.675,0.151260504201681,0,0,0.675,0.151260504201681,1.48480443791382,0.28864002878703,1.27859598836503,1.41197306228327,-0.577280057574059,0.25656891447736,1.03104224774394
"Exp. 2","GBDG","Baseline","Liberal",160,50,2,70,38,120,40,52,108,1825.29999998808,1504.39999961853,"Liberal",NA,NA,NA,0.416666666666667,0.05,0,0,0.416666666666667,0.05,1.43442523270355,0.927641010599699,1.10545450731325,1.2207702824892,-1.8552820211994,0.824569787199732,1.64485362695147
"Exp. 2","GBDG","Strategic","Conservative",160,31,31,9,89,40,120,62,98,1778.64125007987,1391,"Conservative",NA,NA,NA,0.775,0.258333333333333,0,0,0.775,0.258333333333333,1.40390720695333,-0.0534614228838061,1.27420877083475,1.40712819101236,0.106922845767612,-0.0475212647856054,0.648492180592857
"Exp. 2","GBDG","Strategic","Liberal",160,90,9,30,31,120,40,99,61,1683.77187503576,1393.7000002861,"Liberal",NA,NA,NA,0.75,0.225,0,0,0.75,0.225,1.42990477655655,0.0404626380821938,1.27882177128446,1.41222239780681,-0.0809252761643876,0.0359667894063945,0.755415026360469
"Exp. 2","GBDG","FPF","Conservative",160,49,7,31,73,80,80,56,104,1613.23374997973,1333.10000038147,"Conservative",NA,25,0.806451612903226,0.6125,0.0875,0,0,0.6125,0.0875,1.64215262021641,0.535235435227041,1.37089027114936,1.51389504724184,-1.07047087045408,0.475764831312925,1.35631174533525
"Exp. 2","GBDG","FPF","Liberal",160,59,11,21,69,80,80,70,90,1463.3118750155,1244.75,"Liberal",NA,9,0.818181818181818,0.7375,0.1375,0,0,0.7375,0.1375,1.72727738113175,0.227981676868293,1.50895330764492,1.66636016538916,-0.455963353736585,0.202650379438482,1.09162036743417
"Exp. 2","GCIL","Baseline","Conservative",160,18,14,22,106,40,120,32,128,1019.79124997407,890.649999976158,"Conservative",NA,NA,NA,0.45,0.116666666666667,0,0,0.45,0.116666666666667,1.06615482482632,0.658738759268234,0.827791590490042,0.914142886097397,-1.31747751853647,0.585545563793986,1.19181617168139
"Exp. 2","GCIL","Baseline","Liberal",160,70,7,50,33,120,40,77,83,1092.01624997705,955,"Liberal",NA,NA,NA,0.583333333333333,0.175,0,0,0.583333333333333,0.175,1.14501768532141,0.362080448412778,0.958099827106709,1.05804426039441,-0.724160896825555,0.321849287478025,0.93458929107348
"Exp. 2","GCIL","Strategic","Conservative",160,27,37,13,83,40,120,64,96,947.35624999255,864.600000023842,"Conservative",NA,NA,NA,0.675,0.308333333333333,0,0,0.675,0.308333333333333,0.954342295636619,0.02340895764843,0.854226274543271,0.943335111110443,-0.04681791529686,0.02080796235416,0.50058010546674
"Exp. 2","GCIL","Strategic","Liberal",160,91,13,29,27,120,40,104,56,984.571874961257,874,"Liberal",NA,NA,NA,0.758333333333333,0.325,0,0,0.758333333333333,0.325,1.15471360975409,-0.123594614707166,1.06396117172012,1.17494855877434,0.247189229414333,-0.109861879739703,0.453762190169879
"Exp. 2","GCIL","FPF","Conservative",160,51,11,29,69,80,80,62,98,890.368124994636,838.299999952317,"Conservative",NA,22,0.758620689655172,0.6375,0.1375,0,0,0.6375,0.1375,1.44340471236932,0.369918011249506,1.22508063888249,1.35287524516541,-0.739836022499012,0.328816009999561,1.09162036743417
"Exp. 2","GCIL","FPF","Liberal",160,47,22,33,58,80,80,69,91,1017.08937497735,938.75,"Liberal",NA,12,0.545454545454545,0.5875,0.275,0,0,0.5875,0.275,0.818878839040049,0.188320706522454,0.699326813831553,0.772277272764785,-0.376641413044908,0.167396183575515,0.597760126042478
"Exp. 2","GKLU","Baseline","Conservative",160,25,33,15,87,40,120,58,102,1997.33124996424,1633.40000009537,"Conservative",NA,NA,NA,0.625,0.275,0,0,0.625,0.275,0.916399490006854,0.139560381039052,0.796847464798358,0.879970815865552,-0.279120762078103,0.124053672034713,0.597760126042478
"Exp. 2","GKLU","Baseline","Liberal",160,71,12,49,28,120,40,83,77,1892.69062498212,1290.10000038147,"Liberal",NA,NA,NA,0.591666666666667,0.3,0,0,0.591666666666667,0.3,0.756234875161051,0.146283075127515,0.651354772619442,0.719301015564997,-0.292566150255031,0.130029400113347,0.524400512708041
"Exp. 2","GKLU","Strategic","Conservative",159,26,23,14,96,40,119,49,110,1746.93710691224,1348.60000038147,"Conservative",NA,NA,NA,0.65,0.19327731092437,0,0,0.65,0.19327731092437,1.25120292810343,0.240280997644148,1.07802643576426,1.19048104450475,-0.480561995288295,0.21358310901702,0.865882461695863
"Exp. 2","GKLU","Strategic","Liberal",160,88,16,32,24,120,40,104,56,1358.60562499762,1081.90000009537,"Liberal",NA,NA,NA,0.733333333333333,0.4,0,0,0.733333333333333,0.4,0.876272826345888,-0.184789310037144,0.825603405718728,0.911726440261098,0.369578620074288,-0.164257164477461,0.2533471031358
"Exp. 2","GKLU","FPF","Conservative",160,50,20,30,60,80,80,70,90,1487.67312502265,1235.09999990463,"Conservative",NA,25,0.833333333333333,0.625,0.25,0,0,0.625,0.25,0.993129114160457,0.177925193115853,0.858231164121241,0.947757771789007,-0.355850386231707,0.158155727214092,0.674489750196082
"Exp. 2","GKLU","FPF","Liberal",160,49,26,31,54,80,80,75,85,1378.80937500596,1130.15000009537,"Liberal",NA,19,0.730769230769231,0.6125,0.325,0,0,0.6125,0.325,0.739603065051045,0.0839606576443568,0.648850627017069,0.71653564936116,-0.167921315288714,0.0746316956838727,0.453762190169879
"Exp. 2","GLQL","Baseline","Conservative",159,22,11,17,109,39,120,33,126,903.310062889783,762.599999904633,"Conservative",NA,NA,NA,0.564102564102564,0.0916666666666667,0,0,0.564102564102564,0.0916666666666667,1.49194055591314,0.584591235222329,1.22582825327736,1.35370084715082,-1.16918247044466,0.519636653530959,1.3305615131789
"Exp. 2","GLQL","Baseline","Liberal",160,48,10,72,30,120,40,58,102,935.877500005066,777.350000023842,"Liberal",NA,NA,NA,0.4,0.25,0,0,0.4,0.25,0.421142647060282,0.463918426665941,0.286244697021066,0.316104387228684,-0.927836853331881,0.41237193481417,0.674489750196082
"Exp. 2","GLQL","Strategic","Conservative",160,21,13,19,107,40,120,34,126,902.84062499702,715.599999964237,"Conservative",NA,NA,NA,0.525,0.108333333333333,0,0,0.525,0.108333333333333,1.29814711950447,0.586366781809019,1.05105905119222,1.16070055017937,-1.17273356361804,0.521214917163572,1.23544034156125
"Exp. 2","GLQL","Strategic","Liberal",160,43,6,77,34,120,40,49,111,1050.97374999821,908,"Liberal",NA,NA,NA,0.358333333333333,0.15,0,0,0.358333333333333,0.15,0.673516094354433,0.699675342316573,0.466229416455675,0.514864259601854,-1.39935068463315,0.621933637614731,1.03643338949379
"Exp. 2","GLQL","FPF","Conservative",160,19,7,61,73,80,80,26,134,611.343125000596,548.850000023842,"Conservative",NA,48,0.786885245901639,0.2375,0.0875,0,0,0.2375,0.0875,0.64194430505506,1.03533959280772,0.37068195598801,0.409349740881651,-2.07067918561543,0.920301860273527,1.35631174533525
"Exp. 2","GLQL","FPF","Liberal",160,44,20,36,60,80,80,64,96,860.706875006109,763.849999964237,"Liberal",NA,18,0.9,0.55,0.25,0,0,0.55,0.25,0.800151097051156,0.274414201670504,0.665253147011939,0.734649202506227,-0.548828403341008,0.243923734818226,0.674489750196082
"Exp. 2","GLTF","Baseline","Conservative",159,29,42,11,77,40,119,71,88,1005.88113207523,849.700000001118,"Conservative",NA,NA,NA,0.725,0.352941176470588,0,0,0.725,0.352941176470588,0.975152069871032,-0.110184091106962,0.899673681105322,0.993523375738355,0.220368182213925,-0.0979414143172998,0.377391943828554
"Exp. 2","GLTF","Baseline","Liberal",160,78,12,42,28,120,40,90,70,1092.84624999992,956.950000000186,"Liberal",NA,NA,NA,0.65,0.3,0,0,0.65,0.3,0.909720979115608,0.0695400231502365,0.804840876574,0.888798062474841,-0.139080046300473,0.0618133539113214,0.524400512708041
"Exp. 2","GLTF","Strategic","Conservative",160,23,11,17,109,40,120,34,126,988.971874999814,837.349999999627,"Conservative",NA,NA,NA,0.575,0.0916666666666667,0,0,0.575,0.0916666666666667,1.51967993945169,0.570721543453052,1.25356763681591,1.3843338717162,-1.1414430869061,0.507308038624935,1.3305615131789
"Exp. 2","GLTF","Strategic","Liberal",160,109,9,11,31,120,40,118,42,1064.09624999983,908.5,"Liberal",NA,NA,NA,0.908333333333333,0.225,0,0,0.908333333333333,0.225,2.08597653953937,-0.287573243409214,1.93489353426727,2.13673245781488,0.575146486818427,-0.25562066080819,0.755415026360469
"Exp. 2","GLTF","FPF","Conservative",160,68,21,12,59,80,80,89,71,911.454374999925,880.100000000559,"Conservative",NA,7,0.583333333333333,0.85,0.2625,0,0,0.85,0.2625,1.67209040319137,-0.200388187898103,1.54495900045186,1.70612180142968,0.400776375796207,-0.178122833687203,0.635657013697583
"Exp. 2","GLTF","FPF","Liberal",160,67,20,13,60,80,80,87,73,1082.4899999999,966.299999999814,"Liberal",NA,19,0.95,0.8375,0.25,0,0,0.8375,0.25,1.65872471064241,-0.154872605125122,1.52382676060319,1.682785146471,0.309745210250243,-0.137664537888997,0.674489750196082
"Exp. 2","GUTN","Baseline","Conservative",159,23,42,17,77,40,119,65,94,1135.98616351122,918.099999427795,"Conservative",NA,NA,NA,0.575,0.352941176470588,0,0,0.575,0.352941176470588,0.566510370101346,0.0941367587778807,0.491031981335636,0.542254110504498,-0.188273517555761,0.0836771189136718,0.377391943828554
"Exp. 2","GUTN","Baseline","Liberal",160,42,13,78,27,120,40,55,105,800.979375016689,636.900000572205,"Liberal",NA,NA,NA,0.35,0.325,0,0,0.35,0.325,0.0684417237623117,0.419541328288723,-0.0223107142716641,-0.0246380622483973,-0.839082656577447,0.372925625145532,0.453762190169879
"Exp. 2","GUTN","Strategic","Conservative",160,12,54,28,66,40,120,66,94,240.386249989271,216.599999904633,"Conservative",NA,NA,NA,0.3,0.45,0,0,0.3,0.45,-0.398739165852967,0.325030929781557,-0.423871435223981,-0.468087694513197,-0.650061859563115,0.288916382028051,0.125661346855074
"Exp. 2","GUTN","Strategic","Liberal",160,92,28,28,12,120,40,120,40,370.822500002384,249.5,"Liberal",NA,NA,NA,0.766666666666667,0.7,0,0,0.766666666666667,0.7,0.203512778173604,-0.626156901794843,0.308392880715212,0.34056296447999,1.25231380358969,-0.556583912706527,-0.524400512708041
"Exp. 2","GUTN","FPF","Conservative",160,37,33,43,47,80,80,70,90,302.771875,233.349999904633,"Conservative",NA,33,0.767441860465116,0.4625,0.4125,0,0,0.4625,0.4125,0.126981298674034,0.157628063660553,0.0827575560745201,0.0913904321153394,-0.315256127321107,0.140113834364936,0.221118712997571
"Exp. 2","GUTN","FPF","Liberal",159,65,57,15,22,80,79,122,37,710.817610062893,597.10000038147,"Liberal",NA,43,0.754385964912281,0.8125,0.721518987341772,0,0,0.8125,0.721518987341772,0.299786667796021,-0.737253225120865,0.417258646040592,0.460785090501868,1.47450645024173,-0.655336200107436,-0.587359891222855
"Exp. 2","HHKV","Baseline","Conservative",160,22,8,18,112,40,120,30,130,1689.64687497616,1455.89999961853,"Conservative",NA,NA,NA,0.55,0.0666666666666667,0,0,0.55,0.0666666666666667,1.6267472928991,0.687712299594475,1.32653010369029,1.46490743734744,-1.37542459918895,0.611299821861756,1.50108594604402
"Exp. 2","HHKV","Baseline","Liberal",160,70,2,50,38,120,40,72,88,1919.78249998093,1511.5499997139,"Liberal",NA,NA,NA,0.583333333333333,0.05,0,0,0.583333333333333,0.05,1.8552820211994,0.717212616351774,1.5263112958091,1.68552885661476,-1.43442523270355,0.637522325646021,1.64485362695147
"Exp. 2","HHKV","Strategic","Conservative",160,31,12,9,108,40,120,43,117,1723.9150000155,1357.5,"Conservative",NA,NA,NA,0.775,0.1,0,0,0.775,0.1,2.03696659190507,0.263068269592066,1.78065627879615,1.96640590282216,-0.526136539184132,0.233838461859614,1.2815515655446
"Exp. 2","HHKV","Strategic","Liberal",160,95,6,25,34,120,40,101,59,1480.94625000954,1130,"Liberal",NA,NA,NA,0.791666666666667,0.15,0,0,0.791666666666667,0.15,1.8486511909937,0.112107793996938,1.64136451309494,1.81258388026172,-0.224215587993877,0.0996513724417229,1.03643338949379
"Exp. 2","HHKV","FPF","Conservative",160,56,4,24,76,80,80,60,100,1541.88124999404,1280.74999952317,"Conservative",NA,13,0.541666666666667,0.7,0.05,0,0,0.7,0.05,2.16925413965951,0.560226557121716,1.84028341426922,2.03225305847979,-1.12045311424343,0.49797916188597,1.64485362695147
"Exp. 2","HHKV","FPF","Liberal",160,57,16,23,64,80,80,73,87,1338.84250001907,1124.15000009537,"Liberal",NA,13,0.8125,0.7125,0.2,0,0,0.7125,0.2,1.402324265448,0.140459100848915,1.23400001873341,1.3627250524512,-0.280918201697831,0.124852534087925,0.841621233572914
"Exp. 2","HISL","Baseline","Conservative",160,4,1,36,119,40,120,5,155,748.095624989271,590.949999809265,"Conservative",NA,NA,NA,0.1,0.00833333333333333,0,0,0.1,0.00833333333333333,1.11242823427391,1.83776568268155,0.633632274310207,0.699729790223519,-3.67553136536311,1.63356949571694,2.39397979981851
"Exp. 2","HISL","Baseline","Liberal",160,90,11,30,29,120,40,101,59,937.0125,819.049999713897,"Liberal",NA,NA,NA,0.75,0.275,0,0,0.75,0.275,1.27224987623856,-0.0383648120768016,1.15269785103006,1.27294182792446,0.0767296241536033,-0.0341020551793792,0.597760126042478
"Exp. 2","HISL","Strategic","Conservative",160,16,26,24,94,40,120,42,118,915.701249963045,744.10000038147,"Conservative",NA,NA,NA,0.4,0.216666666666667,0,0,0.4,0.216666666666667,0.530153272253974,0.518423739262787,0.373453197176019,0.412410064816784,-1.03684747852557,0.460821101566922,0.783500375389774
"Exp. 2","HISL","Strategic","Liberal",160,81,16,39,24,120,40,97,63,829.312499964237,760.449999809265,"Liberal",NA,NA,NA,0.675,0.4,0,0,0.675,0.4,0.707109293305679,-0.10020754351704,0.656439872678519,0.724916569162669,0.20041508703408,-0.0890733720151466,0.2533471031358
"Exp. 2","HISL","FPF","Conservative",160,38,28,42,52,80,80,66,94,900.748125004768,822.699999809265,"Conservative",NA,32,0.761904761904762,0.475,0.35,0,0,0.475,0.35,0.322613688464354,0.224013622175391,0.24554959518284,0.271164165231018,-0.448027244350781,0.199123219711458,0.385320466407568
"Exp. 2","HISL","FPF","Liberal",160,58,56,22,24,80,80,114,46,748.123750019073,702.299999713897,"Liberal",NA,39,0.696428571428571,0.725,0.7,0,0,0.725,0.7,0.0733596133344377,-0.56108031937526,0.178239715876046,0.196832838313388,1.12216063875052,-0.498738061666897,-0.524400512708041
"Exp. 2","HJIG","Baseline","Conservative",160,12,12,28,108,40,120,24,136,1590.05312500745,948.800000071525,"Conservative",NA,NA,NA,0.3,0.1,0,0,0.3,0.1,0.75715105283656,0.902976039126321,0.50084073972764,0.553086072085783,-1.80595207825264,0.802645368112285,1.2815515655446
"Exp. 2","HJIG","Baseline","Liberal",160,49,3,71,37,120,40,52,108,1438.67625000328,1064.70000004769,"Liberal",NA,NA,NA,0.408333333333333,0.075,0,0,0.408333333333333,0.075,1.20769710848545,0.835682916695733,0.919790814297755,1.01573903292527,-1.67136583339147,0.742829259285096,1.43953147093846
"Exp. 2","HJIG","Strategic","Conservative",160,16,7,24,113,40,120,23,137,1356.52999999374,988.350000023842,"Conservative",NA,NA,NA,0.4,0.0583333333333333,0,0,0.4,0.0583333333333333,1.31557252936313,0.911133367817363,1.00178860286334,1.10629044218587,-1.82226673563473,0.809896326948767,1.56891963249893
"Exp. 2","HJIG","Strategic","Liberal",160,59,7,61,33,120,40,66,94,1470.49249999821,1087.70000016689,"Liberal",NA,NA,NA,0.491666666666667,0.175,0,0,0.491666666666667,0.175,0.913699202826592,0.477739689660184,0.726781344611896,0.802595730082206,-0.955479379320369,0.424657501920164,0.93458929107348
"Exp. 2","HJIG","FPF","Conservative",160,35,22,45,58,80,80,57,103,884.43749999702,820.199999809265,"Conservative",NA,33,0.733333333333333,0.4375,0.275,0,0,0.4375,0.275,0.440449441432308,0.377535405326325,0.320897416223812,0.354371913870708,-0.755070810652649,0.335587026956733,0.597760126042478
"Exp. 2","HJIG","FPF","Liberal",160,58,45,22,35,80,80,103,57,1150.17125000209,1020.04999995232,"Liberal",NA,29,0.644444444444444,0.725,0.5625,0,0,0.725,0.5625,0.440449441432308,-0.377535405326325,0.471911578354342,0.521139157700595,0.755070810652649,-0.335587026956733,-0.157310684610171
"Exp. 2","HJUZ","Baseline","Conservative",160,28,53,12,67,40,120,81,79,1272.58937498331,1039.69999980927,"Conservative",NA,NA,NA,0.7,0.441666666666667,0,0,0.7,0.441666666666667,0.671145468194589,-0.188827778610746,0.641796477097279,0.708745643953129,0.377655557221492,-0.167846914320663,0.146744955486549
"Exp. 2","HJUZ","Baseline","Liberal",160,74,9,46,31,120,40,83,77,1285.87062501907,1003.9500002861,"Liberal",NA,NA,NA,0.616666666666667,0.225,0,0,0.616666666666667,0.225,1.05215286462037,0.229338594050286,0.901069859348274,0.995065196678772,-0.458677188100571,0.203856528044698,0.755415026360469
"Exp. 2","HJUZ","Strategic","Conservative",160,22,38,18,82,40,120,60,100,1102.20812499523,944.349999904633,"Conservative",NA,NA,NA,0.55,0.316666666666667,0,0,0.55,0.316666666666667,0.602701775344518,0.175689540817185,0.507293689646629,0.560212163158168,-0.351379081634369,0.156168480726386,0.477040428489443
"Exp. 2","HJUZ","Strategic","Liberal",160,87,12,33,28,120,40,99,61,1131.01500002742,921.550000190735,"Liberal",NA,NA,NA,0.725,0.3,0,0,0.725,0.3,1.12216063875052,-0.0366798066672189,1.01728053620891,1.12339842059788,0.0733596133344377,-0.0326042725930834,0.524400512708041
"Exp. 2","HJUZ","FPF","Conservative",160,37,28,43,52,80,80,65,95,1106.8962500155,970.199999809265,"Conservative",NA,35,0.813953488372093,0.4625,0.35,0,0,0.4625,0.35,0.291183052084031,0.239728940365552,0.214118958802518,0.236454833821192,-0.479457880731104,0.213092391436046,0.385320466407568
"Exp. 2","HJUZ","FPF","Liberal",160,60,63,20,17,80,80,123,37,755.50562505722,709.400000095367,"Liberal",NA,41,0.650793650793651,0.75,0.7875,0,0,0.75,0.7875,-0.123287095929156,-0.73613329816066,0.0362682732958911,0.0400516076816486,1.47226659632132,-0.654340709476142,-0.797776846125238
"Exp. 2","HNDY","Baseline","Conservative",160,31,45,9,75,40,120,76,84,1188.1912499999,1040,"Conservative",NA,NA,NA,0.775,0.375,0,0,0.775,0.375,1.07405439032484,-0.218387831198047,1.01032651753197,1.11571899164941,0.436775662396094,-0.194122516620486,0.318639363964375
"Exp. 2","HNDY","Baseline","Liberal",160,71,13,49,27,120,40,84,76,1153.81249999992,931.350000000559,"Liberal",NA,NA,NA,0.591666666666667,0.325,0,0,0.591666666666667,0.325,0.685596552622889,0.110963913858435,0.594844114588913,0.656895433506946,-0.221927827716869,0.0986345900963864,0.453762190169879
"Exp. 2","HNDY","Strategic","Conservative",160,23,28,17,92,40,120,51,109,1055.74374999994,880.5,"Conservative",NA,NA,NA,0.575,0.233333333333333,0,0,0.575,0.233333333333333,0.917031717154436,0.269397432304426,0.771449058978108,0.851922968719567,-0.538794864608852,0.239464384270601,0.727913290881644
"Exp. 2","HNDY","Strategic","Liberal",160,76,22,44,18,120,40,98,62,897.413749999832,774.199999999254,"Liberal",NA,NA,NA,0.633333333333333,0.55,0,0,0.633333333333333,0.55,0.215033480232721,-0.233178086971435,0.240165749603736,0.2652187023965,0.466356173942869,-0.207269410641275,-0.125661346855074
"Exp. 2","HNDY","FPF","Conservative",160,52,38,28,42,80,80,90,70,860.637499999942,776.5,"Conservative",NA,19,0.678571428571429,0.65,0.475,0,0,0.65,0.475,0.448027244350781,-0.161306844232177,0.435485888762139,0.480913712800638,0.322613688464354,-0.143383861539713,0.0627067779432138
"Exp. 2","HNDY","FPF","Liberal",160,59,42,21,38,80,80,101,59,984.3549999999,828.649999999441,"Liberal",NA,30,0.714285714285714,0.7375,0.525,0,0,0.7375,0.525,0.572950235754369,-0.349181895820398,0.585491591343012,0.646567299359992,0.698363791640797,-0.31038390739591,-0.0627067779432138
"Exp. 2","HQWE","Baseline","Conservative",160,31,28,9,92,40,120,59,101,1175.27312499881,929.65000000596,"Conservative",NA,NA,NA,0.775,0.233333333333333,0,0,0.775,0.233333333333333,1.48332831724211,-0.0137508677394126,1.33774565906578,1.47729294630636,0.0275017354788253,-0.0122229935461446,0.727913290881644
"Exp. 2","HQWE","Baseline","Liberal",160,59,5,61,35,120,40,64,96,1145.19750000015,989.449999988079,"Liberal",NA,NA,NA,0.491666666666667,0.125,0,0,0.491666666666667,0.125,1.12945929212912,0.585619734311448,0.899389416053918,0.993209457503992,-1.1712394686229,0.52055087494351,1.15034938037601
"Exp. 2","HQWE","Strategic","Conservative",160,28,18,12,102,40,120,46,114,1148.22749999985,888.84999999404,"Conservative",NA,NA,NA,0.7,0.15,0,0,0.7,0.15,1.56083390220183,0.256016438392874,1.35354722430307,1.49474285594161,-0.512032876785749,0.227570167460333,1.03643338949379
"Exp. 2","HQWE","Strategic","Liberal",160,65,6,55,34,120,40,71,89,1009.28000000305,864.300000011921,"Liberal",NA,NA,NA,0.541666666666667,0.15,0,0,0.541666666666667,0.15,1.14106684510786,0.465899966939857,0.933780167209107,1.03118768883327,-0.931799933879714,0.41413330394654,1.03643338949379
"Exp. 2","HQWE","FPF","Conservative",160,47,30,33,50,80,80,77,83,820.462500001118,749.700000017882,"Conservative",NA,29,0.878787878787879,0.5875,0.375,0,0,0.5875,0.375,0.539758076961946,0.0487603254834023,0.476030204169071,0.525687419041113,-0.0975206509668046,0.043342511540802,0.318639363964375
"Exp. 2","HQWE","FPF","Liberal",159,65,40,15,39,80,79,105,54,866.147798741763,782.100000023842,"Liberal",NA,31,0.775,0.8125,0.506329113924051,0,0,0.8125,0.506329113924051,0.871281157546036,-0.451505980245858,0.874454237840604,0.965673159673547,0.903011960491716,-0.401338649107429,-0.0158654014728396
"Exp. 2","HTIY","Baseline","Conservative",159,16,28,23,92,39,120,44,115,1144.3572327026,1022.5,"Conservative",NA,NA,NA,0.41025641025641,0.233333333333333,0,0,0.41025641025641,0.233333333333333,0.501027846345765,0.477399367708762,0.355445188169436,0.392523545655118,-0.954798735417523,0.424354993518899,0.727913290881644
"Exp. 2","HTIY","Baseline","Liberal",160,29,13,91,27,120,40,42,118,1017.79687499851,914.75,"Liberal",NA,NA,NA,0.241666666666667,0.325,0,0,0.241666666666667,0.325,-0.247189229414333,0.577356804877046,-0.337941667448308,-0.37319414060595,-1.15471360975409,0.513206048779596,0.453762190169879
"Exp. 2","HTIY","Strategic","Conservative",160,10,21,30,99,40,120,31,129,801.033749996126,676.99999988079,"Conservative",NA,NA,NA,0.25,0.175,0,0,0.25,0.175,0.260099540877399,0.804539520634781,0.0731816826627025,0.0808156489716738,-1.60907904126956,0.71514624056425,0.93458929107348
"Exp. 2","HTIY","Strategic","Liberal",160,26,2,94,38,120,40,28,132,784.450624997914,731.549999952316,"Liberal",NA,NA,NA,0.216666666666667,0.05,0,0,0.216666666666667,0.05,0.861353251561699,1.21417700117062,0.532382526171404,0.587918148206901,-2.42835400234125,1.079268445485,1.64485362695147
"Exp. 2","HTIY","FPF","Conservative",160,25,31,55,49,80,80,56,104,668.648749992251,683.949999928474,"Conservative",NA,41,0.745454545454545,0.3125,0.3875,0,0,0.3125,0.3875,-0.202935536233504,0.387308642997918,-0.260103711209737,-0.287236497666224,-0.774617285995835,0.344274349331482,0.285840874881166
"Exp. 2","HTIY","FPF","Liberal",160,38,29,42,51,80,80,67,93,872.491875003278,813.050000071525,"Liberal",NA,19,0.655172413793103,0.475,0.3625,0,0,0.475,0.3625,0.289077566991942,0.207245561439185,0.218720698004911,0.24153660464838,-0.41449112287837,0.184218276834831,0.351784344935156
"Exp. 2","IDGL","Baseline","Conservative",160,27,11,13,109,40,120,38,122,1032.89437499791,874.800000071526,"Conservative",NA,NA,NA,0.675,0.0916666666666667,0,0,0.675,0.0916666666666667,1.78432370334878,0.438399661504508,1.518211400713,1.67658401884967,-0.876799323009017,0.389688588004008,1.3305615131789
"Exp. 2","IDGL","Baseline","Liberal",160,81,6,39,34,120,40,87,73,966.80000000447,858.100000143051,"Liberal",NA,NA,NA,0.675,0.15,0,0,0.675,0.15,1.49019557966367,0.291335599661955,1.28290890176491,1.41673587836905,-0.58267119932391,0.258964977477293,1.03643338949379
"Exp. 2","IDGL","Strategic","Conservative",160,32,12,8,108,40,120,44,116,886.873750004172,771.350000023842,"Conservative",NA,NA,NA,0.8,0.1,0,0,0.8,0.1,2.12317279911752,0.219965165985843,1.86686248600859,2.06160473301811,-0.439930331971686,0.195524591987416,1.2815515655446
"Exp. 2","IDGL","Strategic","Liberal",160,114,12,6,28,120,40,126,34,830.510000005365,741.49999988079,"Liberal",NA,NA,NA,0.95,0.3,0,0,0.95,0.3,2.16925413965951,-0.560226557121715,2.0643740371179,2.27971975308222,1.12045311424343,-0.497979161885969,0.524400512708041
"Exp. 2","IDGL","FPF","Conservative",160,63,11,17,69,80,80,74,86,928.321874991059,861.100000023842,"Conservative",NA,13,0.764705882352941,0.7875,0.1375,0,0,0.7875,0.1375,1.88939721355941,0.146921760654465,1.67107314007257,1.845391570409,-0.29384352130893,0.130597120581747,1.09162036743417
"Exp. 2","IDGL","FPF","Liberal",160,66,15,14,65,80,80,81,79,902.513125000894,857.849999904633,"Liberal",NA,12,0.8,0.825,0.1875,0,0,0.825,0.1875,1.82173585009236,-0.023721366027302,1.64430653828858,1.81583280358056,0.0474427320546039,-0.0210856586909351,0.887146559018876
"Exp. 2","IDLG","Baseline","Conservative",160,27,16,13,104,40,120,43,117,1187.8537499968,1032.89999999106,"Conservative",NA,NA,NA,0.675,0.133333333333333,0,0,0.675,0.133333333333333,1.56453380680667,0.328504713233453,1.34237948347931,1.48241014932184,-0.657009426466906,0.292004189540847,1.11077161663679
"Exp. 2","IDLG","Baseline","Liberal",160,65,12,55,28,120,40,77,83,995.042499995046,913.249999985099,"Liberal",NA,NA,NA,0.541666666666667,0.3,0,0,0.541666666666667,0.3,0.629033968322116,0.209883528546983,0.524153865780508,0.578831112961718,-0.419767057093965,0.186563136486207,0.524400512708041
"Exp. 2","IDLG","Strategic","Conservative",160,17,12,23,108,40,120,29,131,1124.47312499639,946.54999999702,"Conservative",NA,NA,NA,0.425,0.1,0,0,0.425,0.1,1.09243313927181,0.735334995908697,0.836122826162888,0.923343196791814,-1.47066999181739,0.653631107474397,1.2815515655446
"Exp. 2","IDLG","Strategic","Liberal",160,97,16,23,24,120,40,113,47,1083.9543749962,949.95000000298,"Liberal",NA,NA,NA,0.808333333333333,0.4,0,0,0.808333333333333,0.4,1.12511807532576,-0.30921193452708,1.0744486546986,1.18653004627432,0.618423869054159,-0.27485505291296,0.2533471031358
"Exp. 2","IDLG","FPF","Conservative",160,56,13,24,67,80,80,69,91,1046.59312499743,877.75,"Conservative",NA,19,0.791666666666667,0.7,0.1625,0,0,0.7,0.1625,1.50863547315437,0.229917223869142,1.3117884810651,1.44862803851424,-0.459834447738284,0.20437086566146,0.984234960446325
"Exp. 2","IDLG","FPF","Liberal",160,58,31,22,49,80,80,89,71,1015.94124999736,933.04999999702,"Liberal",NA,24,0.774193548387097,0.725,0.3875,0,0,0.725,0.3875,0.883601000923644,-0.155959625580656,0.826432825947411,0.912642381677206,0.311919251161313,-0.138630778293917,0.285840874881166
"Exp. 2","ILWK","Baseline","Conservative",160,23,32,17,88,40,120,55,105,1123.37812500007,991.449999999255,"Conservative",NA,NA,NA,0.575,0.266666666666667,0,0,0.575,0.266666666666667,0.81204414948288,0.216903648468648,0.687459004840863,0.759171470184718,-0.433807296937295,0.192803243083242,0.622925723210088
"Exp. 2","ILWK","Baseline","Liberal",160,37,6,83,34,120,40,43,117,1064.71562499999,930.550000000746,"Liberal",NA,NA,NA,0.308333333333333,0.15,0,0,0.308333333333333,0.15,0.53585328402705,0.768506747480264,0.328566606128292,0.362841117319803,-1.53701349496053,0.683117108871346,1.03643338949379
"Exp. 2","ILWK","Strategic","Conservative",160,29,50,11,70,40,120,79,81,1016.42624999995,947.699999999255,"Conservative",NA,NA,NA,0.725,0.416666666666667,0,0,0.725,0.416666666666667,0.808188520290403,-0.193665865897277,0.766102841440818,0.846019059105857,0.387331731794554,-0.172147436353135,0.210428394247925
"Exp. 2","ILWK","Strategic","Liberal",160,86,10,34,30,120,40,96,64,952.15624999993,848.850000000559,"Liberal",NA,NA,NA,0.716666666666667,0.25,0,0,0.716666666666667,0.25,1.24745729869155,0.0507611008503091,1.11255934865233,1.22861626720514,-0.101522201700618,0.0451209785336081,0.674489750196082
"Exp. 2","ILWK","FPF","Conservative",160,55,36,25,44,80,80,91,69,901.119999999984,802.450000000186,"Conservative",NA,19,0.76,0.6875,0.45,0,0,0.6875,0.45,0.614437757969743,-0.181557532129798,0.589305488598729,0.650779044302407,0.363115064259595,-0.161384473004265,0.125661346855074
"Exp. 2","ILWK","FPF","Liberal",160,60,35,20,45,80,80,95,65,1018.385,939.299999999814,"Liberal",NA,22,0.628571428571429,0.75,0.4375,0,0,0.75,0.4375,0.831800434806252,-0.258589532792955,0.800338297884218,0.883825796114993,0.517179065585911,-0.229857362482627,0.157310684610171
"Exp. 2","IQNX","Baseline","Conservative",160,34,18,6,102,40,120,52,108,1046.53249999285,884.400000095367,"Conservative",NA,NA,NA,0.85,0.15,0,0,0.85,0.15,2.07286677898758,0,1.86558010108882,2.06018857578105,0,0,1.03643338949379
"Exp. 2","IQNX","Baseline","Liberal",160,80,12,40,28,120,40,92,68,1107.5499999702,916.60000038147,"Liberal",NA,NA,NA,0.666666666666667,0.3,0,0,0.666666666666667,0.3,0.955127812003498,0.0468366067062917,0.85024770946189,0.938941520975192,-0.0936732134125833,0.0416325392944815,0.524400512708041
"Exp. 2","IQNX","Strategic","Conservative",160,18,21,22,99,40,120,39,121,1207.55312498212,974.799999713898,"Conservative",NA,NA,NA,0.45,0.175,0,0,0.45,0.175,0.808927944218406,0.530125318964277,0.62201008600371,0.686895230313363,-1.06025063792855,0.471222505746024,0.93458929107348
"Exp. 2","IQNX","Strategic","Liberal",160,98,11,22,29,120,40,109,51,1160.61937500834,967.200000286103,"Liberal",NA,NA,NA,0.816666666666667,0.275,0,0,0.816666666666667,0.275,1.50049491768634,-0.152487332800693,1.38094289247785,1.52499631038541,0.304974665601386,-0.135544295822838,0.597760126042478
"Exp. 2","IQNX","FPF","Conservative",160,66,36,14,44,80,80,102,58,964.42999997139,832.549999713897,"Conservative",NA,10,0.714285714285714,0.825,0.45,0,0,0.825,0.45,1.06025063792855,-0.404463972109203,1.03511836855754,1.14309701107914,0.808927944218406,-0.359523530763736,0.125661346855074
"Exp. 2","IQNX","FPF","Liberal",160,67,30,13,50,80,80,97,63,993.991875010729,877.900000095367,"Liberal",NA,27,0.9,0.8375,0.375,0,0,0.8375,0.375,1.3028743244107,-0.332797798240975,1.23914645161782,1.36840833682387,0.66559559648195,-0.295820265103089,0.318639363964375
"Exp. 2","ISNL","Baseline","Conservative",160,15,16,25,104,40,120,31,129,1149.08687498569,929.899999976158,"Conservative",NA,NA,NA,0.375,0.133333333333333,0,0,0.375,0.133333333333333,0.79213225267241,0.71470549030058,0.569977929345053,0.629435325665553,-1.42941098060116,0.635293769156071,1.11077161663679
"Exp. 2","ISNL","Baseline","Liberal",160,45,6,75,34,120,40,51,109,1307.24312497973,1004.19999998808,"Liberal",NA,NA,NA,0.375,0.15,0,0,0.375,0.15,0.717794025529414,0.677536376729082,0.510507347630656,0.563761054712756,-1.35507275345816,0.602254557092518,1.03643338949379
"Exp. 2","ISNL","Strategic","Conservative",160,20,23,20,97,40,120,43,117,994.684999979287,889.649999976158,"Conservative",NA,NA,NA,0.5,0.191666666666667,0,0,0.5,0.191666666666667,0.871770972189959,0.435885486094979,0.697416777751967,0.770167990773518,-0.871770972189959,0.387453765417759,0.871770972189959
"Exp. 2","ISNL","Strategic","Liberal",160,90,20,30,20,120,40,110,50,1245.77812497914,970.349999964237,"Liberal",NA,NA,NA,0.75,0.5,0,0,0.75,0.5,0.674489750196082,-0.337244875098041,0.674489750196082,0.744849324359953,0.674489750196082,-0.29977322230937,0
"Exp. 2","ISNL","FPF","Conservative",160,40,12,40,68,80,80,52,108,952.961249981821,866.150000035763,"Conservative",NA,31,0.775,0.5,0.15,0,0,0.5,0.15,1.03643338949379,0.518216694746895,0.829146711595032,0.9156393670138,-1.03643338949379,0.46063706199724,1.03643338949379
"Exp. 2","ISNL","FPF","Liberal",160,49,29,31,51,80,80,78,82,932.546874978393,866.449999988079,"Liberal",NA,19,0.655172413793103,0.6125,0.3625,0,0,0.6125,0.3625,0.637625219816322,0.0329717350269952,0.567268350829291,0.6264430967604,-0.0659434700539904,0.0293082089128846,0.351784344935156
"Exp. 2","JHKR","Baseline","Conservative",159,34,31,6,88,40,119,65,94,2568.39685534594,2068.69999999925,"Conservative",NA,NA,NA,0.85,0.260504201680672,0,0,0.85,0.260504201680672,1.67822514511923,-0.197320816934176,1.54986679399414,1.71154155273503,0.394641633868353,-0.175396281719268,0.641791755625437
"Exp. 2","JHKR","Baseline","Liberal",160,80,6,40,34,120,40,86,74,1658.37125000007,1434.05000000028,"Liberal",NA,NA,NA,0.666666666666667,0.15,0,0,0.666666666666667,0.15,1.46716068878925,0.302853045099166,1.25987401089049,1.39129809684675,-0.605706090198332,0.269202706754814,1.03643338949379
"Exp. 2","JHKR","Strategic","Conservative",160,29,25,11,95,40,120,54,106,1671.86687500005,1434.90000000038,"Conservative",NA,NA,NA,0.725,0.208333333333333,0,0,0.725,0.208333333333333,1.40997792754239,0.107228837728717,1.24753436724241,1.37767124005397,-0.214457675457434,0.0953145224255264,0.812217801499913
"Exp. 2","JHKR","Strategic","Liberal",160,95,16,25,24,120,40,111,49,1452.49812500009,1182.29999999981,"Liberal",NA,NA,NA,0.791666666666667,0.4,0,0,0.791666666666667,0.4,1.06556490463571,-0.279435349182057,1.01489548400855,1.12076457105534,0.558870698364113,-0.248386977050717,0.2533471031358
"Exp. 2","JHKR","FPF","Conservative",160,54,24,26,56,80,80,78,82,1498.42500000003,1298.15000000037,"Conservative",NA,17,0.653846153846154,0.675,0.3,0,0,0.675,0.3,0.97816270287792,0.0353191612690805,0.873282600336312,0.964379302497492,-0.070638322538161,0.0313948100169605,0.524400512708041
"Exp. 2","JHKR","FPF","Liberal",160,45,14,35,66,80,80,59,101,1266.59000000002,1176.04999999982,"Liberal",NA,11,0.785714285714286,0.5625,0.175,0,0,0.5625,0.175,1.09189997568365,0.388639303231655,0.904982117468955,0.999385563025427,-0.777278606463309,0.345457158428138,0.93458929107348
"Exp. 2","JIZI","Baseline","Conservative",160,12,16,28,104,40,120,28,132,998.546874985099,805.849999904633,"Conservative",NA,NA,NA,0.3,0.133333333333333,0,0,0.3,0.133333333333333,0.586371103928745,0.817586064672413,0.364216780601388,0.402210149038788,-1.63517212934483,0.726743168597701,1.11077161663679
"Exp. 2","JIZI","Baseline","Liberal",160,51,1,69,39,120,40,52,108,1091.63874999285,856.599999904633,"Liberal",NA,NA,NA,0.425,0.025,0,0,0.425,0.025,1.77084555826726,1.07454120540642,1.37885276135925,1.52268814669418,-2.14908241081285,0.955147738139043,1.95996398454005
"Exp. 2","JIZI","Strategic","Conservative",159,16,16,24,103,40,119,32,127,1052.98616352921,861.699999809265,"Conservative",NA,NA,NA,0.4,0.134453781512605,0,0,0.4,0.134453781512605,0.852234715056273,0.679464460663936,0.631118351417858,0.696953626809154,-1.35892892132787,0.603968409479054,1.10558181819207
"Exp. 2","JIZI","Strategic","Liberal",160,65,14,55,26,120,40,79,81,1259.05687499344,950.650000095367,"Liberal",NA,NA,NA,0.541666666666667,0.35,0,0,0.541666666666667,0.35,0.489953922021643,0.140343505396746,0.412889828740129,0.455960538885545,-0.280687010793492,0.124749782574885,0.385320466407568
"Exp. 2","JIZI","FPF","Conservative",160,27,22,53,58,80,80,49,111,681.577500012517,597.650000095367,"Conservative",NA,35,0.660377358490566,0.3375,0.275,0,0,0.3375,0.275,0.178464373001082,0.508527939541937,0.0589123477925868,0.0650578047138747,-1.01705587908387,0.452024835148389,0.597760126042478
"Exp. 2","JIZI","FPF","Liberal",160,51,54,29,26,80,80,105,55,925.013750001788,818.100000143051,"Liberal",NA,38,0.703703703703704,0.6375,0.675,0,0,0.6375,0.675,-0.101977845234724,-0.402773267552518,-0.0112254072007476,-0.0123963884799013,0.805546535105036,-0.358020682268905,-0.45376219016988
"Exp. 2","JLUU","Baseline","Conservative",160,25,27,15,93,40,120,52,108,1297.13937505484,1045.35000014305,"Conservative",NA,NA,NA,0.625,0.225,0,0,0.625,0.225,1.07405439032484,0.218387831198047,0.922971385052751,1.0192513857479,-0.436775662396094,0.194122516620486,0.755415026360469
"Exp. 2","JLUU","Baseline","Liberal",160,43,2,77,38,120,40,45,115,1028.38375007808,873.600000143051,"Liberal",NA,NA,NA,0.358333333333333,0.05,0,0,0.358333333333333,0.05,1.28193633181212,1.00388546104541,0.952965606421822,1.05237446214003,-2.00777092209083,0.892342632040368,1.64485362695147
"Exp. 2","JLUU","Strategic","Conservative",160,14,20,26,100,40,120,34,126,794.759375050664,717.499999761582,"Conservative",NA,NA,NA,0.35,0.166666666666667,0,0,0.35,0.166666666666667,0.582101099694134,0.676371016254634,0.388616786473794,0.429155447886038,-1.35274203250927,0.601218681115231,0.967421566101701
"Exp. 2","JLUU","Strategic","Liberal",160,96,8,24,32,120,40,104,56,878.936875084042,775.699999809266,"Liberal",NA,NA,NA,0.8,0.2,0,0,0.8,0.2,1.68324246714583,-1.11022302462516e-16,1.51491822043125,1.67294730960813,2.22044604925031e-16,-9.86864910777917e-17,0.841621233572914
"Exp. 2","JLUU","FPF","Conservative",160,63,19,17,61,80,80,82,78,848.900625059008,769.699999809266,"Conservative",NA,12,0.705882352941177,0.7875,0.2375,0,0,0.7875,0.2375,1.51214428640543,-0.0417047029225253,1.36927079834939,1.51210663871446,0.0834094058450506,-0.0370708470422447,0.714367440280188
"Exp. 2","JLUU","FPF","Liberal",160,50,17,30,63,80,80,67,93,795.563750067353,725.150000095367,"Liberal",NA,11,0.647058823529412,0.625,0.2125,0,0,0.625,0.2125,1.11641621008961,0.239568741080431,0.956860840864566,1.05667602897935,-0.479137482160863,0.212949992071495,0.797776846125238
"Exp. 2","JNJU","Baseline","Conservative",160,25,3,15,117,40,120,28,132,1312.99500001073,1004.90000009537,"Conservative",NA,NA,NA,0.625,0.025,0,0,0.625,0.025,2.27860334850443,0.820662310287839,1.88661055159642,2.083412823217,-1.64132462057568,0.729477609144746,1.95996398454005
"Exp. 2","JNJU","Baseline","Liberal",160,62,3,58,37,120,40,65,95,1341.41937499046,973.5,"Liberal",NA,NA,NA,0.516666666666667,0.075,0,0,0.516666666666667,0.075,1.48132076875491,0.698871086561001,1.19341447456722,1.31790581666269,-1.397742173122,0.621218743609779,1.43953147093846
"Exp. 2","JNJU","Strategic","Conservative",160,17,19,23,101,40,120,36,124,711.416250032187,669.35000038147,"Conservative",NA,NA,NA,0.425,0.158333333333333,0,0,0.425,0.158333333333333,0.8122128712529,0.595224861899243,0.611946611747762,0.67578198211637,-1.19044972379849,0.52908876613266,1.00133129752569
"Exp. 2","JNJU","Strategic","Liberal",160,96,15,24,25,120,40,111,49,956.990625005961,833.35000038147,"Liberal",NA,NA,NA,0.8,0.375,0,0,0.8,0.375,1.16026059753729,-0.26149093480427,1.09653272474441,1.21091782184535,0.522981869608539,-0.232436386492684,0.318639363964375
"Exp. 2","JNJU","FPF","Conservative",160,55,44,25,36,80,80,99,61,765.262500017881,741.650000095367,"Conservative",NA,21,0.84,0.6875,0.55,0,0,0.6875,0.55,0.363115064259595,-0.307218878984872,0.38824733363061,0.428747455473184,0.614437757969744,-0.273083447986553,-0.125661346855074
"Exp. 2","JNJU","FPF","Liberal",160,64,41,16,39,80,80,105,55,997.410624980926,888.950000286102,"Liberal",NA,33,0.804878048780488,0.8,0.5125,0,0,0.8,0.5125,0.810283251551488,-0.43647960779717,0.816550847955773,0.90172956257466,0.872959215594341,-0.387981873597485,-0.0313379820214265
"Exp. 2","JVFG","Baseline","Conservative",159,33,49,6,71,39,120,82,77,1643.77610069251,1339.90000009537,"Conservative",NA,NA,NA,0.846153846153846,0.408333333333333,0,0,0.846153846153846,0.408333333333333,1.25191059523921,-0.394120935166596,1.20554372274861,1.33130033053081,0.788241870333192,-0.350329720148085,0.23183436245301
"Exp. 2","JVFG","Baseline","Liberal",160,72,20,48,20,120,40,92,68,1523.84000003338,1172.90000009537,"Liberal",NA,NA,NA,0.6,0.5,0,0,0.6,0.5,0.2533471031358,-0.1266735515679,0.2533471031358,0.279775072259279,0.2533471031358,-0.1125987125048,0
"Exp. 2","JVFG","Strategic","Conservative",160,14,20,26,100,40,120,34,126,1091.33562505841,828.450000047683,"Conservative",NA,NA,NA,0.35,0.166666666666667,0,0,0.35,0.166666666666667,0.582101099694134,0.676371016254634,0.388616786473794,0.429155447886038,-1.35274203250927,0.601218681115231,0.967421566101701
"Exp. 2","JVFG","Strategic","Liberal",160,95,22,25,18,120,40,117,43,1353.9156250596,924.249999761582,"Liberal",NA,NA,NA,0.791666666666667,0.55,0,0,0.791666666666667,0.55,0.686556454644839,-0.468939574177493,0.711688724015854,0.78592871883331,0.937879148354987,-0.416835177046661,-0.125661346855074
"Exp. 2","JVFG","FPF","Conservative",159,32,27,48,52,80,79,59,100,1818.0113208099,1411.5,"Conservative",NA,32,0.666666666666667,0.4,0.341772151898734,0,0,0.4,0.341772151898734,0.154284302530075,0.330489254400837,0.0727580213968998,0.0803477933704598,-0.660978508801674,0.293768226134077,0.407631405665874
"Exp. 2","JVFG","FPF","Liberal",160,44,29,36,51,80,80,73,87,1643.95687505901,1305.14999985695,"Liberal",NA,20,0.689655172413793,0.55,0.3625,0,0,0.55,0.3625,0.47744569179023,0.113061499040041,0.407088822803199,0.449554399501701,-0.226122998080082,0.100499110257814,0.351784344935156
"Exp. 2","KOTA","Baseline","Conservative",160,20,53,20,67,40,120,73,87,1432.40062496662,1126.9500002861,"Conservative",NA,NA,NA,0.5,0.441666666666667,0,0,0.5,0.441666666666667,0.146744955486549,0.0733724777432743,0.117395964389239,0.12964215502532,-0.146744955486549,0.0652199802162438,0.146744955486549
"Exp. 2","KOTA","Baseline","Liberal",160,62,13,58,27,120,40,75,85,1248.27937496305,1068.30000019073,"Liberal",NA,NA,NA,0.516666666666667,0.325,0,0,0.516666666666667,0.325,0.495551487986333,0.205986446176713,0.404799049952357,0.447025768398869,-0.411972892353425,0.183099063268189,0.453762190169879
"Exp. 2","KOTA","Strategic","Conservative",160,19,15,21,105,40,120,34,126,1406.76937497854,1073.44999980927,"Conservative",NA,NA,NA,0.475,0.125,0,0,0.475,0.125,1.08764260243279,0.606528079159611,0.857572726357593,0.947030648918357,-1.21305615831922,0.539136070364098,1.15034938037601
"Exp. 2","KOTA","Strategic","Liberal",160,70,12,50,28,120,40,82,78,1289.69624997377,1104.95000028611,"Liberal",NA,NA,NA,0.583333333333333,0.3,0,0,0.583333333333333,0.3,0.734828906955965,0.156986059230058,0.629948804414357,0.695662078205025,-0.313972118460116,0.139543163760051,0.524400512708041
"Exp. 2","KOTA","FPF","Conservative",160,36,12,44,68,80,80,48,112,1124.49812498689,945.300000190735,"Conservative",NA,33,0.75,0.45,0.15,0,0,0.45,0.15,0.910772042638715,0.581047368174432,0.703485364739957,0.776869623995535,-1.16209473634886,0.516486549488384,1.03643338949379
"Exp. 2","KOTA","FPF","Liberal",160,60,22,20,58,80,80,82,78,1295.5437500298,1077.4500002861,"Liberal",NA,16,0.727272727272727,0.75,0.275,0,0,0.75,0.275,1.27224987623856,-0.0383648120768016,1.15269785103006,1.27294182792446,0.0767296241536033,-0.0341020551793792,0.597760126042478
"Exp. 2","KQKD","Baseline","Conservative",160,27,53,13,67,40,120,80,80,1318.14312506318,1049.09999990463,"Conservative",NA,NA,NA,0.675,0.441666666666667,0,0,0.675,0.441666666666667,0.600507145656428,-0.153508617341666,0.571158154559118,0.630738666380565,0.307017234683331,-0.136452104303703,0.146744955486549
"Exp. 2","KQKD","Baseline","Liberal",159,98,18,21,22,119,40,116,43,1472.90314468048,1047,"Liberal",NA,NA,NA,0.823529411764706,0.45,0,0,0.823529411764706,0.45,1.05456083850234,-0.401619072396098,1.02942856913133,1.13681367874218,0.803238144792197,-0.356994731018754,0.125661346855074
"Exp. 2","KQKD","Strategic","Conservative",160,32,20,8,100,40,120,52,108,1406.15875003934,1021.09999990463,"Conservative",NA,NA,NA,0.8,0.166666666666667,0,0,0.8,0.166666666666667,1.80904279967462,0.0629001662643935,1.61555848645428,1.78408589122315,-0.125800332528787,0.0559112589016831,0.967421566101701
"Exp. 2","KQKD","Strategic","Liberal",160,110,22,10,18,120,40,132,28,1212.85500001311,1007.19999980926,"Liberal",NA,NA,NA,0.916666666666667,0.55,0,0,0.916666666666667,0.55,1.25733278024556,-0.754327736977856,1.28246504961658,1.41624572566813,1.50865547395571,-0.670513543980316,-0.125661346855074
"Exp. 2","KQKD","FPF","Conservative",160,46,22,34,58,80,80,68,92,1289.33062494993,1078.5,"Conservative",NA,26,0.764705882352941,0.575,0.275,0,0,0.575,0.275,0.786878552315271,0.204320849884843,0.667326527106775,0.736938867786286,-0.408641699769686,0.181618533230972,0.597760126042478
"Exp. 2","KQKD","FPF","Liberal",160,69,43,11,37,80,80,112,48,1163.07499996424,991.349999904632,"Liberal",NA,31,0.720930232558139,0.8625,0.5375,0,0,0.8625,0.5375,0.997482953110632,-0.592878890878852,1.01631043597534,1.12232712410549,1.1857577817577,-0.52700345855898,-0.0941374143235364
"Exp. 2","KRXX","Baseline","Conservative",160,35,19,5,101,40,120,54,106,1495.87375000566,1182.75,"Conservative",NA,NA,NA,0.875,0.158333333333333,0,0,0.875,0.158333333333333,2.1516806779017,-0.0745090414251575,1.95141441839656,2.15497672227991,0.149018082850315,-0.0662302590445844,1.00133129752569
"Exp. 2","KRXX","Baseline","Liberal",160,99,4,21,36,120,40,103,57,1379.80687499791,1040.10000002384,"Liberal",NA,NA,NA,0.825,0.1,0,0,0.825,0.1,2.21614085661808,0.173481137235561,1.95983054350916,2.16427077767813,-0.346962274471121,0.154205455320498,1.2815515655446
"Exp. 2","KRXX","Strategic","Conservative",160,32,12,8,108,40,120,44,116,1592.55562499613,1127.95000004769,"Conservative",NA,NA,NA,0.8,0.1,0,0,0.8,0.1,2.12317279911752,0.219965165985843,1.86686248600859,2.06160473301811,-0.439930331971686,0.195524591987416,1.2815515655446
"Exp. 2","KRXX","Strategic","Liberal",160,100,8,20,32,120,40,108,52,1338.11062499732,1086.39999997616,"Liberal",NA,NA,NA,0.833333333333333,0.2,0,0,0.833333333333333,0.2,1.80904279967462,-0.0629001662643936,1.64071855296003,1.8118705366269,0.125800332528787,-0.0559112589016832,0.841621233572914
"Exp. 2","KRXX","FPF","Conservative",160,62,23,18,57,80,80,85,75,1396.58749999702,1139.85000002384,"Conservative",NA,15,0.833333333333333,0.775,0.2875,0,0,0.775,0.2875,1.31611805823555,-0.097355997242693,1.20397745186054,1.32957067368664,0.194711994485386,-0.0865386642157271,0.560703031875083
"Exp. 2","KRXX","FPF","Liberal",160,71,28,9,52,80,80,99,61,1401.30687501281,1057.10000002384,"Liberal",NA,26,0.928571428571429,0.8875,0.35,0,0,0.8875,0.35,1.59866008889609,-0.414009578040475,1.52159599561457,1.68032167865093,0.82801915608095,-0.368008513813756,0.385320466407568
"Exp. 2","KYQO","Baseline","Conservative",159,12,14,28,105,40,119,26,133,1039.94465408812,891.39999999851,"Conservative",NA,NA,NA,0.3,0.117647058823529,0,0,0.3,0.117647058823529,0.662430920047777,0.855615972731929,0.425064633496614,0.469405361574764,-1.71123194546386,0.760547531317271,1.18683143275582
"Exp. 2","KYQO","Baseline","Liberal",160,52,6,68,34,120,40,58,102,1255.00250000004,974.349999999627,"Liberal",NA,NA,NA,0.433333333333333,0.15,0,0,0.433333333333333,0.15,0.868539384705684,0.602163697140947,0.661252706806926,0.730231455338119,-1.20432739428189,0.535256619680842,1.03643338949379
"Exp. 2","KYQO","Strategic","Conservative",160,12,20,28,100,40,120,32,128,961.203125000012,841.400000000373,"Conservative",NA,NA,NA,0.3,0.166666666666667,0,0,0.3,0.166666666666667,0.443021053393661,0.745911039404871,0.249536740173321,0.275567230290822,-1.49182207880974,0.663032035026552,0.967421566101701
"Exp. 2","KYQO","Strategic","Liberal",160,45,9,75,31,120,40,54,106,1017.61874999998,880.650000000373,"Liberal",NA,NA,NA,0.375,0.225,0,0,0.375,0.225,0.436775662396094,0.537027195162422,0.285692657124,0.315494761145812,-1.07405439032484,0.477357506811042,0.755415026360469
"Exp. 2","KYQO","FPF","Conservative",160,26,16,54,64,80,80,42,118,740.880625000002,678.349999999627,"Conservative",NA,39,0.722222222222222,0.325,0.2,0,0,0.325,0.2,0.387859043403035,0.647691711871397,0.219534796688452,0.242435626248369,-1.29538342374279,0.575725966107908,0.841621233572914
"Exp. 2","KYQO","FPF","Liberal",160,44,26,36,54,80,80,70,90,991.571875000163,854.649999999441,"Liberal",NA,18,0.692307692307692,0.55,0.325,0,0,0.55,0.325,0.579423537024953,0.164050421657403,0.488671098990978,0.539646952102461,-0.328100843314805,0.145822597028802,0.453762190169879
"Exp. 2","LLES","Baseline","Conservative",160,34,41,6,79,40,120,75,85,1232.8631249994,1008.94999998807,"Conservative",NA,NA,NA,0.85,0.341666666666667,0,0,0.85,0.341666666666667,1.44435213043882,-0.314257324274377,1.36276838224982,1.50492592138397,0.628514648548755,-0.279339843799447,0.407918740945035
"Exp. 2","LLES","Baseline","Liberal",160,74,14,46,26,120,40,88,72,1094.71375000179,837.199999988079,"Liberal",NA,NA,NA,0.616666666666667,0.35,0,0,0.616666666666667,0.35,0.682058304667466,0.0442913140738348,0.604994211385952,0.66810434029799,-0.0885826281476695,0.0393700569545198,0.385320466407568
"Exp. 2","LLES","Strategic","Conservative",160,28,36,12,84,40,120,64,96,1117.11875,867.900000035763,"Conservative",NA,NA,NA,0.7,0.3,0,0,0.7,0.3,1.04880102541608,0,0.943920922874473,1.04238628007006,0,0,0.524400512708041
"Exp. 2","LLES","Strategic","Liberal",160,116,14,4,26,120,40,130,30,959.090625007451,762.149999976158,"Liberal",NA,NA,NA,0.966666666666667,0.35,0,0,0.966666666666667,0.35,2.21923510222348,-0.724297084704173,2.14217100894197,2.36563213630755,1.44859416940835,-0.643819630848154,0.385320466407568
"Exp. 2","LLES","FPF","Conservative",160,63,24,17,56,80,80,87,73,976.271250007302,866.249999940396,"Conservative",NA,13,0.764705882352941,0.7875,0.3,0,0,0.7875,0.3,1.32217735883328,-0.136688166708599,1.21729725629167,1.34427993699013,0.273376333417197,-0.121500592629866,0.524400512708041
"Exp. 2","LLES","FPF","Liberal",160,66,34,14,46,80,80,100,60,988.315625005215,834.300000011921,"Liberal",NA,28,0.823529411764706,0.825,0.425,0,0,0.825,0.425,1.12370771734627,-0.372735432400344,1.08588403209171,1.19915830804196,0.745470864800687,-0.331320384355861,0.189118426272792
"Exp. 2","LWOE","Baseline","Conservative",160,24,15,16,105,40,120,39,121,1671.43687497377,1301,"Conservative",NA,NA,NA,0.6,0.125,0,0,0.6,0.125,1.40369648351181,0.448501138620104,1.17362660743661,1.29605377301269,-0.897002277240208,0.398667678773426,1.15034938037601
"Exp. 2","LWOE","Baseline","Liberal",160,38,4,82,36,120,40,42,118,1613.92249993086,1241.19999980927,"Liberal",NA,NA,NA,0.316666666666667,0.1,0,0,0.316666666666667,0.1,0.804511137055157,0.879295997017022,0.548200823946237,0.605386535838713,-1.75859199403404,0.781596441792909,1.2815515655446
"Exp. 2","LWOE","Strategic","Conservative",160,22,9,18,111,40,120,31,129,1505.43187503815,1155.75,"Conservative",NA,NA,NA,0.55,0.075,0,0,0.55,0.075,1.56519281779353,0.656935062041691,1.27728652360584,1.41052700036628,-1.31387012408338,0.583942277370392,1.43953147093846
"Exp. 2","LWOE","Strategic","Liberal",159,71,6,48,34,119,40,77,82,1437.43836473069,1221.79999923706,"Liberal",NA,NA,NA,0.596638655462185,0.15,0,0,0.596638655462185,0.15,1.28108953229583,0.395888623345876,1.07380285439707,1.18581687914595,-0.791777246691752,0.351900998529668,1.03643338949379
"Exp. 2","LWOE","FPF","Conservative",160,63,25,17,55,80,80,88,72,1202.04187496901,1065.80000019073,"Conservative",NA,14,0.823529411764706,0.7875,0.3125,0,0,0.7875,0.3125,1.28655325723991,-0.154500217505284,1.18879797501697,1.31280774575812,0.309000435010569,-0.137333526671364,0.488776411114669
"Exp. 2","LWOE","FPF","Liberal",160,68,32,12,48,80,80,100,60,1283.88750000596,1186.09999990463,"Liberal",NA,24,0.75,0.85,0.4,0,0,0.85,0.4,1.28978049262959,-0.391543143178995,1.23911107200243,1.36836926657467,0.78308628635799,-0.34803834949244,0.2533471031358
"Exp. 2","MCNR","Baseline","Conservative",159,21,5,19,114,40,119,26,133,1182.40314463549,914.899999976158,"Conservative",NA,NA,NA,0.525,0.0420168067226891,0,0,0.525,0.0420168067226891,1.79045366496506,0.832520054539317,1.44490428756069,1.59562985507416,-1.66504010907863,0.740017826257171,1.72774688702185
"Exp. 2","MCNR","Baseline","Liberal",160,78,1,42,39,120,40,79,81,1207.14187497944,983.5,"Liberal",NA,NA,NA,0.65,0.025,0,0,0.65,0.025,2.34528445094762,0.787321759066243,1.95329165403961,2.15704978224855,-1.57464351813249,0.699841563614438,1.95996398454005
"Exp. 2","MCNR","Strategic","Conservative",160,21,5,19,115,40,120,26,134,1027.2862499848,841.5,"Conservative",NA,NA,NA,0.525,0.0416666666666667,0,0,0.525,0.0416666666666667,1.79437117406546,0.834478809089516,1.44803829484101,1.59909078714111,-1.66895761817903,0.741758941412903,1.73166439612225
"Exp. 2","MCNR","Strategic","Liberal",160,83,2,37,38,120,40,85,75,1202.29499998763,963.899999976158,"Liberal",NA,NA,NA,0.691666666666667,0.05,0,0,0.691666666666667,0.05,2.14543373241821,0.572136760742367,1.81646300702792,2.00594781924598,-1.14427352148473,0.50856600954877,1.64485362695147
"Exp. 2","MCNR","FPF","Conservative",160,48,20,32,60,80,80,68,92,1012.45437498167,885.25,"Conservative",NA,22,0.6875,0.6,0.25,0,0,0.6,0.25,0.927836853331881,0.210571323530141,0.792938903292665,0.875654531747242,-0.421142647060282,0.18717450980457,0.674489750196082
"Exp. 2","MCNR","FPF","Liberal",160,43,16,37,64,80,80,59,101,1097.26124998778,924.300000011921,"Liberal",NA,12,0.75,0.5375,0.2,0,0,0.5375,0.2,0.935758647896451,0.373741909624689,0.767434401181868,0.847489520848497,-0.747483819249378,0.332215030777501,0.841621233572914
"Exp. 2","MFFP","Baseline","Conservative",160,7,3,33,117,40,120,10,150,834.448124999367,691.19999999553,"Conservative",NA,NA,NA,0.175,0.025,0,0,0.175,0.025,1.02537469346657,1.44727663780677,0.633381896558563,0.699453294251427,-2.89455327561353,1.2864681224949,1.95996398454005
"Exp. 2","MFFP","Baseline","Liberal",160,50,7,70,33,120,40,57,103,1035.73687500069,880.75,"Liberal",NA,NA,NA,0.416666666666667,0.175,0,0,0.416666666666667,0.175,0.724160896825556,0.572508842660702,0.53724303861086,0.593285686268849,-1.1450176853214,0.508896749031736,0.93458929107348
"Exp. 2","MFFP","Strategic","Conservative",160,6,7,34,113,40,120,13,147,730.489999999106,660.600000001491,"Conservative",NA,NA,NA,0.15,0.0583333333333333,0,0,0.15,0.0583333333333333,0.532486243005137,1.30267651099636,0.218702316505352,0.241516305677901,-2.60535302199272,1.15793467644121,1.56891963249893
"Exp. 2","MFFP","Strategic","Liberal",160,84,23,36,17,120,40,107,53,989.756875000428,825.69999999553,"Liberal",NA,NA,NA,0.7,0.575,0,0,0.7,0.575,0.335282086435248,-0.356759469490417,0.373105771689807,0.412026397550386,0.713518938980833,-0.317119528435926,-0.189118426272792
"Exp. 2","MFFP","FPF","Conservative",160,24,16,56,64,80,80,40,120,1123.08875000002,942.70000000298,"Conservative",NA,38,0.678571428571429,0.3,0.2,0,0,0.3,0.2,0.317220720864874,0.683010873140477,0.148896474150291,0.164428648675805,-1.36602174628095,0.607120776124869,0.841621233572914
"Exp. 2","MFFP","FPF","Liberal",160,60,39,20,41,80,80,99,61,1233.96187500004,965.35000000149,"Liberal",NA,31,0.794871794871795,0.75,0.4875,0,0,0.75,0.4875,0.705827732217508,-0.321575884087328,0.699560135813223,0.772534933789811,0.643151768174655,-0.285845230299847,0.0313379820214266
"Exp. 2","MKTS","Baseline","Conservative",159,10,18,29,102,39,120,28,131,1671.09496855586,1290.90000009537,"Conservative",NA,NA,NA,0.256410256410256,0.15,0,0,0.256410256410256,0.15,0.381981188761786,0.845442795112897,0.174694510863028,0.19291781431503,-1.69088559022579,0.751504706767019,1.03643338949379
"Exp. 2","MKTS","Baseline","Liberal",160,48,8,72,32,120,40,56,104,1670.45125000179,1334.59999990463,"Liberal",NA,NA,NA,0.4,0.2,0,0,0.4,0.2,0.588274130437114,0.547484168354357,0.419949883722532,0.463757065344335,-1.09496833670871,0.486652594092762,0.841621233572914
"Exp. 2","MKTS","Strategic","Conservative",160,29,27,11,93,40,120,56,104,1670.1625000149,1291.19999980927,"Conservative",NA,NA,NA,0.725,0.225,0,0,0.725,0.225,1.35317515240295,0.0788274501589954,1.20209214713085,1.32748870290249,-0.157654900317991,0.0700688445857737,0.755415026360469
"Exp. 2","MKTS","Strategic","Liberal",160,63,14,57,26,120,40,77,83,1610.35187499523,1204.25000023842,"Liberal",NA,NA,NA,0.525,0.35,0,0,0.525,0.35,0.448027244350781,0.161306844232177,0.370963151069268,0.409660268901131,-0.322613688464354,0.143383861539713,0.385320466407568
"Exp. 2","MKTS","FPF","Conservative",160,37,8,43,72,80,80,45,115,1456.47874999344,1264.79999995231,"Conservative",NA,36,0.837209302325581,0.4625,0.1,0,0,0.4625,0.1,1.18741415122106,0.687844489934069,0.931103838112144,1.02823217776871,-1.37568897986814,0.611417324385839,1.2815515655446
"Exp. 2","MKTS","FPF","Liberal",160,49,28,31,52,80,80,77,83,1454.54062501788,1275.65000009537,"Liberal",NA,18,0.642857142857143,0.6125,0.35,0,0,0.6125,0.35,0.671161341288733,0.0497397957632009,0.59409724800722,0.656070657343039,-0.0994795915264018,0.0442131517895119,0.385320466407568
"Exp. 2","NBUX","Baseline","Conservative",160,34,53,6,67,40,120,87,73,1415.06687497795,1173.05000019073,"Conservative",NA,NA,NA,0.85,0.441666666666667,0,0,0.85,0.441666666666667,1.18317834498034,-0.44484421700362,1.15382935388303,1.27419136379257,0.889688434007241,-0.395417081780996,0.146744955486549
"Exp. 2","NBUX","Baseline","Liberal",160,83,12,37,28,120,40,95,65,1097.86437500119,953.450000047683,"Liberal",NA,NA,NA,0.691666666666667,0.3,0,0,0.691666666666667,0.3,1.02498061817478,0.0119102036206505,0.920100515633172,1.01608104083624,-0.0238204072413011,0.0105868476628005,0.524400512708041
"Exp. 2","NBUX","Strategic","Conservative",160,32,35,8,85,40,120,67,93,1277.78437502384,1020.89999985695,"Conservative",NA,NA,NA,0.8,0.291666666666667,0,0,0.8,0.291666666666667,1.39014351627101,-0.146549475437408,1.28043905973139,1.41400839411979,0.293098950874816,-0.130266200388807,0.548522282698098
"Exp. 2","NBUX","Strategic","Liberal",160,99,10,21,30,120,40,109,51,989.643124979734,901.5,"Liberal",NA,NA,NA,0.825,0.25,0,0,0.825,0.25,1.60907904126956,-0.130049770438699,1.47418109123035,1.6279606761525,0.260099540877398,-0.11559979594551,0.674489750196082
"Exp. 2","NBUX","FPF","Conservative",160,59,33,21,47,80,80,92,68,1057.66312501729,940.75,"Conservative",NA,16,0.761904761904762,0.7375,0.4125,0,0,0.7375,0.4125,0.856775726695153,-0.207269150350006,0.812551984095639,0.897313556188259,0.414538300700012,-0.184239244755561,0.221118712997571
"Exp. 2","NBUX","FPF","Liberal",160,58,35,22,45,80,80,93,67,1239.22999998033,1022.95000004769,"Liberal",NA,26,0.742857142857143,0.725,0.4375,0,0,0.725,0.4375,0.755070810652649,-0.220224720716154,0.723608673730615,0.799092101210675,0.440449441432308,-0.195755307303248,0.157310684610171
"Exp. 2","NIXY","Baseline","Conservative",160,21,9,19,111,40,120,30,130,2061.18062499668,1716.84999999404,"Conservative",NA,NA,NA,0.525,0.075,0,0,0.525,0.075,1.50223824888167,0.688412346497621,1.21433195469398,1.34100530918307,-1.37682469299524,0.611922085775663,1.43953147093846
"Exp. 2","NIXY","Baseline","Liberal",160,57,0,63,40,120,40,57,103,1583.70249999724,1215.5,"Liberal",NA,NA,NA,0.475,0,0,1,0.475,0.00625,2.43499869646916,1.28020612617779,1.93545760158668,2.1373553659638,-2.56041225235559,1.13796100104693,2.49770547441237
"Exp. 2","NIXY","Strategic","Conservative",159,25,10,14,110,39,120,35,124,1433.49496855057,1164.80000001192,"Conservative",NA,NA,NA,0.641025641025641,0.0833333333333333,0,0,0.641025641025641,0.0833333333333333,1.74419576481196,0.51089624469466,1.46759693939183,1.62068969679814,-1.02179248938932,0.454129995284142,1.38299412710064
"Exp. 2","NIXY","Strategic","Liberal",160,71,13,49,27,120,40,84,76,1400.55937499758,1166.54999998212,"Liberal",NA,NA,NA,0.591666666666667,0.325,0,0,0.591666666666667,0.325,0.685596552622889,0.110963913858435,0.594844114588913,0.656895433506946,-0.221927827716869,0.0986345900963864,0.453762190169879
"Exp. 2","NIXY","FPF","Conservative",160,44,21,36,59,80,80,65,95,1506.99312499631,1273.54999998212,"Conservative",NA,24,0.666666666666667,0.55,0.2625,0,0,0.55,0.2625,0.761318360552657,0.254997833421254,0.63418695781314,0.700342335680694,-0.509995666842508,0.226664740818893,0.635657013697583
"Exp. 2","NIXY","FPF","Liberal",160,47,22,33,58,80,80,69,91,1368.35249999762,1184.59999999404,"Liberal",NA,17,0.772727272727273,0.5875,0.275,0,0,0.5875,0.275,0.818878839040049,0.188320706522454,0.699326813831553,0.772277272764785,-0.376641413044908,0.167396183575515,0.597760126042478
"Exp. 2","NQPS","Baseline","Conservative",159,11,41,29,78,40,119,52,107,1290.4566037698,1113.40000000596,"Conservative",NA,NA,NA,0.275,0.34453781512605,0,0,0.275,0.34453781512605,-0.197650304073226,0.498934974005865,-0.277672268467076,-0.306637723554837,-0.997869948011731,0.44349775467188,0.400109821969252
"Exp. 2","NQPS","Baseline","Liberal",160,79,13,41,27,120,40,92,68,1638.29749999736,1238.45000000298,"Liberal",NA,NA,NA,0.658333333333333,0.325,0,0,0.658333333333333,0.325,0.861680931114914,0.0229217246124223,0.770928493080938,0.851348099855098,-0.0458434492248446,0.0203748663221531,0.453762190169879
"Exp. 2","NQPS","Strategic","Conservative",160,18,21,22,99,40,120,39,121,1186.69999999665,1035.04999999702,"Conservative",NA,NA,NA,0.45,0.175,0,0,0.45,0.175,0.808927944218406,0.530125318964277,0.62201008600371,0.686895230313363,-1.06025063792855,0.471222505746024,0.93458929107348
"Exp. 2","NQPS","Strategic","Liberal",160,91,25,29,15,120,40,116,44,1124.07499999665,952.54999999702,"Liberal",NA,NA,NA,0.758333333333333,0.625,0,0,0.758333333333333,0.625,0.382312055619837,-0.509795391774293,0.446039928412712,0.492568699849311,1.01959078354859,-0.453151459354928,-0.318639363964375
"Exp. 2","NQPS","FPF","Conservative",160,14,13,66,67,80,80,27,133,831.095624996163,768.049999982119,"Conservative",NA,49,0.742424242424242,0.175,0.1625,0,0,0.175,0.1625,0.0496456693728446,0.959412125759903,-0.14720132271642,-0.162556667078103,-1.91882425151981,0.852810778453247,0.984234960446325
"Exp. 2","NQPS","FPF","Liberal",160,59,56,21,24,80,80,115,45,1112.8387499962,1004.94999998808,"Liberal",NA,36,0.642857142857143,0.7375,0.7,0,0,0.7375,0.7,0.111256500989542,-0.580028763202812,0.21613660353115,0.23868294968579,1.16005752640562,-0.515581122846944,-0.524400512708041
"Exp. 2","NXPO","Baseline","Conservative",159,37,64,3,55,40,119,101,58,1580.7679245283,1210.1,"Conservative",NA,NA,NA,0.925,0.53781512605042,0,0,0.925,0.53781512605042,1.3446006152608,-0.767231163308058,1.36358678639633,1.50582969757242,1.53446232661612,-0.681983256273829,-0.0949308556776601
"Exp. 2","NXPO","Baseline","Liberal",160,80,13,40,27,120,40,93,67,2144.54,1482.95,"Liberal",NA,NA,NA,0.666666666666667,0.325,0,0,0.666666666666667,0.325,0.884489489465337,0.011517445437211,0.793737051431361,0.876535938917141,-0.023034890874422,0.0102377292775209,0.453762190169879
"Exp. 2","NXPO","Strategic","Conservative",160,28,58,12,62,40,120,86,74,1808.27687500125,1352.75,"Conservative",NA,NA,NA,0.7,0.483333333333333,0,0,0.7,0.483333333333333,0.566189810524494,-0.241305607445793,0.557831950961204,0.616022336379547,0.482611214891587,-0.21449387328515,0.0417892978164538
"Exp. 2","NXPO","Strategic","Liberal",160,95,12,25,28,120,40,107,53,1774.893125,1314.1,"Liberal",NA,NA,NA,0.791666666666667,0.3,0,0,0.791666666666667,0.3,1.33661831420795,-0.143908644395936,1.23173821166635,1.36022730439017,0.287817288791872,-0.12791879501861,0.524400512708041
"Exp. 2","NXPO","FPF","Conservative",160,62,33,18,47,80,80,95,65,1435.39812500062,1219.5,"Conservative",NA,15,0.833333333333333,0.775,0.4125,0,0,0.775,0.4125,0.97653373935804,-0.267148156681449,0.932309996758526,1.02956415716879,0.534296313362899,-0.237465028161288,0.221118712997571
"Exp. 2","NXPO","FPF","Liberal",160,65,36,15,44,80,80,101,59,1795.56874999938,1500.45,"Liberal",NA,25,0.694444444444444,0.8125,0.45,0,0,0.8125,0.45,1.01280790587395,-0.380742606081901,0.987675636502935,1.09070527805965,0.761485212163802,-0.338437872072801,0.125661346855074
"Exp. 2","OBWT","Baseline","Conservative",159,28,28,12,91,40,119,56,103,1437.25974848885,1189,"Conservative",NA,NA,NA,0.7,0.235294117647059,0,0,0.7,0.235294117647059,1.24592279669038,0.0985608856371513,1.10161833989392,1.21653394426524,-0.197121771274303,0.0876096761219122,0.721522283982343
"Exp. 2","OBWT","Baseline","Liberal",160,55,6,65,34,120,40,61,99,1580.62000007033,1222.14999985695,"Liberal",NA,NA,NA,0.458333333333333,0.15,0,0,0.458333333333333,0.15,0.931799933879714,0.570533422553932,0.724513255980956,0.800091045194329,-1.14106684510786,0.50714082004794,1.03643338949379
"Exp. 2","OBWT","Strategic","Conservative",160,29,17,11,103,40,120,46,114,1267.98125005066,1102.7000002861,"Conservative",NA,NA,NA,0.725,0.141666666666667,0,0,0.725,0.141666666666667,1.67062146769248,0.237550607803762,1.45604919936248,1.60793735125657,-0.475101215607525,0.211156095825567,1.07286134165
"Exp. 2","OBWT","Strategic","Liberal",160,91,2,29,38,120,40,93,67,1243.05562505424,1093.45000004769,"Liberal",NA,NA,NA,0.758333333333333,0.05,0,0,0.758333333333333,0.05,2.34580504653568,0.47195110368363,2.01683432114539,2.22722091924213,-0.943902207367261,0.419512092163227,1.64485362695147
"Exp. 2","OBWT","FPF","Conservative",160,64,7,16,73,80,80,71,89,1236.5081250608,1117.25,"Conservative",NA,12,0.75,0.8,0.0875,0,0,0.8,0.0875,2.19793297890816,0.257345255881166,1.92667062984111,2.1276517789694,-0.514690511762333,0.228751338561037,1.35631174533525
"Exp. 2","OBWT","FPF","Liberal",160,67,9,13,71,80,80,76,84,1239.7268750459,1146.85000014305,"Liberal",NA,7,0.777777777777778,0.8375,0.1125,0,0,0.8375,0.1125,2.19757458293484,0.114552331021096,1.95490665843714,2.15883325625092,-0.229104662042193,0.101824294240975,1.21333962248852
"Exp. 2","OETS","Baseline","Conservative",160,20,34,20,86,40,120,54,106,1294.18124999404,1026.59999990463,"Conservative",NA,NA,NA,0.5,0.283333333333333,0,0,0.5,0.283333333333333,0.572967548495463,0.286483774247732,0.458374038796371,0.506189446173742,-0.572967548495463,0.254652243775762,0.572967548495463
"Exp. 2","OETS","Baseline","Liberal",160,71,5,49,35,120,40,76,84,1562.93124997616,1223.29999995231,"Liberal",NA,NA,NA,0.591666666666667,0.125,0,0,0.591666666666667,0.125,1.38218374282902,0.459257508961499,1.15211386675382,1.27229692517616,-0.918515017922998,0.408228896854666,1.15034938037601
"Exp. 2","OETS","Strategic","Conservative",160,36,87,4,33,40,120,123,37,1062.99749997556,907.900000095367,"Conservative",NA,NA,NA,0.9,0.725,0,0,0.9,0.725,0.683791439502122,-0.93965584579354,0.803343464710618,0.887144447702482,1.87931169158708,-0.835249640705369,-0.597760126042478
"Exp. 2","OETS","Strategic","Liberal",160,99,21,21,19,120,40,120,40,1158.31437501013,920.900000095367,"Liberal",NA,NA,NA,0.825,0.525,0,0,0.825,0.525,0.871882513130266,-0.498648034508347,0.884423868718909,0.976682775196488,0.997296069016694,-0.443242697340753,-0.0627067779432138
"Exp. 2","OETS","FPF","Conservative",160,49,18,31,62,80,80,67,93,1230.12625002265,1062.54999995232,"Conservative",NA,24,0.774193548387097,0.6125,0.225,0,0,0.6125,0.225,1.04125590124164,0.234787075739652,0.890172895969541,0.98303151372382,-0.469574151479304,0.20869962287969,0.755415026360469
"Exp. 2","OETS","FPF","Liberal",160,49,24,31,56,80,80,73,87,1177.46187499762,999.300000190735,"Liberal",NA,18,0.75,0.6125,0.3,0,0,0.6125,0.3,0.810241387589206,0.119279818913437,0.705361285047598,0.778941231419211,-0.238559637826875,0.106026505700833,0.524400512708041
"Exp. 2","OFMV","Baseline","Conservative",158,27,47,13,71,40,118,74,84,2022.06708861303,1716.24999976159,"Conservative",NA,NA,NA,0.675,0.398305084745763,0,0,0.675,0.398305084745763,0.711498826331882,-0.0980127770039388,0.659951499099481,0.728794511809384,0.196025554007878,-0.0871224684479456,0.257736636162002
"Exp. 2","OFMV","Baseline","Liberal",159,76,20,43,20,119,40,96,63,1377.67044025097,1153.90000009537,"Liberal",NA,NA,NA,0.638655462184874,0.5,0,0,0.638655462184874,0.5,0.35486720838313,-0.177433604191565,0.35486720838313,0.391885273756696,0.35486720838313,-0.157718759281391,0
"Exp. 2","OFMV","Strategic","Conservative",160,24,55,16,65,40,120,79,81,1250.34812498689,994.149999856949,"Conservative",NA,NA,NA,0.6,0.458333333333333,0,0,0.6,0.458333333333333,0.357980558749875,-0.0743568237608622,0.33705386762706,0.372213729714856,0.148713647521724,-0.0660949544540997,0.104633455614075
"Exp. 2","OFMV","Strategic","Liberal",160,85,26,35,14,120,40,111,49,1284.60250001252,962.650000095367,"Liberal",NA,NA,NA,0.708333333333333,0.65,0,0,0.708333333333333,0.65,0.163201816290531,-0.466921374552833,0.240265909572044,0.265329310578019,0.933842749105666,-0.41504122182474,-0.385320466407568
"Exp. 2","OFMV","FPF","Conservative",160,16,25,64,55,80,80,41,119,1002.21875,893.699999809266,"Conservative",NA,55,0.859375,0.2,0.3125,0,0,0.2,0.3125,-0.352844822458245,0.665198822343792,-0.450600104681179,-0.497604572094282,-1.33039764468758,0.59128784208337,0.488776411114669
"Exp. 2","OFMV","FPF","Liberal",160,63,54,17,26,80,80,117,43,885.028749993443,811.000000238418,"Liberal",NA,42,0.777777777777778,0.7875,0.675,0,0,0.7875,0.675,0.344014655955359,-0.625769518147559,0.434767093989334,0.480119936763684,1.25153903629512,-0.556239571686719,-0.45376219016988
"Exp. 2","PJHY","Baseline","Conservative",159,17,10,22,110,39,120,27,132,1390.64528301827,1013.90000009537,"Conservative",NA,NA,NA,0.435897435897436,0.0833333333333333,0,0,0.435897435897436,0.0833333333333333,1.2216150843664,0.772186584917439,0.945016258946272,1.04359587640979,-1.54437316983488,0.686388075482168,1.38299412710064
"Exp. 2","PJHY","Baseline","Liberal",160,77,3,43,37,120,40,80,80,1744.28562500328,1141.79999995231,"Liberal",NA,NA,NA,0.641666666666667,0.075,0,0,0.641666666666667,0.075,1.80244876607781,0.53830708789955,1.51454247189012,1.67253236475996,-1.0766141757991,0.478495189244044,1.43953147093846
"Exp. 2","PJHY","Strategic","Conservative",160,14,11,26,109,40,120,25,135,1201.99625001103,948.050000071526,"Conservative",NA,NA,NA,0.35,0.0916666666666667,0,0,0.35,0.0916666666666667,0.945241046771329,0.857940989793232,0.67912874413555,0.749972236161828,-1.71588197958646,0.76261421314954,1.3305615131789
"Exp. 2","PJHY","Strategic","Liberal",159,85,8,35,31,120,39,93,66,1311.92767295747,1034.5,"Liberal",NA,NA,NA,0.708333333333333,0.205128205128205,0,0,0.708333333333333,0.205128205128205,1.37196476992192,0.13746010226286,1.20727627247715,1.33321361163604,-0.27492020452572,0.122186757566987,0.823442487223818
"Exp. 2","PJHY","FPF","Conservative",160,37,17,43,63,80,80,54,106,1094.04187499583,955.199999928475,"Conservative",NA,32,0.744186046511628,0.4625,0.2125,0,0,0.4625,0.2125,0.703639431801702,0.445957130224387,0.544084062576654,0.600840333433422,-0.891914260448775,0.396406337977233,0.797776846125238
"Exp. 2","PJHY","FPF","Liberal",160,44,34,36,46,80,80,78,82,1552.6962500006,1307.55000007153,"Liberal",NA,29,0.852941176470588,0.55,0.425,0,0,0.55,0.425,0.314779773127867,0.0317285397088592,0.276956087873308,0.305846834395687,-0.0634570794177184,0.0282031464078748,0.189118426272792
"Exp. 2","PMHD","Baseline","Conservative",160,36,34,4,86,40,120,70,90,1164.07437499985,964.499999985099,"Conservative",NA,NA,NA,0.9,0.283333333333333,0,0,0.9,0.283333333333333,1.85451911404006,-0.354292008524569,1.73992560434097,1.92142639744073,0.708584017049137,-0.314926229799617,0.572967548495463
"Exp. 2","PMHD","Baseline","Liberal",159,60,7,59,33,119,40,67,92,1084.94402515813,865.600000023842,"Liberal",NA,NA,NA,0.504201680672269,0.175,0,0,0.504201680672269,0.175,0.945121537364861,0.462028522391049,0.758203679150166,0.837295893641161,-0.924057044782099,0.410692019903155,0.93458929107348
"Exp. 2","PMHD","Strategic","Conservative",160,20,26,20,94,40,120,46,114,1046.95000000093,849.799999982118,"Conservative",NA,NA,NA,0.5,0.216666666666667,0,0,0.5,0.216666666666667,0.783500375389774,0.391750187694887,0.626800300311819,0.692185137076063,-0.783500375389774,0.348222389062122,0.783500375389774
"Exp. 2","PMHD","Strategic","Liberal",160,48,3,72,37,120,40,51,109,1006.44999999944,844.14999999106,"Liberal",NA,NA,NA,0.4,0.075,0,0,0.4,0.075,1.18618436780266,0.846439287037128,0.898278073614965,0.991982185088739,-1.69287857407426,0.752390477366336,1.43953147093846
"Exp. 2","PMHD","FPF","Conservative",160,25,17,55,63,80,80,42,118,779.696874999628,597.29999999702,"Conservative",NA,41,0.745454545454545,0.3125,0.2125,0,0,0.3125,0.2125,0.309000435010569,0.643276628619954,0.149445065785521,0.165034466790509,-1.28655325723991,0.571801447662181,0.797776846125238
"Exp. 2","PMHD","FPF","Liberal",160,52,56,28,24,80,80,108,52,917.201250001788,717.650000020862,"Liberal",NA,43,0.767857142857143,0.65,0.7,0,0,0.65,0.7,-0.139080046300473,-0.454860489557804,-0.0341999437588649,-0.0377675198096538,0.909720979115608,-0.404320435162493,-0.524400512708041
"Exp. 2","PNCY","Baseline","Conservative",160,23,19,17,101,40,120,42,118,1516.07312499881,1212,"Conservative",NA,NA,NA,0.575,0.158333333333333,0,0,0.575,0.158333333333333,1.19044972379849,0.40610643562645,0.990183464293347,1.09347471055993,-0.812212871252901,0.360983498334623,1.00133129752569
"Exp. 2","PNCY","Baseline","Liberal",160,41,1,79,39,120,40,42,118,1203.59624998868,949.24999988079,"Liberal",NA,NA,NA,0.341666666666667,0.025,0,0,0.341666666666667,0.025,1.55204524359502,1.18394136274254,1.16005244668701,1.28106362014506,-2.36788272548509,1.05239232243782,1.95996398454005
"Exp. 2","PNCY","Strategic","Conservative",160,26,3,14,117,40,120,29,131,1225.07749999017,951.5,"Conservative",NA,NA,NA,0.65,0.025,0,0,0.65,0.025,2.34528445094762,0.787321759066243,1.95329165403961,2.15704978224855,-1.57464351813249,0.699841563614438,1.95996398454005
"Exp. 2","PNCY","Strategic","Liberal",160,62,4,58,36,120,40,66,94,1065.1756249994,867.849999904633,"Liberal",NA,NA,NA,0.516666666666667,0.1,0,0,0.516666666666667,0.1,1.32334086336105,0.619881133864073,1.06703055025213,1.17833812032826,-1.23976226772815,0.551005452323621,1.2815515655446
"Exp. 2","PNCY","FPF","Conservative",160,40,3,40,77,80,80,43,117,1033.66187499762,867.699999928474,"Conservative",NA,27,0.675,0.5,0.0375,0,0,0.5,0.0375,1.78046434169203,0.890232170846013,1.42437147335362,1.57295515499918,-1.78046434169203,0.791317485196456,1.78046434169203
"Exp. 2","PNCY","FPF","Liberal",160,39,24,41,56,80,80,63,97,895.698124997318,798.049999952317,"Liberal",NA,20,0.833333333333333,0.4875,0.3,0,0,0.4875,0.3,0.493062530686614,0.277869247364734,0.388182428145006,0.428675779354925,-0.555738494729467,0.24699488654643,0.524400512708041
"Exp. 2","PPFQ","Baseline","Conservative",160,21,15,19,105,40,120,36,124,1238.46000002623,1020.90000009537,"Conservative",NA,NA,NA,0.525,0.125,0,0,0.525,0.125,1.21305615831922,0.543821301216397,0.98298628224402,1.08552675258847,-1.08764260243279,0.483396712192353,1.15034938037601
"Exp. 2","PPFQ","Baseline","Liberal",160,64,2,56,38,120,40,66,94,1353.66624993682,1072.90000009537,"Liberal",NA,NA,NA,0.533333333333333,0.05,0,0,0.533333333333333,0.05,1.7285053608586,0.780600946522172,1.39953463546831,1.54552745589369,-1.56120189304434,0.693867508019708,1.64485362695147
"Exp. 2","PPFQ","Strategic","Conservative",159,26,3,14,116,40,119,29,130,1242.45974844807,997.5,"Conservative",NA,NA,NA,0.65,0.0252100840336134,0,0,0.65,0.0252100840336134,2.34170249105153,0.785530779118195,1.95042608612273,2.15388529186724,-1.57106155823639,0.698249581438396,1.95638202464396
"Exp. 2","PPFQ","Strategic","Liberal",160,86,10,34,30,120,40,96,64,1218.01812502146,1024.84999990463,"Liberal",NA,NA,NA,0.716666666666667,0.25,0,0,0.716666666666667,0.25,1.24745729869155,0.0507611008503091,1.11255934865233,1.22861626720514,-0.101522201700618,0.0451209785336081,0.674489750196082
"Exp. 2","PPFQ","FPF","Conservative",160,52,19,28,61,80,80,71,89,1091.65812499523,976.300000190735,"Conservative",NA,23,0.821428571428571,0.65,0.2375,0,0,0.65,0.2375,1.09968790668776,0.16452348693631,0.956814418631718,1.05662476419918,-0.32904697387262,0.146243099498942,0.714367440280188
"Exp. 2","PPFQ","FPF","Liberal",160,75,34,5,46,80,80,109,51,1139.13624999523,1004.39999961853,"Liberal",NA,29,0.852941176470588,0.9375,0.425,0,0,0.9375,0.425,1.72323897062534,-0.672501059039877,1.68541528537078,1.86122982033368,1.34500211807975,-0.597778719146557,0.189118426272792
"Exp. 2","PQEJ","Baseline","Conservative",160,28,33,12,87,40,120,61,99,1189.0443750158,1078.04999995231,"Conservative",NA,NA,NA,0.7,0.275,0,0,0.7,0.275,1.12216063875052,0.0366798066672189,1.00260861354202,1.10719599249232,-0.0733596133344377,0.0326042725930834,0.597760126042478
"Exp. 2","PQEJ","Baseline","Liberal",160,54,6,66,34,120,40,60,100,1208.31999999583,1105.44999992847,"Liberal",NA,NA,NA,0.45,0.15,0,0,0.45,0.15,0.910772042638715,0.581047368174432,0.703485364739957,0.776869623995535,-1.16209473634886,0.516486549488384,1.03643338949379
"Exp. 2","PQEJ","Strategic","Conservative",160,16,17,24,103,40,120,33,127,1316.32062501311,1197.94999992847,"Conservative",NA,NA,NA,0.4,0.141666666666667,0,0,0.4,0.141666666666667,0.819514238514203,0.663104222392901,0.604941970184203,0.668046649541658,-1.3262084447858,0.589425975460357,1.07286134165
"Exp. 2","PQEJ","Strategic","Liberal",160,35,4,85,36,120,40,39,121,1148.08999999762,1005.10000002384,"Liberal",NA,NA,NA,0.291666666666667,0.1,0,0,0.291666666666667,0.1,0.733029282846503,0.915036924121349,0.476718969737583,0.526448033369498,-1.8300738482427,0.813366154774533,1.2815515655446
"Exp. 2","PQEJ","FPF","Conservative",160,29,5,51,75,80,80,34,126,1114.58937500566,1019.35000002384,"Conservative",NA,35,0.686274509803922,0.3625,0.0625,0,0,0.3625,0.0625,1.18233619941739,0.942952444643851,0.875512090546881,0.966841362560713,-1.8859048892877,0.838179950794534,1.53412054435255
"Exp. 2","PQEJ","FPF","Liberal",160,37,29,43,51,80,80,66,94,1057.29937499911,1032.10000002384,"Liberal",NA,25,0.862068965517241,0.4625,0.3625,0,0,0.4625,0.3625,0.25764693061162,0.222960879629346,0.187290061624589,0.206827273238554,-0.445921759258693,0.198187448559419,0.351784344935156
"Exp. 2","PWQC","Baseline","Conservative",160,14,26,26,94,40,120,40,120,1304.71187499992,1116.6499999985,"Conservative",NA,NA,NA,0.35,0.216666666666667,0,0,0.35,0.216666666666667,0.398179908982206,0.584410420898671,0.241479833904252,0.26666986574347,-1.16882084179734,0.519475929687707,0.783500375389774
"Exp. 2","PWQC","Baseline","Liberal",160,48,7,72,33,120,40,55,105,1132.68187499992,1044.04999999888,"Liberal",NA,NA,NA,0.4,0.175,0,0,0.4,0.175,0.68124218793768,0.59396819710464,0.494324329722984,0.545889901072348,-1.18793639420928,0.52797173075968,0.93458929107348
"Exp. 2","PWQC","Strategic","Conservative",160,22,36,18,84,40,120,58,102,1170.59999999998,1083.95000000112,"Conservative",NA,NA,NA,0.55,0.3,0,0,0.55,0.3,0.650061859563115,0.199369582926483,0.545181757021507,0.602052534160512,-0.398739165852967,0.177217407045763,0.524400512708041
"Exp. 2","PWQC","Strategic","Liberal",160,62,12,58,28,120,40,74,86,1022.68374999994,945.900000000373,"Liberal",NA,NA,NA,0.516666666666667,0.3,0,0,0.516666666666667,0.3,0.566189810524495,0.241305607445793,0.461309707982887,0.50943135045692,-0.482611214891587,0.21449387328515,0.524400512708041
"Exp. 2","PWQC","FPF","Conservative",160,42,25,38,55,80,80,67,93,1186.67562499996,1043.90000000037,"Conservative",NA,32,0.842105263157895,0.525,0.3125,0,0,0.525,0.3125,0.551483189057883,0.213034816585728,0.453727906834949,0.501058651745293,-0.426069633171456,0.189364281409536,0.488776411114669
"Exp. 2","PWQC","FPF","Liberal",160,36,17,44,63,80,80,53,107,1132.76812499971,991.049999998883,"Liberal",NA,12,0.705882352941177,0.45,0.2125,0,0,0.45,0.2125,0.672115499270164,0.461719096490156,0.512560130045117,0.56602797366004,-0.923438192980312,0.410416974657917,0.797776846125238
"Exp. 2","PYUR","Baseline","Conservative",160,25,25,15,95,40,120,50,110,1247.2331249998,1098.25000000745,"Conservative",NA,NA,NA,0.625,0.208333333333333,0,0,0.625,0.208333333333333,1.13085716546429,0.246789218767769,0.968413605164306,1.06943392289938,-0.493578437535538,0.219368194460239,0.812217801499913
"Exp. 2","PYUR","Baseline","Liberal",160,61,7,59,33,120,40,68,92,1219.43374999994,1047.85000000149,"Liberal",NA,NA,NA,0.508333333333333,0.175,0,0,0.508333333333333,0.175,0.955479379320369,0.456849601413296,0.768561521105673,0.848734216581048,-0.913699202826592,0.406088534589596,0.93458929107348
"Exp. 2","PYUR","Strategic","Conservative",160,22,26,18,94,40,120,48,112,972.206874999963,849.75,"Conservative",NA,NA,NA,0.55,0.216666666666667,0,0,0.55,0.216666666666667,0.909161722244848,0.32891951426735,0.752461647166893,0.830954880094328,-0.6578390285347,0.292372901570978,0.783500375389774
"Exp. 2","PYUR","Strategic","Liberal",160,81,4,39,36,120,40,85,75,1119.16374999946,964.750000007451,"Liberal",NA,NA,NA,0.675,0.1,0,0,0.675,0.1,1.73531375571448,0.413894687687361,1.47900344260556,1.63328607236884,-0.827789375374721,0.367906389055432,1.2815515655446
"Exp. 2","PYUR","FPF","Conservative",160,44,14,36,66,80,80,58,102,946.378125000279,871.5,"Conservative",NA,24,0.666666666666667,0.55,0.175,0,0,0.55,0.175,1.06025063792855,0.404463972109203,0.873332779713858,0.964434716349892,-0.808927944218406,0.359523530763736,0.93458929107348
"Exp. 2","PYUR","FPF","Liberal",160,54,24,26,56,80,80,78,82,864.563124999777,795.149999991059,"Liberal",NA,20,0.833333333333333,0.675,0.3,0,0,0.675,0.3,0.97816270287792,0.0353191612690805,0.873282600336312,0.964379302497492,-0.070638322538161,0.0313948100169605,0.524400512708041
"Exp. 2","QESP","Baseline","Conservative",160,14,22,26,98,40,120,36,124,1286.37874998972,1182.5,"Conservative",NA,NA,NA,0.35,0.183333333333333,0,0,0.35,0.183333333333333,0.517414325236297,0.644027629025716,0.336867366907524,0.372007774124132,-1.28805525805143,0.572469003578414,0.902734791643865
"Exp. 2","QESP","Baseline","Liberal",160,59,6,61,34,120,40,65,95,1542.98062497824,1180.54999995231,"Liberal",NA,NA,NA,0.491666666666667,0.15,0,0,0.491666666666667,0.15,1.0155433012469,0.528661738870339,0.808256623348143,0.892570123764379,-1.05732347774068,0.469921545662524,1.03643338949379
"Exp. 2","QESP","Strategic","Conservative",160,5,5,35,115,40,120,10,150,1145.07749999687,906.750000059604,"Conservative",NA,NA,NA,0.125,0.0416666666666667,0,0,0.125,0.0416666666666667,0.581315015746237,1.44100688824913,0.234982136521788,0.25949435936429,-2.88201377649825,1.280895011777,1.73166439612225
"Exp. 2","QESP","Strategic","Liberal",160,94,23,26,17,120,40,117,43,1034.81999998316,1006.19999992848,"Liberal",NA,NA,NA,0.783333333333333,0.575,0,0,0.783333333333333,0.575,0.594381949116982,-0.486309400831283,0.63220563437154,0.698154329967656,0.972618801662566,-0.432275022961141,-0.189118426272792
"Exp. 2","QESP","FPF","Conservative",160,49,23,31,57,80,80,72,88,1075.5631249845,969.399999976158,"Conservative",NA,23,0.741935483870968,0.6125,0.2875,0,0,0.6125,0.2875,0.846543906756249,0.137431078496959,0.734403300381232,0.811012772155034,-0.274862156993918,0.122160958663963,0.560703031875083
"Exp. 2","QESP","FPF","Liberal",160,44,21,36,59,80,80,65,95,1040.07874997854,993.449999988079,"Liberal",NA,16,0.761904761904762,0.55,0.2625,0,0,0.55,0.2625,0.761318360552657,0.254997833421254,0.63418695781314,0.700342335680694,-0.509995666842508,0.226664740818893,0.635657013697583
"Exp. 2","QGAR","Baseline","Conservative",160,18,42,22,78,40,120,60,100,755.207500006258,692.200000047683,"Conservative",NA,NA,NA,0.45,0.35,0,0,0.45,0.35,0.259659119552494,0.255490906631321,0.18259502627098,0.20164247404781,-0.510981813262642,0.22710302811673,0.385320466407568
"Exp. 2","QGAR","Baseline","Liberal",160,67,15,53,25,120,40,82,78,934.169375002384,818.349999904633,"Liberal",NA,NA,NA,0.558333333333333,0.375,0,0,0.558333333333333,0.375,0.465384319450924,0.0859472042389133,0.401656446658049,0.443555343622485,-0.171894408477827,0.076397514879034,0.318639363964375
"Exp. 2","QGAR","Strategic","Conservative",160,8,26,32,94,40,120,34,126,566.658749994636,544.799999833107,"Conservative",NA,NA,NA,0.2,0.216666666666667,0,0,0.2,0.216666666666667,-0.0581208581831403,0.812560804481344,-0.214820933261095,-0.237230034928455,-1.62512160896269,0.722276270650084,0.783500375389774
"Exp. 2","QGAR","Strategic","Liberal",160,95,33,25,7,120,40,128,32,280.53437500298,154.949999928474,"Liberal",NA,NA,NA,0.791666666666667,0.825,0,0,0.791666666666667,0.825,-0.122371489573567,-0.873403546286696,0.0645463686411289,0.0712795399162949,1.74680709257339,-0.776358707810397,-0.93458929107348
"Exp. 2","QGAR","FPF","Conservative",160,14,13,66,67,80,80,27,133,317.386875002086,110.25,"Conservative",NA,52,0.787878787878788,0.175,0.1625,0,0,0.175,0.1625,0.0496456693728446,0.959412125759903,-0.14720132271642,-0.162556667078103,-1.91882425151981,0.852810778453247,0.984234960446325
"Exp. 2","QGAR","FPF","Liberal",160,65,62,15,18,80,80,127,33,295.653749999404,173.950000047683,"Liberal",NA,49,0.790322580645161,0.8125,0.775,0,0,0.8125,0.775,0.131731532658407,-0.821280792689673,0.2828145379305,0.312316410198177,1.64256158537935,-0.730027371279709,-0.755415026360469
"Exp. 2","QGKZ","Baseline","Conservative",160,11,5,29,115,40,120,16,144,848.159374946356,767.749999523163,"Conservative",NA,NA,NA,0.275,0.0416666666666667,0,0,0.275,0.0416666666666667,1.13390427007977,1.16471226108236,0.787571390855318,0.869727105850422,-2.32942452216472,1.03529978762877,1.73166439612225
"Exp. 2","QGKZ","Baseline","Liberal",160,87,2,33,38,120,40,89,71,922.956249982119,856.5,"Liberal",NA,NA,NA,0.725,0.05,0,0,0.725,0.05,2.24261375299395,0.523546750454497,1.91364302760366,2.11326519900762,-1.04709350090899,0.465374889292886,1.64485362695147
"Exp. 2","QGKZ","Strategic","Conservative",160,10,10,30,110,40,120,20,140,872.002499967813,762.199999809265,"Conservative",NA,NA,NA,0.25,0.0833333333333333,0,0,0.25,0.0833333333333333,0.708504376904557,1.02874193864836,0.431905551484429,0.476959891706237,-2.05748387729672,0.914437278798543,1.38299412710064
"Exp. 2","QGKZ","Strategic","Liberal",160,62,5,58,35,120,40,67,93,1043.93312497139,922.10000038147,"Liberal",NA,NA,NA,0.516666666666667,0.125,0,0,0.516666666666667,0.125,1.19213867819246,0.554280041279777,0.96206880211726,1.06242726006809,-1.10856008255955,0.492693370026468,1.15034938037601
"Exp. 2","QGKZ","FPF","Conservative",160,60,7,20,73,80,80,67,93,927.154375016689,834.75,"Conservative",NA,15,0.75,0.75,0.0875,0,0,0.75,0.0875,2.03080149553133,0.340910997569583,1.75953914646428,1.94308593132483,-0.681821995139165,0.303031997839629,1.35631174533525
"Exp. 2","QGKZ","FPF","Liberal",160,49,14,31,66,80,80,63,97,969.469999992848,880.300000190735,"Liberal",NA,12,0.857142857142857,0.6125,0.175,0,0,0.6125,0.175,1.22043016595465,0.324374208096157,1.03351230773995,1.14132341360859,-0.648748416192314,0.288332629418806,0.93458929107348
"Exp. 2","QKVR","Baseline","Conservative",160,27,2,13,118,40,120,29,131,1416.95437499434,1011.20000004769,"Conservative",NA,NA,NA,0.675,0.0166666666666667,0,0,0.675,0.0166666666666667,2.58180742435486,0.837141522007552,2.15619837751787,2.38112277349406,-1.6742830440151,0.744125797340046,2.12804523418498
"Exp. 2","QKVR","Baseline","Liberal",160,106,3,14,37,120,40,109,51,1443.68687499166,997.600000023842,"Liberal",NA,NA,NA,0.883333333333333,0.075,0,0,0.883333333333333,0.075,2.63134764261985,0.123857649628531,2.34344134843216,2.58789804374259,-0.247715299257061,0.110095688558694,1.43953147093846
"Exp. 2","QKVR","Strategic","Conservative",159,32,7,7,113,39,120,39,120,1349.77735850496,960.099999904633,"Conservative",NA,NA,NA,0.82051282051282,0.0583333333333333,0,0,0.82051282051282,0.0583333333333333,2.48624081811815,0.325799223439849,2.17245689161837,2.39907729873234,-0.651598446879698,0.28959930972431,1.56891963249893
"Exp. 2","QKVR","Strategic","Liberal",160,91,1,29,39,120,40,92,68,1034.28624999076,899.549999952317,"Liberal",NA,NA,NA,0.758333333333333,0.025,0,0,0.758333333333333,0.025,2.66091540412427,0.629506282477921,2.26892260721625,2.50560586060611,-1.25901256495584,0.559561139980374,1.95996398454005
"Exp. 2","QKVR","FPF","Conservative",160,50,7,30,73,80,80,57,103,968.763749992848,806.199999928475,"Conservative",NA,21,0.7,0.625,0.0875,0,0,0.625,0.0875,1.67495110929962,0.518836190685436,1.40368876023257,1.55011491926592,-1.03767238137087,0.461187725053721,1.35631174533525
"Exp. 2","QKVR","FPF","Liberal",160,67,12,13,68,80,80,79,81,886.401874983311,831.299999952317,"Liberal",NA,12,1,0.8375,0.15,0,0,0.8375,0.15,2.02066834994011,0.0260992145237323,1.81338167204136,2.00254505399684,-0.0521984290474645,0.0231993017988731,1.03643338949379
"Exp. 2","QSOU","Baseline","Conservative",160,19,0,21,120,40,120,19,141,1085.5006250143,875.099999904633,"Conservative",NA,NA,NA,0.475,0,0,1,0.475,0.00625,2.43499869646916,1.28020612617779,1.93545760158668,2.1373553659638,-2.56041225235559,1.13796100104693,2.49770547441237
"Exp. 2","QSOU","Baseline","Liberal",160,34,0,86,40,120,40,34,126,1077.56937501132,817.349999904633,"Liberal",NA,NA,NA,0.283333333333333,0,0,1,0.283333333333333,0.00625,1.92473792591691,1.53533651145392,1.42519683103443,1.57386661008168,-3.07067302290784,1.36474356573682,2.49770547441237
"Exp. 2","QSOU","Strategic","Conservative",160,17,10,23,110,40,120,27,133,992.802500000596,801.149999856949,"Conservative",NA,NA,NA,0.425,0.0833333333333333,0,0,0.425,0.0833333333333333,1.19387570082785,0.786056276686716,0.917276875407719,1.01296285184441,-1.57211255337343,0.698716690388192,1.38299412710064
"Exp. 2","QSOU","Strategic","Liberal",160,85,6,35,34,120,40,91,69,1253.45375000238,910.200000047683,"Liberal",NA,NA,NA,0.708333333333333,0.15,0,0,0.708333333333333,0.15,1.58495567219189,0.243955553397846,1.37766899429313,1.52138089465789,-0.487911106795691,0.216849380798085,1.03643338949379
"Exp. 2","QSOU","FPF","Conservative",160,48,4,32,76,80,80,52,108,885.078750032187,802.449999809265,"Conservative",NA,24,0.75,0.6,0.05,0,0,0.6,0.05,1.89820073008727,0.695753261907836,1.56923000469698,1.73292464181126,-1.39150652381567,0.618447343918077,1.64485362695147
"Exp. 2","QSOU","FPF","Liberal",160,40,9,40,71,80,80,49,111,914.995000007749,819.349999904633,"Liberal",NA,8,0.888888888888889,0.5,0.1125,0,0,0.5,0.1125,1.21333962248852,0.606669811244259,0.970671697990814,1.07192756926788,-1.21333962248852,0.539262054439341,1.21333962248852
"Exp. 2","QTKZ","Baseline","Conservative",160,37,51,3,69,40,120,88,72,1466.98687500954,1224.09999990463,"Conservative",NA,NA,NA,0.925,0.425,0,0,0.925,0.425,1.62864989721125,-0.625206522332832,1.59082621195669,1.75677366306245,1.25041304466566,-0.555739130962517,0.189118426272792
"Exp. 2","QTKZ","Baseline","Liberal",160,95,21,25,19,120,40,116,44,1384.14812501073,1135.55000019073,"Liberal",NA,NA,NA,0.791666666666667,0.525,0,0,0.791666666666667,0.525,0.749511023556699,-0.437462289721563,0.762052379145342,0.841546071779877,0.874924579443127,-0.38885536864139,-0.0627067779432138
"Exp. 2","QTKZ","Strategic","Conservative",160,30,25,10,95,40,120,55,105,1509.72250004411,1258.9500002861,"Conservative",NA,NA,NA,0.75,0.208333333333333,0,0,0.75,0.208333333333333,1.48670755169599,0.0688640256519156,1.32426399139601,1.46240493495829,-0.137728051303831,0.0612124672461472,0.812217801499913
"Exp. 2","QTKZ","Strategic","Liberal",160,101,8,19,32,120,40,109,51,1505.41687500477,1210.65000009537,"Liberal",NA,NA,NA,0.841666666666667,0.2,0,0,0.841666666666667,0.2,1.84295253109861,-0.0798550319763894,1.67462828438402,1.8493175705263,0.159710063952779,-0.0709822506456795,0.841621233572914
"Exp. 2","QTKZ","FPF","Conservative",160,57,14,23,66,80,80,71,89,1568.50999997854,1239.4500002861,"Conservative",NA,17,0.739130434782609,0.7125,0.175,0,0,0.7125,0.175,1.49529232294856,0.186943129599198,1.30837446473387,1.44485788817921,-0.373886259198397,0.166171670754843,0.93458929107348
"Exp. 2","QTKZ","FPF","Liberal",160,62,28,18,52,80,80,90,70,1480.28062499762,1239.0499997139,"Liberal",NA,20,0.714285714285714,0.775,0.35,0,0,0.775,0.35,1.14073549276804,-0.185047279976451,1.06367139948652,1.17462855887465,0.370094559952902,-0.164486471090179,0.385320466407568
"Exp. 2","QUTK","Baseline","Conservative",160,27,49,13,71,40,120,76,84,2142.48562496305,1824.34999990463,"Conservative",NA,NA,NA,0.675,0.408333333333333,0,0,0.675,0.408333333333333,0.68559655262289,-0.110963913858435,0.639229680132288,0.705911090893445,0.22192782771687,-0.0986345900963866,0.23183436245301
"Exp. 2","QUTK","Baseline","Liberal",160,92,11,28,29,120,40,103,57,1656.50874999166,1504.34999990463,"Liberal",NA,NA,NA,0.766666666666667,0.275,0,0,0.766666666666667,0.275,1.32567341692412,-0.065076582419583,1.20612139171563,1.33193825918675,0.130153164839166,-0.0578458510396294,0.597760126042478
"Exp. 2","QUTK","Strategic","Conservative",160,28,35,12,85,40,120,63,97,1442.18000000119,1302.39999961853,"Conservative",NA,NA,NA,0.7,0.291666666666667,0,0,0.7,0.291666666666667,1.07292279540614,0.0120608849950287,0.963218338866519,1.06369671104308,-0.0241217699900573,0.0107207866622477,0.548522282698098
"Exp. 2","QUTK","Strategic","Liberal",160,93,19,27,21,120,40,112,48,1593.45625001788,1357.90000009537,"Liberal",NA,NA,NA,0.775,0.475,0,0,0.775,0.475,0.818121804303683,-0.346354124208628,0.80558044871504,0.889614783276616,0.692708248417256,-0.307870332629891,0.0627067779432138
"Exp. 2","QUTK","FPF","Conservative",160,56,28,24,52,80,80,84,76,1114.88437500596,1007.15000009537,"Conservative",NA,18,0.75,0.7,0.35,0,0,0.7,0.35,0.909720979115608,-0.0695400231502365,0.832656885834095,0.919515705993884,0.139080046300473,-0.0618133539113214,0.385320466407568
"Exp. 2","QUTK","FPF","Liberal",160,62,47,18,33,80,80,109,51,967.562500041723,868.699999809265,"Liberal",NA,33,0.702127659574468,0.775,0.5875,0,0,0.775,0.5875,0.534296313362899,-0.48826686967902,0.578520055962413,0.638868526448349,0.97653373935804,-0.43401499527024,-0.221118712997571
"Exp. 2","ROCT","Baseline","Conservative",160,28,35,12,85,40,120,63,97,1060.349375,905.65,"Conservative",NA,NA,NA,0.7,0.291666666666667,0,0,0.7,0.291666666666667,1.07292279540614,0.0120608849950287,0.963218338866519,1.06369671104308,-0.0241217699900573,0.0107207866622477,0.548522282698098
"Exp. 2","ROCT","Baseline","Liberal",160,42,12,78,28,120,40,54,106,1014.994375,854.85,"Liberal",NA,NA,NA,0.35,0.3,0,0,0.35,0.3,0.139080046300473,0.454860489557804,0.0341999437588649,0.0377675198096538,-0.909720979115608,0.404320435162493,0.524400512708041
"Exp. 2","ROCT","Strategic","Conservative",160,9,45,31,75,40,120,54,106,984.25625,764.65,"Conservative",NA,NA,NA,0.225,0.375,0,0,0.225,0.375,-0.436775662396094,0.537027195162422,-0.500503535188969,-0.552713691967735,-1.07405439032484,0.477357506811042,0.318639363964375
"Exp. 2","ROCT","Strategic","Liberal",160,82,25,38,15,120,40,107,53,957.32,808.2,"Liberal",NA,NA,NA,0.683333333333333,0.625,0,0,0.683333333333333,0.625,0.158401064525068,-0.397839896226909,0.222128937317943,0.245300375334044,0.795679792453819,-0.353635463312808,-0.318639363964375
"Exp. 2","ROCT","FPF","Conservative",160,22,16,58,64,80,80,38,122,975.18,829.65,"Conservative",NA,45,0.775862068965517,0.275,0.2,0,0,0.275,0.2,0.243861107530436,0.719690679807696,0.075536860815853,0.0834165081479792,-1.43938135961539,0.639725048717952,0.841621233572914
"Exp. 2","ROCT","FPF","Liberal",160,71,66,9,14,80,80,137,23,355.615,216.8,"Liberal",NA,49,0.742424242424242,0.8875,0.825,0,0,0.8875,0.825,0.278750331415038,-1.073964456781,0.465668189629734,0.514244488253225,2.147928913562,-0.954635072694221,-0.93458929107348
"Exp. 2","SDCS","Baseline","Conservative",160,20,16,20,104,40,120,36,124,1042.55625,903,"Conservative",NA,NA,NA,0.5,0.133333333333333,0,0,0.5,0.133333333333333,1.11077161663679,0.555385808318393,0.888617293309429,0.981313637966597,-1.11077161663679,0.493676274060794,1.11077161663679
"Exp. 2","SDCS","Baseline","Liberal",160,81,2,39,38,120,40,83,77,1125.73125,978.5,"Liberal",NA,NA,NA,0.675,0.05,0,0,0.675,0.05,2.09861581712135,0.595545718390797,1.76964509173106,1.95424608090723,-1.19109143678159,0.52937397190293,1.64485362695147
"Exp. 2","SDCS","Strategic","Conservative",160,22,17,18,103,40,120,39,121,1075.16875000001,928.5,"Conservative",NA,NA,NA,0.55,0.141666666666667,0,0,0.55,0.141666666666667,1.19852268850508,0.473599997397464,0.983950420175077,1.0865914648192,-0.947199994794929,0.420977775464413,1.07286134165
"Exp. 2","SDCS","Strategic","Liberal",160,87,12,33,28,120,40,99,61,1056.81249999998,978.5,"Liberal",NA,NA,NA,0.725,0.3,0,0,0.725,0.3,1.12216063875052,-0.0366798066672189,1.01728053620891,1.12339842059788,0.0733596133344377,-0.0326042725930834,0.524400512708041
"Exp. 2","SDCS","FPF","Conservative",159,48,9,31,71,79,80,57,102,958.402515723273,876,"Conservative",NA,23,0.741935483870968,0.607594936708861,0.1125,0,0,0.607594936708861,0.1125,1.48639567735978,0.470141783808629,1.24372775286207,1.37346753770198,-0.940283567617258,0.417903807829892,1.21333962248852
"Exp. 2","SDCS","FPF","Liberal",160,37,19,43,61,80,80,56,104,883.131250000012,814,"Liberal",NA,12,0.631578947368421,0.4625,0.2375,0,0,0.4625,0.2375,0.620230025956651,0.404252427301862,0.477356537900614,0.527152109621701,-0.808504854603724,0.359335490934988,0.714367440280188
"Exp. 2","SFGE","Baseline","Conservative",160,27,45,13,75,40,120,72,88,1212.19437499046,861.299999713897,"Conservative",NA,NA,NA,0.675,0.375,0,0,0.675,0.375,0.772401554134255,-0.0675614131027522,0.70867368134138,0.782599161196081,0.135122826205504,-0.0600545894246687,0.318639363964375
"Exp. 2","SFGE","Baseline","Liberal",160,94,11,26,29,120,40,105,55,856.971249997616,756.300000190735,"Liberal",NA,NA,NA,0.783333333333333,0.275,0,0,0.783333333333333,0.275,1.38126050143225,-0.0928701246736477,1.26170847622376,1.39332392490959,0.185740249347295,-0.0825512219321313,0.597760126042478
"Exp. 2","SFGE","Strategic","Conservative",160,28,55,12,65,40,120,83,77,949.793125009537,744.949999809265,"Conservative",NA,NA,NA,0.7,0.458333333333333,0,0,0.7,0.458333333333333,0.629033968322116,-0.209883528546983,0.608107277199301,0.671542146383385,0.419767057093965,-0.186563136486207,0.104633455614075
"Exp. 2","SFGE","Strategic","Liberal",160,82,16,38,24,120,40,98,62,927.725000023842,802.349999904633,"Liberal",NA,NA,NA,0.683333333333333,0.4,0,0,0.683333333333333,0.4,0.730387531625243,-0.111846662676822,0.679718110998083,0.750623082982303,0.223693325353644,-0.0994192557127305,0.2533471031358
"Exp. 2","SFGE","FPF","Conservative",160,48,20,32,60,80,80,68,92,960.769374984503,835.699999809265,"Conservative",NA,26,0.8125,0.6,0.25,0,0,0.6,0.25,0.927836853331881,0.210571323530141,0.792938903292665,0.875654531747242,-0.421142647060282,0.18717450980457,0.674489750196082
"Exp. 2","SFGE","FPF","Liberal",160,61,48,19,32,80,80,109,51,1019.73874997497,852.449999809265,"Liberal",NA,36,0.75,0.7625,0.6,0,0,0.7625,0.6,0.461020337144388,-0.483857271707994,0.511689757771548,0.565066808275806,0.967714543415987,-0.430095352629328,-0.2533471031358
"Exp. 2","TDUW","Baseline","Conservative",160,26,21,14,99,40,120,47,113,1795.90250000358,1341.05000019073,"Conservative",NA,NA,NA,0.65,0.175,0,0,0.65,0.175,1.31990975748105,0.274634412332956,1.13299189926635,1.25118024466422,-0.549268824665913,0.244119477629294,0.93458929107348
"Exp. 2","TDUW","Baseline","Liberal",160,75,10,45,30,120,40,85,75,1735.91687499285,1303.54999971389,"Liberal",NA,NA,NA,0.625,0.25,0,0,0.625,0.25,0.993129114160457,0.177925193115853,0.858231164121241,0.947757771789007,-0.355850386231707,0.158155727214092,0.674489750196082
"Exp. 2","TDUW","Strategic","Conservative",160,20,15,20,105,40,120,35,125,1273.85875000954,1009.5,"Conservative",NA,NA,NA,0.5,0.125,0,0,0.5,0.125,1.15034938037601,0.575174690188004,0.920279504300806,1.01627870075341,-1.15034938037601,0.511266391278226,1.15034938037601
"Exp. 2","TDUW","Strategic","Liberal",159,88,10,31,30,119,40,98,61,1346.95849058163,1033.4000005722,"Liberal",NA,NA,NA,0.739495798319328,0.25,0,0,0.739495798319328,0.25,1.31628150582152,0.0163489972853224,1.1813835557823,1.30461988944768,-0.0326979945706448,0.0145324420313977,0.674489750196082
"Exp. 2","TDUW","FPF","Conservative",160,54,23,26,57,80,80,77,83,1081.62374998331,967.14999961853,"Conservative",NA,21,0.807692307692308,0.675,0.2875,0,0,0.675,0.2875,1.01446522204496,0.0534704208526018,0.902324615669946,0.996450843233316,-0.106940841705204,0.0475292629800905,0.560703031875083
"Exp. 2","TDUW","FPF","Liberal",160,54,32,26,48,80,80,86,74,1067.59000002742,988.60000038147,"Liberal",NA,24,0.75,0.675,0.4,0,0,0.675,0.4,0.707109293305679,-0.10020754351704,0.656439872678519,0.724916569162669,0.20041508703408,-0.0890733720151466,0.2533471031358
"Exp. 2","TOTL","Baseline","Conservative",159,29,21,10,99,39,120,50,109,1346.34088050757,1064.30000001192,"Conservative",NA,NA,NA,0.743589743589744,0.175,0,0,0.743589743589744,0.175,1.58904149180548,0.140068545170738,1.40212363359079,1.5483865260304,-0.280137090341476,0.124505373485101,0.93458929107348
"Exp. 2","TOTL","Baseline","Liberal",160,89,5,31,35,120,40,94,66,1287.96625000536,1042.75,"Liberal",NA,NA,NA,0.741666666666667,0.125,0,0,0.741666666666667,0.125,1.79884156096887,0.250928599891575,1.56877168489366,1.73241851225816,-0.501857199783151,0.223047644348067,1.15034938037601
"Exp. 2","TOTL","Strategic","Conservative",160,30,29,10,91,40,120,59,101,1607.10562499948,1215.40000000596,"Conservative",NA,NA,NA,0.75,0.241666666666667,0,0,0.75,0.241666666666667,1.37544116978029,0.0132308346940651,1.23525088586345,1.36410640411207,-0.0264616693881301,0.01176074195028,0.700951419584212
"Exp. 2","TOTL","Strategic","Liberal",160,98,16,22,24,120,40,114,46,1347.37499999776,1096.29999998212,"Liberal",NA,NA,NA,0.816666666666667,0.4,0,0,0.816666666666667,0.4,1.15608189477966,-0.324693844254032,1.1054124741525,1.22072386462833,0.649387688508065,-0.288616750448029,0.2533471031358
"Exp. 2","TOTL","FPF","Conservative",160,54,27,26,53,80,80,81,79,1385.56312500089,1196.44999998808,"Conservative",NA,20,0.769230769230769,0.675,0.3375,0,0,0.675,0.3375,0.873057943211276,-0.0172332185642418,0.789198792602996,0.871524270435752,0.0344664371284836,-0.0153184165015483,0.419295753041396
"Exp. 2","TOTL","FPF","Liberal",160,58,23,22,57,80,80,81,79,1604.05625000447,1383.5,"Liberal",NA,16,0.695652173913043,0.725,0.2875,0,0,0.725,0.2875,1.15846315791756,-0.0185285470836976,1.04632255154254,1.15546996133371,0.0370570941673951,-0.0164698196299534,0.560703031875083
"Exp. 2","ULCR","Baseline","Conservative",159,23,47,17,72,40,119,70,89,1785.82767295837,1444.79999995232,"Conservative",NA,NA,NA,0.575,0.394957983193277,0,0,0.575,0.394957983193277,0.455538163322468,0.0386506553884415,0.402254215912533,0.444215469332618,-0.0773013107768831,0.0343561381230592,0.266419737049675
"Exp. 2","ULCR","Baseline","Liberal",159,72,15,47,25,119,40,87,72,1491.21949685595,1329.60000002384,"Liberal",NA,NA,NA,0.605042016806723,0.375,0,0,0.605042016806723,0.375,0.58505910101405,0.0261098134573499,0.521331228221176,0.575714031229385,-0.0522196269146998,0.0232087230731999,0.318639363964375
"Exp. 2","ULCR","Strategic","Conservative",160,8,29,32,91,40,120,37,123,1004.57312499285,859.699999988079,"Conservative",NA,NA,NA,0.2,0.241666666666667,0,0,0.2,0.241666666666667,-0.140669813988702,0.771286326578563,-0.280860097905545,-0.310158092252401,-1.54257265315713,0.685587845847612,0.700951419584212
"Exp. 2","ULCR","Strategic","Liberal",160,76,24,44,16,120,40,100,60,1074.92374999896,927.450000047684,"Liberal",NA,NA,NA,0.633333333333333,0.6,0,0,0.633333333333333,0.6,0.0873477239519956,-0.297020965111798,0.138017144579156,0.152414439003689,0.594041930223595,-0.264018635654931,-0.2533471031358
"Exp. 2","ULCR","FPF","Conservative",160,40,37,40,43,80,80,77,83,896.38124999702,832.399999976158,"Conservative",NA,28,0.7,0.5,0.4625,0,0,0.5,0.4625,0.0941374143235364,0.0470687071617682,0.0753099314588291,0.0831659065959059,-0.0941374143235364,0.0418388508104606,0.0941374143235364
"Exp. 2","ULCR","FPF","Liberal",160,64,60,16,20,80,80,124,36,856.833750002086,796.700000047684,"Liberal",NA,52,0.866666666666667,0.8,0.75,0,0,0.8,0.75,0.167131483376833,-0.758055491884498,0.302029433416049,0.333535712516555,1.516110983769,-0.673827103897332,-0.674489750196082
"Exp. 2","UQBI","Baseline","Conservative",160,10,6,30,114,40,120,16,144,1046.27062500012,876.749999998138,"Conservative",NA,NA,NA,0.25,0.05,0,0,0.25,0.05,0.970363876755391,1.15967168857378,0.641393151365096,0.708300245192026,-2.31934337714755,1.03081927873225,1.64485362695147
"Exp. 2","UQBI","Baseline","Liberal",160,38,6,82,34,120,40,44,116,1253.23249999995,943.400000000373,"Liberal",NA,NA,NA,0.316666666666667,0.15,0,0,0.316666666666667,0.15,0.559392961004346,0.756736908991616,0.352106283105588,0.388836341838921,-1.51347381798323,0.67265503021477,1.03643338949379
"Exp. 2","UQBI","Strategic","Conservative",160,20,11,20,109,40,120,31,129,1059.04437500003,822.450000001117,"Conservative",NA,NA,NA,0.5,0.0916666666666667,0,0,0.5,0.0916666666666667,1.3305615131789,0.665280756589448,1.06444921054312,1.17548750749442,-1.3305615131789,0.591360672523954,1.3305615131789
"Exp. 2","UQBI","Strategic","Liberal",160,90,15,30,25,120,40,105,55,1483.86375000011,1156.24999999814,"Liberal",NA,NA,NA,0.75,0.375,0,0,0.75,0.375,0.993129114160457,-0.177925193115853,0.929401241367582,1.02635197420079,0.355850386231707,-0.158155727214092,0.318639363964375
"Exp. 2","UQBI","FPF","Conservative",160,44,15,36,65,80,80,59,101,1135.62437500008,914.550000000745,"Conservative",NA,27,0.75,0.55,0.1875,0,0,0.55,0.1875,1.01280790587395,0.380742606081901,0.835378594070175,0.922521329934292,-0.761485212163802,0.338437872072801,0.887146559018876
"Exp. 2","UQBI","FPF","Liberal",160,62,52,18,28,80,80,114,46,984.331875000009,920.949999999255,"Liberal",NA,40,0.769230769230769,0.775,0.65,0,0,0.775,0.65,0.370094559952902,-0.570367746384018,0.447158653234415,0.493804124742496,1.14073549276804,-0.50699355234135,-0.385320466407568
"Exp. 2","UWDL","Baseline","Conservative",160,15,9,25,111,40,120,24,136,1158.72125002742,906.850000381469,"Conservative",NA,NA,NA,0.375,0.075,0,0,0.375,0.075,1.12089210697408,0.879085417451415,0.832985812786389,0.919878945046974,-1.75817083490283,0.781409259956814,1.43953147093846
"Exp. 2","UWDL","Baseline","Liberal",159,82,4,38,35,120,39,86,73,1280.05534594314,949.89999961853,"Liberal",NA,NA,NA,0.683333333333333,0.102564102564103,0,0,0.683333333333333,0.102564102564103,1.74411617975589,0.3950176613885,1.4907010295026,1.64620389609317,-0.790035322777001,0.351126810123112,1.26707575126644
"Exp. 2","UWDL","Strategic","Conservative",160,12,5,28,115,40,120,17,143,1015.38125001788,829.049999713897,"Conservative",NA,NA,NA,0.3,0.0416666666666667,0,0,0.3,0.0416666666666667,1.2072638834142,1.12803245441514,0.860931004189756,0.950739246378248,-2.25606490883029,1.00269551503568,1.73166439612225
"Exp. 2","UWDL","Strategic","Liberal",160,43,0,77,40,120,40,43,117,983.808125013113,852.800000190735,"Liberal",NA,NA,NA,0.358333333333333,0,0,1,0.358333333333333,0.00625,2.13478817927302,1.43031138477586,1.63524708439054,1.80582831038691,-2.86062276955173,1.27138789757855,2.49770547441237
"Exp. 2","UWDL","FPF","Conservative",160,50,7,30,73,80,80,57,103,857.39500002265,783.400000095368,"Conservative",NA,22,0.733333333333333,0.625,0.0875,0,0,0.625,0.0875,1.67495110929962,0.518836190685436,1.40368876023257,1.55011491926592,-1.03767238137087,0.461187725053721,1.35631174533525
"Exp. 2","UWDL","FPF","Liberal",160,52,5,28,75,80,80,57,103,984.830625009536,849.75,"Liberal",NA,4,0.8,0.65,0.0625,0,0,0.65,0.0625,1.91944101076011,0.574400038972489,1.6126169018896,1.7808374544976,-1.14880007794498,0.51057781241999,1.53412054435255
"Exp. 2","VBOH","Baseline","Conservative",160,30,43,10,77,40,120,73,87,1613.50312501192,1334.60000038147,"Conservative",NA,NA,NA,0.75,0.358333333333333,0,0,0.75,0.358333333333333,1.03740704533544,-0.155786227528363,0.964823586307566,1.06546941028951,0.311572455056726,-0.138476646691878,0.362917295139356
"Exp. 2","VBOH","Baseline","Liberal",160,61,4,59,36,120,40,65,95,1335.77937498689,1121.74999952317,"Liberal",NA,NA,NA,0.508333333333333,0.1,0,0,0.508333333333333,0.1,1.30244165379149,0.630330738648856,1.04613134068257,1.15525880426301,-1.26066147729771,0.560293989910094,1.2815515655446
"Exp. 2","VBOH","Strategic","Conservative",160,32,34,8,86,40,120,66,94,1450.55500005484,1204.90000009537,"Conservative",NA,NA,NA,0.8,0.283333333333333,0,0,0.8,0.283333333333333,1.41458878206838,-0.134326842538725,1.29999527236929,1.43560461817826,0.268653685077451,-0.1194016378122,0.572967548495463
"Exp. 2","VBOH","Strategic","Liberal",159,86,8,33,32,119,40,94,65,1222.26226417374,1041.4000005722,"Liberal",NA,NA,NA,0.722689075630252,0.2,0,0,0.722689075630252,0.2,1.43246986251295,0.125386302316441,1.26414561579836,1.3960152953344,-0.250772604632881,0.111454490947947,0.841621233572914
"Exp. 2","VBOH","FPF","Conservative",160,56,31,24,49,80,80,87,73,1073.36187499762,986.25,"Conservative",NA,18,0.75,0.7,0.3875,0,0,0.7,0.3875,0.810241387589206,-0.119279818913438,0.753073212612973,0.83163024114938,0.238559637826875,-0.106026505700833,0.285840874881166
"Exp. 2","VBOH","FPF","Liberal",160,59,21,21,59,80,80,80,80,1103.72374998331,985.550000190735,"Liberal",NA,10,0.476190476190476,0.7375,0.2625,0,0,0.7375,0.2625,1.27131402739517,-1.11022302462516e-16,1.14418262465565,1.26353833349047,2.22044604925031e-16,-9.86864910777917e-17,0.635657013697583
"Exp. 2","VPXF","Baseline","Conservative",160,24,37,16,83,40,120,61,99,881.814375000039,782.450000000186,"Conservative",NA,NA,NA,0.6,0.308333333333333,0,0,0.6,0.308333333333333,0.753927208602539,0.12361650116547,0.653811187509191,0.722013672014477,-0.24723300233094,0.109881334369307,0.50058010546674
"Exp. 2","VPXF","Baseline","Liberal",160,70,15,50,25,120,40,85,75,924.758750000107,812.050000000745,"Liberal",NA,NA,NA,0.583333333333333,0.375,0,0,0.583333333333333,0.375,0.5290677582123,0.0541054848582252,0.465339885419425,0.513881936903613,-0.10821096971645,0.0480937643184224,0.318639363964375
"Exp. 2","VPXF","Strategic","Conservative",160,18,24,22,96,40,120,42,118,923.730000000109,830.850000000559,"Conservative",NA,NA,NA,0.45,0.2,0,0,0.45,0.2,0.71595988671784,0.483641290213994,0.547635640003257,0.60476239458535,-0.967282580427988,0.429903369079106,0.841621233572914
"Exp. 2","VPXF","Strategic","Liberal",160,89,28,31,12,120,40,117,43,854.164375000063,758.000000000932,"Liberal",NA,NA,NA,0.741666666666667,0.7,0,0,0.741666666666667,0.7,0.124091667884817,-0.586446346650449,0.228971770426425,0.252857020362495,1.1728926933009,-0.521285641467066,-0.524400512708041
"Exp. 2","VPXF","FPF","Conservative",160,38,23,42,57,80,80,61,99,963.651250000077,833.799999999814,"Conservative",NA,34,0.80952380952381,0.475,0.2875,0,0,0.475,0.2875,0.497996253931869,0.311704904909149,0.385855647556853,0.426106280043014,-0.623409809818297,0.27707102658591,0.560703031875083
"Exp. 2","VPXF","FPF","Liberal",160,57,37,23,43,80,80,94,66,1002.15500000007,894.150000000373,"Liberal",NA,28,0.756756756756757,0.7125,0.4625,0,0,0.7125,0.4625,0.65484044619862,-0.233282808775773,0.636012963333912,0.702358821443494,0.466565617551547,-0.207362496689576,0.0941374143235364
"Exp. 2","VWJJ","Baseline","Conservative",160,27,25,13,95,40,120,52,108,2045.9225,1693,"Conservative",NA,NA,NA,0.675,0.208333333333333,0,0,0.675,0.208333333333333,1.26597999166979,0.179227805665017,1.10353643136981,1.21865212195358,-0.358455611330033,0.15931360503557,0.812217801499913
"Exp. 2","VWJJ","Baseline","Liberal",160,53,4,67,36,120,40,57,103,1598.53250000003,1244.99999999988,"Liberal",NA,NA,NA,0.441666666666667,0.1,0,0,0.441666666666667,0.1,1.13480661005805,0.714148260515575,0.878496296949132,0.970136867231942,-1.42829652103115,0.634798453791622,1.2815515655446
"Exp. 2","VWJJ","Strategic","Conservative",160,23,12,17,108,40,120,35,125,1428.59562500002,1230.60000000009,"Conservative",NA,NA,NA,0.575,0.1,0,0,0.575,0.1,1.47066999181739,0.546216569635904,1.21435967870847,1.34103592523537,-1.09243313927181,0.485525839676359,1.2815515655446
"Exp. 2","VWJJ","Strategic","Liberal",160,97,15,23,25,120,40,112,48,1573.15562500006,1193.25000000023,"Liberal",NA,NA,NA,0.808333333333333,0.375,0,0,0.808333333333333,0.375,1.19041033615433,-0.276565804112792,1.12668246336146,1.24421263830773,0.553131608225584,-0.245836270322482,0.318639363964375
"Exp. 2","VWJJ","FPF","Conservative",160,36,27,44,53,80,80,63,97,861.395000000048,804.149999999907,"Conservative",NA,34,0.772727272727273,0.45,0.3375,0,0,0.45,0.3375,0.293634406186322,0.272478549948235,0.209775255578043,0.231658016062242,-0.54495709989647,0.242203155509542,0.419295753041396
"Exp. 2","VWJJ","FPF","Liberal",160,63,34,17,46,80,80,97,63,1489.70312500002,1110.60000000009,"Liberal",NA,27,0.794117647058823,0.7875,0.425,0,0,0.7875,0.425,0.986895272398031,-0.304329209926223,0.949071587143472,1.0480742372253,0.608658419852446,-0.270514853267754,0.189118426272792
"Exp. 2","VXJE","Baseline","Conservative",160,13,18,27,102,40,120,31,129,1084.134375,819.150000095367,"Conservative",NA,NA,NA,0.325,0.15,0,0,0.325,0.15,0.58267119932391,0.745097789831834,0.375384521425152,0.414542855658555,-1.49019557966367,0.662309146517186,1.03643338949379
"Exp. 2","VXJE","Baseline","Liberal",160,80,14,40,26,120,40,94,66,1156.57124999315,900.199999928475,"Liberal",NA,NA,NA,0.666666666666667,0.35,0,0,0.666666666666667,0.35,0.816047765703025,-0.0227034164439449,0.738983672421512,0.81607094689902,0.0454068328878897,-0.0201808146168399,0.385320466407568
"Exp. 2","VXJE","Strategic","Conservative",160,22,12,18,108,40,120,34,126,1174.67562499493,871.25,"Conservative",NA,NA,NA,0.55,0.1,0,0,0.55,0.1,1.40721291239967,0.577945109344763,1.15090259929075,1.27095930403186,-1.15589021868953,0.513728986084234,1.2815515655446
"Exp. 2","VXJE","Strategic","Liberal",160,85,10,35,30,120,40,95,65,1152.42124998569,979.24999988079,"Liberal",NA,NA,NA,0.708333333333333,0.25,0,0,0.708333333333333,0.25,1.22301203289418,0.0629837337489917,1.08811408285496,1.20162098713206,-0.125967467497983,0.0559855411102149,0.674489750196082
"Exp. 2","VXJE","FPF","Conservative",160,54,22,26,58,80,80,76,84,1018.28187498897,868.300000071526,"Conservative",NA,16,0.615384615384615,0.675,0.275,0,0,0.675,0.275,1.05152231621236,0.0719989679362994,0.931970291003862,1.02918901491975,-0.143997935872599,0.0639990826100439,0.597760126042478
"Exp. 2","VXJE","FPF","Liberal",160,59,22,21,58,80,80,81,79,1135.27249999195,909.049999952317,"Liberal",NA,15,0.681818181818182,0.7375,0.275,0,0,0.7375,0.275,1.23341713974006,-0.0189484438275522,1.11386511453157,1.23005824439254,0.0378968876551043,-0.0168430611800464,0.597760126042478
"Exp. 2","VZVT","Baseline","Conservative",160,9,9,31,111,40,120,18,142,909.530000013113,709.75,"Conservative",NA,NA,NA,0.225,0.075,0,0,0.225,0.075,0.684116444577986,1.09747324864946,0.396210150390295,0.437540915539448,-2.19494649729892,0.9755317765773,1.43953147093846
"Exp. 2","VZVT","Baseline","Liberal",160,77,7,43,33,120,40,84,76,1260.22000000924,1015.04999995231,"Liberal",NA,NA,NA,0.641666666666667,0.175,0,0,0.641666666666667,0.175,1.29750658621284,0.285835997967062,1.11058872799814,1.22644008074357,-0.571671995934124,0.254076442637388,0.93458929107348
"Exp. 2","VZVT","Strategic","Conservative",160,22,24,18,96,40,120,46,114,1025.98187498897,841.850000023842,"Conservative",NA,NA,NA,0.55,0.2,0,0,0.55,0.2,0.967282580427988,0.35797994335892,0.798958333713406,0.882301880621879,-0.71595988671784,0.318204394096818,0.841621233572914
"Exp. 2","VZVT","Strategic","Liberal",160,65,16,55,24,120,40,81,79,945.033124999702,817.899999976158,"Liberal",NA,NA,NA,0.541666666666667,0.4,0,0,0.541666666666667,0.4,0.357980558749875,0.0743568237608623,0.307311138122715,0.339368379626894,-0.148713647521725,0.0660949544540998,0.2533471031358
"Exp. 2","VZVT","FPF","Conservative",160,40,20,40,60,80,80,60,100,964.380000002682,843.24999988079,"Conservative",NA,30,0.75,0.5,0.25,0,0,0.5,0.25,0.674489750196082,0.337244875098041,0.539591800156865,0.595879459487963,-0.674489750196082,0.29977322230937,0.674489750196082
"Exp. 2","VZVT","FPF","Liberal",160,48,27,32,53,80,80,75,85,892.967499998212,767.600000023842,"Liberal",NA,23,0.851851851851852,0.6,0.3375,0,0,0.6,0.3375,0.672642856177196,0.0829743249527981,0.588783705568917,0.650202831339786,-0.165948649905596,0.0737549555135983,0.419295753041396
"Exp. 2","WFTB","Baseline","Conservative",160,34,15,6,105,40,120,49,111,1202.55750001073,961.900000095367,"Conservative",NA,NA,NA,0.85,0.125,0,0,0.85,0.125,2.1867827698698,0.0569579954411092,1.9567128937946,2.16082790952066,-0.113915990882218,0.050629329280986,1.15034938037601
"Exp. 2","WFTB","Baseline","Liberal",159,73,2,46,38,119,40,75,84,1056.85974846846,875.800000190735,"Liberal",NA,NA,NA,0.613445378151261,0.05,0,0,0.613445378151261,0.05,1.93316390055198,0.678271676675481,1.60419317516169,1.77153500451959,-1.35654335335096,0.602908157044872,1.64485362695147
"Exp. 2","WFTB","Strategic","Conservative",160,25,11,15,109,40,120,36,124,989.365000069141,835.35000038147,"Conservative",NA,NA,NA,0.625,0.0916666666666667,0,0,0.625,0.0916666666666667,1.64920087714327,0.505961074607261,1.38308857450749,1.52736581979546,-1.01192214921452,0.449743177428676,1.3305615131789
"Exp. 2","WFTB","Strategic","Liberal",160,100,11,20,29,120,40,111,49,1023.44437501431,898.150000095368,"Liberal",NA,NA,NA,0.833333333333333,0.275,0,0,0.833333333333333,0.275,1.56518169214418,-0.184830720029611,1.44562966693568,1.5964309025878,0.369661440059223,-0.164293973359655,0.597760126042478
"Exp. 2","WFTB","FPF","Conservative",160,68,15,12,65,80,80,83,77,1054.80249999166,966.549999713897,"Conservative",NA,9,0.75,0.85,0.1875,0,0,0.85,0.1875,1.92357994851267,-0.0746434152374568,1.74615063670889,1.92830079568328,0.149286830474914,-0.0663497024332949,0.887146559018876
"Exp. 2","WFTB","FPF","Liberal",160,65,15,15,65,80,80,80,80,982.580000030995,927.25,"Liberal",NA,11,0.733333333333333,0.8125,0.1875,0,0,0.8125,0.1875,1.77429311803775,0,1.59686380623398,1.76344107056106,0,0,0.887146559018876
"Exp. 2","WQLB","Baseline","Conservative",160,31,46,9,74,40,120,77,83,1164.43624999821,903.25,"Conservative",NA,NA,NA,0.775,0.383333333333333,0,0,0.775,0.383333333333333,1.05215286462037,-0.229338594050286,0.992805296968388,1.0963700403941,0.458677188100571,-0.203856528044698,0.296737838259898
"Exp. 2","WQLB","Baseline","Liberal",160,68,10,52,30,120,40,78,82,1048.03999999911,820.349999904633,"Liberal",NA,NA,NA,0.566666666666667,0.25,0,0,0.566666666666667,0.25,0.842383754984187,0.253297872703988,0.707485804944971,0.781287371163643,-0.506595745407976,0.225153664625767,0.674489750196082
"Exp. 2","WQLB","Strategic","Conservative",160,17,22,23,98,40,120,39,121,775.541875000298,676.649999976158,"Conservative",NA,NA,NA,0.425,0.183333333333333,0,0,0.425,0.183333333333333,0.713616365371072,0.545926608958329,0.533069407042299,0.588676681234947,-1.09185321791666,0.485268096851848,0.902734791643865
"Exp. 2","WQLB","Strategic","Liberal",160,87,28,33,12,120,40,115,45,991.408124990761,748.149999976158,"Liberal",NA,NA,NA,0.725,0.7,0,0,0.725,0.7,0.0733596133344377,-0.56108031937526,0.178239715876046,0.196832838313388,1.12216063875052,-0.498738061666897,-0.524400512708041
"Exp. 2","WQLB","FPF","Conservative",160,51,38,29,42,80,80,89,71,1070.52687499672,852.749999880791,"Conservative",NA,19,0.655172413793103,0.6375,0.475,0,0,0.6375,0.475,0.41449112287837,-0.144538783495971,0.401949767289727,0.44387926207234,0.289077566991942,-0.128478918663085,0.0627067779432138
"Exp. 2","WQLB","FPF","Liberal",160,57,58,23,22,80,80,115,45,760.653749997914,663.799999952317,"Liberal",NA,46,0.793103448275862,0.7125,0.725,0,0,0.7125,0.725,-0.0370570941673951,-0.579231578958781,0.0824949310411006,0.0911004112830796,1.15846315791756,-0.514872514630027,-0.597760126042478
"Exp. 2","WSJX","Baseline","Conservative",160,10,3,30,117,40,120,13,147,1330.03375000954,1105.59999942779,"Conservative",NA,NA,NA,0.25,0.025,0,0,0.25,0.025,1.28547423434397,1.31722686736807,0.893481437435962,0.986685186556008,-2.63445373473614,1.17086832654939,1.95996398454005
"Exp. 2","WSJX","Baseline","Liberal",160,69,8,51,32,120,40,77,83,1464.96625002027,1179.85000038147,"Liberal",NA,NA,NA,0.575,0.2,0,0,0.575,0.2,1.03073965984571,0.326251403650061,0.862415413131124,0.952378501825393,-0.652502807300122,0.290001247688943,0.841621233572914
"Exp. 2","WSJX","Strategic","Conservative",160,8,13,32,107,40,120,21,139,1351.28687502742,1090.7000002861,"Conservative",NA,NA,NA,0.2,0.108333333333333,0,0,0.2,0.108333333333333,0.393819107988338,1.03853078756708,0.146731039676087,0.162037326339792,-2.07706157513417,0.923138477837407,1.23544034156125
"Exp. 2","WSJX","Strategic","Liberal",160,56,18,64,22,120,40,74,86,1770.81999998093,1387.05000019073,"Liberal",NA,NA,NA,0.466666666666667,0.45,0,0,0.466666666666667,0.45,0.0420096129479449,0.104656540381102,0.0168773435769301,0.018637908072899,-0.209313080762203,0.0930280358943125,0.125661346855074
"Exp. 2","WSJX","FPF","Conservative",160,16,9,64,71,80,80,25,135,982.823749989271,822.75,"Conservative",NA,49,0.765625,0.2,0.1125,0,0,0.2,0.1125,0.371718388915604,1.02748042803072,0.1290504644179,0.142512397263364,-2.05496085606143,0.913315936027303,1.21333962248852
"Exp. 2","WSJX","FPF","Liberal",160,74,66,6,14,80,80,140,20,529.865624952316,416.5,"Liberal",NA,59,0.893939393939394,0.925,0.825,0,0,0.925,0.825,0.504942179864976,-1.18706038100597,0.691860038079672,0.764031598353396,2.37412076201194,-1.05516478311642,-0.93458929107348
"Exp. 2","WYQC","Baseline","Conservative",160,29,63,11,57,40,120,92,68,860.599375000014,800.29999999993,"Conservative",NA,NA,NA,0.725,0.525,0,0,0.725,0.525,0.535053348099265,-0.330233451992846,0.547594703687907,0.60471718798759,0.660466903985692,-0.293540846215863,-0.0627067779432138
"Exp. 2","WYQC","Baseline","Liberal",160,105,23,15,17,120,40,128,32,755.633749999992,697.800000000047,"Liberal",NA,NA,NA,0.875,0.575,0,0,0.875,0.575,0.961230954103215,-0.6697339033244,0.999054639357774,1.10327128456434,1.3394678066488,-0.595319025177245,-0.189118426272792
"Exp. 2","WYQC","Strategic","Conservative",160,24,43,16,77,40,120,67,93,791.916250000009,736.300000000047,"Conservative",NA,NA,NA,0.6,0.358333333333333,0,0,0.6,0.358333333333333,0.616264398275156,0.0547850960017781,0.543680939247285,0.600395158188836,-0.109570192003556,0.0486978631126917,0.362917295139356
"Exp. 2","WYQC","Strategic","Liberal",160,110,37,10,3,120,40,147,13,657.796250000005,585.750000000233,"Liberal",NA,NA,NA,0.916666666666667,0.925,0,0,0.916666666666667,0.925,-0.0565373438378178,-1.41126279901955,0.231368950349873,0.255504262734719,2.82252559803909,-1.25445582135071,-1.43953147093846
"Exp. 2","WYQC","FPF","Conservative",160,50,28,30,52,80,80,78,82,838.333750000007,784.850000000093,"Conservative",NA,25,0.833333333333333,0.625,0.35,0,0,0.625,0.35,0.703959830371943,0.0333405512215962,0.626895737090429,0.692290529367119,-0.0666811024431925,0.0296360455303078,0.385320466407568
"Exp. 2","WYQC","FPF","Liberal",160,68,69,12,11,80,80,137,23,590.058125000013,513.15000000014,"Liberal",NA,55,0.797101449275362,0.85,0.8625,0,0,0.85,0.8625,-0.0551869779403789,-1.06402687846398,0.163137095546455,0.18015478420613,2.12805375692796,-0.945801669745759,-1.09162036743417
"Exp. 2","XIWA","Baseline","Conservative",159,26,25,13,95,39,120,51,108,1921.08679244653,1532.90000009537,"Conservative",NA,NA,NA,0.666666666666667,0.208333333333333,0,0,0.666666666666667,0.208333333333333,1.24294510079537,0.190745251102228,1.08050154049539,1.19321434043128,-0.381490502204456,0.169551334313091,0.812217801499913
"Exp. 2","XIWA","Baseline","Liberal",160,51,6,69,34,120,40,57,103,2194.19499998838,1638.34999990463,"Liberal",NA,NA,NA,0.425,0.15,0,0,0.425,0.15,0.847314963220997,0.612775907883291,0.640028285322239,0.706793002792022,-1.22555181576658,0.544689695896259,1.03643338949379
"Exp. 2","XIWA","Strategic","Conservative",160,27,30,13,90,40,120,57,103,1725.59625000358,1330.39999997616,"Conservative",NA,NA,NA,0.675,0.25,0,0,0.675,0.25,1.12825194036596,0.110363780013101,0.993353990326745,1.09697597084321,-0.220727560026202,0.0981011377894232,0.674489750196082
"Exp. 2","XIWA","Strategic","Liberal",160,72,13,48,27,120,40,85,75,1808.95875000805,1362.39999997616,"Liberal",NA,NA,NA,0.6,0.325,0,0,0.6,0.325,0.707109293305679,0.10020754351704,0.616356855271703,0.680652281343475,-0.20041508703408,0.0890733720151465,0.453762190169879
"Exp. 2","XIWA","FPF","Conservative",160,53,24,27,56,80,80,77,83,1705.55250000805,1354.60000002384,"Conservative",NA,20,0.740740740740741,0.6625,0.3,0,0,0.6625,0.3,0.943696265749437,0.0525523798333223,0.838816163207829,0.926317489992881,-0.105104759666645,0.0467132265185087,0.524400512708041
"Exp. 2","XIWA","FPF","Liberal",160,65,26,15,54,80,80,91,69,1639.86375000328,1381.35000002385,"Liberal",NA,17,0.653846153846154,0.8125,0.325,0,0,0.8125,0.325,1.34090874918876,-0.216692184424498,1.25015631115478,1.38056669272923,0.433384368848997,-0.192615275043998,0.453762190169879
"Exp. 2","XOIY","Baseline","Conservative",160,21,6,19,114,40,120,27,133,1103.48999999762,988.899999976158,"Conservative",NA,NA,NA,0.525,0.05,0,0,0.525,0.05,1.70756040489469,0.791073424504129,1.37858967950439,1.52239762138704,-1.58214684900826,0.703176377337004,1.64485362695147
"Exp. 2","XOIY","Baseline","Liberal",160,24,2,96,38,120,40,26,134,1019.40812500194,891.300000011921,"Liberal",NA,NA,NA,0.2,0.05,0,0,0.2,0.05,0.803232393378558,1.24323743026219,0.474261667988264,0.523734397547462,-2.48647486052439,1.10509993801084,1.64485362695147
"Exp. 2","XOIY","Strategic","Conservative",160,14,10,26,110,40,120,24,136,875.153749999404,775.400000035763,"Conservative",NA,NA,NA,0.35,0.0833333333333333,0,0,0.35,0.0833333333333333,0.997673660693071,0.884157296754103,0.721074835272943,0.796293944733597,-1.76831459350821,0.785917597114758,1.38299412710064
"Exp. 2","XOIY","Strategic","Liberal",160,84,5,36,35,120,40,89,71,946.089999997616,866.349999964237,"Liberal",NA,NA,NA,0.7,0.125,0,0,0.7,0.125,1.67474989308405,0.312974433833984,1.44468001700885,1.59538218968122,-0.625948867667967,0.278199496741319,1.15034938037601
"Exp. 2","XOIY","FPF","Conservative",160,39,21,41,59,80,80,60,100,803.798125007748,774.799999952316,"Conservative",NA,27,0.658536585365854,0.4875,0.2625,0,0,0.4875,0.2625,0.604319031676156,0.333497497859505,0.477187628936639,0.526965580875107,-0.666994995719009,0.29644222031956,0.635657013697583
"Exp. 2","XOIY","FPF","Liberal",160,53,10,27,70,80,80,63,97,1007.47750000432,903.950000047683,"Liberal",NA,8,0.8,0.6625,0.125,0,0,0.6625,0.125,1.5696451334174,0.365526813667306,1.3395752573422,1.47931339960405,-0.731053627334612,0.324912723259828,1.15034938037601
"Exp. 2","YAVY","Baseline","Conservative",160,5,2,35,118,40,120,7,153,1166.71499999315,787.649999976158,"Conservative",NA,NA,NA,0.125,0.0166666666666667,0,0,0.125,0.0166666666666667,0.977695853808976,1.6391973072805,0.55208680697198,0.609677886197049,-3.27839461456099,1.45706427313822,2.12804523418498
"Exp. 2","YAVY","Baseline","Liberal",160,45,3,75,37,120,40,48,112,1440.26250001937,1007.15000009536,"Liberal",NA,NA,NA,0.375,0.075,0,0,0.375,0.075,1.12089210697408,0.879085417451415,0.832985812786389,0.919878945046974,-1.75817083490283,0.781409259956814,1.43953147093846
"Exp. 2","YAVY","Strategic","Conservative",159,24,14,15,106,39,120,38,121,1163.1786163423,1024.70000004768,"Conservative",NA,NA,NA,0.615384615384615,0.116666666666667,0,0,0.615384615384615,0.116666666666667,1.48519740380259,0.4492174697801,1.24683416946631,1.37689800096428,-0.898434939560201,0.399304417582312,1.19181617168139
"Exp. 2","YAVY","Strategic","Liberal",160,56,11,64,29,120,40,67,93,1257.05624999553,970.099999904633,"Liberal",NA,NA,NA,0.466666666666667,0.275,0,0,0.466666666666667,0.275,0.514108392135349,0.340705929974804,0.394556366926854,0.435714617222796,-0.681411859949608,0.302849715533159,0.597760126042478
"Exp. 2","YAVY","FPF","Conservative",160,55,33,25,47,80,80,88,72,1143.459375,961.550000071526,"Conservative",NA,19,0.76,0.6875,0.4125,0,0,0.6875,0.4125,0.70989512411224,-0.133828849058549,0.665671381512726,0.735111065248017,0.267657698117099,-0.118958976940933,0.221118712997571
"Exp. 2","YAVY","FPF","Liberal",160,62,44,18,36,80,80,106,54,1183.89437500089,1000.75,"Liberal",NA,31,0.704545454545455,0.775,0.55,0,0,0.775,0.55,0.629753679505395,-0.440538186607772,0.65488594887641,0.723200547393959,0.881076373215543,-0.391589499206908,-0.125661346855074
"Exp. 2","YBSJ","Baseline","Conservative",160,20,34,20,86,40,120,54,106,1172.58875000775,969.199999928475,"Conservative",NA,NA,NA,0.5,0.283333333333333,0,0,0.5,0.283333333333333,0.572967548495463,0.286483774247732,0.458374038796371,0.506189446173742,-0.572967548495463,0.254652243775762,0.572967548495463
"Exp. 2","YBSJ","Baseline","Liberal",160,77,12,43,28,120,40,89,71,1156.55187501162,939,"Liberal",NA,NA,NA,0.641666666666667,0.3,0,0,0.641666666666667,0.3,0.887317807847397,0.0807416087843422,0.782437705305789,0.864057898554193,-0.161483217568684,0.0717703189194153,0.524400512708041
"Exp. 2","YBSJ","Strategic","Conservative",160,25,74,15,46,40,120,99,61,818.948125007749,755,"Conservative",NA,NA,NA,0.625,0.616666666666667,0,0,0.625,0.616666666666667,0.0219015257044771,-0.307688601112137,0.0812490933564567,0.0897246137155119,0.615377202224273,-0.273500978766344,-0.296737838259898
"Exp. 2","YBSJ","Strategic","Liberal",160,90,21,30,19,120,40,111,49,898.838749992847,772.199999928474,"Liberal",NA,NA,NA,0.75,0.525,0,0,0.75,0.525,0.611782972252868,-0.368598264069648,0.624324327841511,0.689450882891908,0.737196528139296,-0.327642901395242,-0.0627067779432138
"Exp. 2","YBSJ","FPF","Conservative",160,37,14,43,66,80,80,51,109,848.32187499851,780.949999928475,"Conservative",NA,31,0.720930232558139,0.4625,0.175,0,0,0.4625,0.175,0.840451876749944,0.514363352698508,0.653534018535248,0.721707590086745,-1.02872670539702,0.457211869065341,0.93458929107348
"Exp. 2","YBSJ","FPF","Liberal",160,58,26,22,54,80,80,84,76,727.970624999702,686.449999928474,"Liberal",NA,17,0.653846153846154,0.725,0.325,0,0,0.725,0.325,1.05152231621236,-0.0719989679362996,0.960769878178382,1.06099283853983,0.143997935872599,-0.0639990826100441,0.453762190169879
"Exp. 2","YFXE","Baseline","Conservative",160,25,12,15,108,40,120,37,123,2249.56937499754,1693.55000001192,"Conservative",NA,NA,NA,0.625,0.1,0,0,0.625,0.1,1.60019092950898,0.481456100790113,1.34388061640006,1.48406787331464,-0.962912201580226,0.4279609784801,1.2815515655446
"Exp. 2","YFXE","Baseline","Liberal",160,45,2,75,38,120,40,47,113,1665.34437500164,1199.95000001788,"Liberal",NA,NA,NA,0.375,0.05,0,0,0.375,0.05,1.3262142629871,0.981746495457924,0.997243537596803,1.10127125725094,-1.96349299091585,0.872663551518155,1.64485362695147
"Exp. 2","YFXE","Strategic","Conservative",160,31,12,9,108,40,120,43,117,1857.81500000097,1431.44999998808,"Conservative",NA,NA,NA,0.775,0.1,0,0,0.775,0.1,2.03696659190507,0.263068269592066,1.78065627879615,1.96640590282216,-0.526136539184132,0.233838461859614,1.2815515655446
"Exp. 2","YFXE","Strategic","Liberal",160,100,7,20,33,120,40,107,53,1671.31437500417,1304.90000000596,"Liberal",NA,NA,NA,0.833333333333333,0.175,0,0,0.833333333333333,0.175,1.90201085717518,-0.0164161375141106,1.71509299896049,1.89400337235492,0.0328322750282212,-0.014592122234765,0.93458929107348
"Exp. 2","YFXE","FPF","Conservative",159,59,27,21,52,80,79,86,73,1658.26037735684,1214.09999996424,"Conservative",NA,14,0.666666666666667,0.7375,0.341772151898734,0,0,0.7375,0.341772151898734,1.04328841936346,-0.114012804015854,0.961762138230282,1.06208860645778,0.228025608031708,-0.101344714680759,0.407631405665874
"Exp. 2","YFXE","FPF","Liberal",160,70,23,10,57,80,80,93,67,1895.68187499978,1489.29999998212,"Liberal",NA,17,0.739130434782609,0.875,0.2875,0,0,0.875,0.2875,1.71105241225109,-0.294823174250462,1.59891180587607,1.76570270781984,0.589646348500925,-0.262065043778189,0.560703031875083
"Exp. 2","YHZS","Baseline","Conservative",159,11,11,29,108,40,119,22,137,881.690566062927,790.300000190735,"Conservative",NA,NA,NA,0.275,0.092436974789916,0,0,0.275,0.092436974789916,0.728136473275725,0.961828362680341,0.462957153412084,0.511250649585633,-1.92365672536068,0.854958544604747,1.3258965993182
"Exp. 2","YHZS","Baseline","Liberal",160,62,7,58,33,120,40,69,91,1194.44062500596,1037.09999990463,"Liberal",NA,NA,NA,0.516666666666667,0.175,0,0,0.516666666666667,0.175,0.976378588889934,0.446399996628513,0.789460730675238,0.8718135326463,-0.892799993257026,0.396799997003123,0.93458929107348
"Exp. 2","YHZS","Strategic","Conservative",160,9,14,31,106,40,120,23,137,845.719374966622,724.449999809265,"Conservative",NA,NA,NA,0.225,0.116666666666667,0,0,0.225,0.116666666666667,0.436401145320925,0.973615599020932,0.198037910984646,0.218696287307091,-1.94723119804186,0.865436088018606,1.19181617168139
"Exp. 2","YHZS","Strategic","Liberal",160,102,23,18,17,120,40,125,35,1176.37687496543,1006.5499997139,"Liberal",NA,NA,NA,0.85,0.575,0,0,0.85,0.575,0.847314963220997,-0.612775907883291,0.885138648475555,0.977472117389827,1.22555181576658,-0.544689695896259,-0.189118426272792
"Exp. 2","YHZS","FPF","Conservative",160,53,20,27,60,80,80,73,87,939.201249998808,865.799999713898,"Conservative",NA,16,0.592592592592593,0.6625,0.25,0,0,0.6625,0.25,1.09378550323748,0.127596998577343,0.958887553198261,1.0589141583386,-0.255193997154686,0.113419554290971,0.674489750196082
"Exp. 2","YHZS","FPF","Liberal",160,38,18,42,62,80,80,56,104,874.975000023842,829.550000190735,"Liberal",NA,13,0.722222222222222,0.475,0.225,0,0,0.475,0.225,0.692708248417256,0.409060902151842,0.541625243145162,0.5981250216118,-0.818121804303683,0.363609690801637,0.755415026360469
"Exp. 2","YIRJ","Baseline","Conservative",160,30,9,10,111,40,120,39,121,1239.12312498391,987.899999856949,"Conservative",NA,NA,NA,0.75,0.075,0,0,0.75,0.075,2.11402122113454,0.382520860371187,1.82611492694685,2.01660658170797,-0.765041720742374,0.340018542552166,1.43953147093846
"Exp. 2","YIRJ","Baseline","Liberal",159,79,2,40,38,119,40,81,78,1129.91320752798,1004.2999997139,"Liberal",NA,NA,NA,0.663865546218487,0.05,0,0,0.663865546218487,0.05,2.06788974758989,0.610908753156527,1.7389190221996,1.92031481342081,-1.22181750631305,0.543030002805802,1.64485362695147
"Exp. 2","YIRJ","Strategic","Conservative",160,37,9,3,111,40,120,46,114,1053.27374998927,946.099999904633,"Conservative",NA,NA,NA,0.925,0.075,0,0,0.925,0.075,2.87906294187691,-1.11022302462516e-16,2.59115664768922,2.86145382903304,2.22044604925031e-16,-9.86864910777917e-17,1.43953147093846
"Exp. 2","YIRJ","Strategic","Liberal",160,94,1,26,39,120,40,95,65,1080.34687503576,978,"Liberal",NA,NA,NA,0.783333333333333,0.025,0,0,0.783333333333333,0.025,2.74346435992983,0.58823180457514,2.35147156302182,2.59676593226104,-1.17646360915028,0.522872715177902,1.95996398454005
"Exp. 2","YIRJ","FPF","Conservative",160,62,10,18,70,80,80,72,88,897.902499997616,838.450000047683,"Conservative",NA,18,1,0.775,0.125,0,0,0.775,0.125,1.90576440673648,0.197467177007769,1.67569453066128,1.85049504256198,-0.394934354015539,0.175526379562462,1.15034938037601
"Exp. 2","YIRJ","FPF","Liberal",160,70,10,10,70,80,80,80,80,883.155000013113,846.099999904633,"Liberal",NA,10,1,0.875,0.125,0,0,0.875,0.125,2.30069876075202,0,2.07062888467681,2.28662707669518,0,0,1.15034938037601
"Exp. 2","YMEK","Baseline","Conservative",159,19,16,20,104,39,120,35,124,1333.61320756516,886.699999809265,"Conservative",NA,NA,NA,0.487179487179487,0.133333333333333,0,0,0.487179487179487,0.133333333333333,1.07862982330945,0.571456704982062,0.85647549998209,0.945818965087394,-1.14291340996412,0.507961515539611,1.11077161663679
"Exp. 2","YMEK","Baseline","Liberal",159,71,6,48,34,119,40,77,82,1640.08679240605,1277.89999961853,"Liberal",NA,NA,NA,0.596638655462185,0.15,0,0,0.596638655462185,0.15,1.28108953229583,0.395888623345876,1.07380285439707,1.18581687914595,-0.791777246691752,0.351900998529668,1.03643338949379
"Exp. 2","YMEK","Strategic","Conservative",160,14,12,26,108,40,120,26,134,1047.53312503099,807.099999904633,"Conservative",NA,NA,NA,0.35,0.1,0,0,0.35,0.1,0.896231099137033,0.833436015976084,0.639920786028113,0.706674289680999,-1.66687203195217,0.740832014200964,1.2815515655446
"Exp. 2","YMEK","Strategic","Liberal",160,88,13,32,27,120,40,101,59,1193.79562500715,933.85000038147,"Liberal",NA,NA,NA,0.733333333333333,0.325,0,0,0.733333333333333,0.325,1.07668791337997,-0.0845817665201042,0.985935475345991,1.08878359153787,0.169163533040208,-0.0751837924623149,0.453762190169879
"Exp. 2","YMEK","FPF","Conservative",160,53,22,27,58,80,80,75,85,1089.44062498212,893.549999713897,"Conservative",NA,23,0.851851851851852,0.6625,0.275,0,0,0.6625,0.275,1.01705587908387,0.0892321865005412,0.897503853875379,0.991127202415142,-0.178464373001082,0.0793174991115922,0.597760126042478
"Exp. 2","YMEK","FPF","Liberal",160,64,27,16,53,80,80,91,69,1236.17750005722,1010.40000009537,"Liberal",NA,18,0.666666666666667,0.8,0.3375,0,0,0.8,0.3375,1.26091698661431,-0.211162740265759,1.17705783600603,1.29984293108502,0.422325480531518,-0.187700213569564,0.419295753041396
"Exp. 2","YRMB","Baseline","Conservative",160,29,21,11,99,40,120,50,110,2013.48499997854,1536.09999990463,"Conservative",NA,NA,NA,0.725,0.175,0,0,0.725,0.175,1.53234941711596,0.168414582515501,1.34543155890126,1.48578060278726,-0.336829165031002,0.14970185112489,0.93458929107348
"Exp. 2","YRMB","Baseline","Liberal",158,61,3,57,37,118,40,64,94,1629.96898741058,1374.4500002861,"Liberal",NA,NA,NA,0.516949152542373,0.075,0,0,0.516949152542373,0.075,1.48202948494462,0.698516728466143,1.19412319075693,1.31868846276653,-1.39703345693229,0.620903758636572,1.43953147093846
"Exp. 2","YRMB","Strategic","Conservative",160,32,22,8,98,40,120,54,106,1236.61999998689,1110.60000038147,"Conservative",NA,NA,NA,0.8,0.183333333333333,0,0,0.8,0.183333333333333,1.74435602521678,0.0305567790354752,1.56380906688801,1.72693821746124,-0.0611135580709503,0.0271615813648668,0.902734791643865
"Exp. 2","YRMB","Strategic","Liberal",160,89,15,31,25,120,40,104,56,1174.08000001907,999.89999961853,"Liberal",NA,NA,NA,0.741666666666667,0.375,0,0,0.741666666666667,0.375,0.967131544557232,-0.164926408314241,0.903403671764357,0.997642461345577,0.329852816628482,-0.146601251834881,0.318639363964375
"Exp. 2","YRMB","FPF","Conservative",160,61,16,19,64,80,80,77,83,1079.00687505007,996,"Conservative",NA,14,0.736842105263158,0.7625,0.2,0,0,0.7625,0.2,1.5559886738531,0.0636268966463634,1.38766442713852,1.53241900368684,-0.127253793292727,0.0565572414634341,0.841621233572914
"Exp. 2","YRMB","FPF","Liberal",160,66,19,14,61,80,80,85,75,1156.56187500954,993.549999713897,"Liberal",NA,17,0.894736842105263,0.825,0.2375,0,0,0.825,0.2375,1.64895673135367,-0.110110925396646,1.50608324329763,1.66319070953112,0.220221850793292,-0.0978763781303521,0.714367440280188
"Exp. 2","ZESX","Baseline","Conservative",160,21,27,19,93,40,120,48,112,1095.79250000014,928.400000000373,"Conservative",NA,NA,NA,0.525,0.225,0,0,0.525,0.225,0.818121804303683,0.346354124208628,0.667038799031589,0.736621125281913,-0.692708248417256,0.307870332629891,0.755415026360469
"Exp. 2","ZESX","Baseline","Liberal",160,33,4,87,36,120,40,37,123,863.685000000196,767.10000000149,"Liberal",NA,NA,NA,0.275,0.1,0,0,0.275,0.1,0.683791439502122,0.93965584579354,0.427481126393202,0.472073931557957,-1.87931169158708,0.835249640705369,1.2815515655446
"Exp. 2","ZESX","Strategic","Conservative",160,22,23,18,97,40,120,45,115,932.143750000023,801.200000001118,"Conservative",NA,NA,NA,0.55,0.191666666666667,0,0,0.55,0.191666666666667,0.997432319045033,0.373054812667442,0.823078124607041,0.908937733791783,-0.746109625334885,0.331604277926615,0.871770972189959
"Exp. 2","ZESX","Strategic","Liberal",160,88,21,32,19,120,40,109,51,885.026875000098,759.849999999627,"Liberal",NA,NA,NA,0.733333333333333,0.525,0,0,0.733333333333333,0.525,0.560218945266874,-0.342816250576651,0.572760300855517,0.632507940985629,0.685632501153302,-0.304725556068134,-0.0627067779432138
"Exp. 2","ZESX","FPF","Conservative",160,46,8,34,72,80,80,54,106,948.4025000002,824.900000002235,"Conservative",NA,30,0.882352941176471,0.575,0.1,0,0,0.575,0.1,1.47066999181739,0.546216569635904,1.21435967870847,1.34103592523537,-1.09243313927181,0.485525839676359,1.2815515655446
"Exp. 2","ZESX","FPF","Liberal",160,57,42,23,38,80,80,99,61,774.11250000007,709.70000000298,"Liberal",NA,30,0.714285714285714,0.7125,0.525,0,0,0.7125,0.525,0.497996253931869,-0.311704904909149,0.510537609520512,0.563794473379543,0.623409809818297,-0.27707102658591,-0.0627067779432138
"Exp. 2","ZFDJ","Baseline","Conservative",160,21,7,19,113,40,120,28,132,1160.4868750751,943.999999761582,"Conservative",NA,NA,NA,0.525,0.0583333333333333,0,0,0.525,0.0583333333333333,1.63162641044214,0.753106427277856,1.31784248394235,1.45531356628021,-1.50621285455571,0.669427935358095,1.56891963249893
"Exp. 2","ZFDJ","Baseline","Liberal",160,99,2,21,38,120,40,101,59,1154.22937506437,968.799999952316,"Liberal",NA,NA,NA,0.825,0.05,0,0,0.825,0.05,2.57944291802495,0.355132167938996,2.25047219263466,2.48523078621651,-0.710264335877993,0.315673038167997,1.64485362695147
"Exp. 2","ZFDJ","Strategic","Conservative",160,24,14,16,106,40,120,38,122,1045.69375008047,933.350000143051,"Conservative",NA,NA,NA,0.6,0.116666666666667,0,0,0.6,0.116666666666667,1.44516327481719,0.469234534272797,1.20680004048092,1.33268770137494,-0.938469068545595,0.417097363798042,1.19181617168139
"Exp. 2","ZFDJ","Strategic","Liberal",160,98,7,22,33,120,40,105,55,1128.26625008583,931.150000333786,"Liberal",NA,NA,NA,0.816666666666667,0.175,0,0,0.816666666666667,0.175,1.83732408271734,0.0159272497148077,1.65040622450265,1.82256878015253,-0.0318544994296155,0.0141575553020513,0.93458929107348
"Exp. 2","ZFDJ","FPF","Conservative",160,65,9,15,71,80,80,74,86,1106.0831250459,986,"Conservative",NA,11,0.733333333333333,0.8125,0.1125,0,0,0.8125,0.1125,2.10048618150739,0.163096531734821,1.85781825700969,2.05161705291292,-0.326193063469642,0.144974694875396,1.21333962248852
"Exp. 2","ZFDJ","FPF","Liberal",160,54,16,26,64,80,80,70,90,1066.97875007689,957.550000190735,"Liberal",NA,14,0.875,0.675,0.2,0,0,0.675,0.2,1.29538342374279,0.193929521701517,1.12705917702821,1.24462864895886,-0.387859043403035,0.172381797068015,0.841621233572914
"Exp. 2","ZQKO","Baseline","Conservative",160,14,6,26,114,40,120,20,140,1342.9087500453,1028.55000019073,"Conservative",NA,NA,NA,0.35,0.05,0,0,0.35,0.05,1.25953316054391,1.01508704667952,0.930562435153611,1.02763429821939,-2.03017409335904,0.902299597048462,1.64485362695147
"Exp. 2","ZQKO","Baseline","Liberal",160,24,1,96,39,120,40,25,135,1241.07437502146,954.499999523163,"Liberal",NA,NA,NA,0.2,0.025,0,0,0.2,0.025,1.11834275096714,1.40079260905648,0.726349954059129,0.802119338911443,-2.80158521811297,1.24514898582799,1.95996398454005
"Exp. 2","ZQKO","Strategic","Conservative",160,14,4,26,116,40,120,18,142,1057.19375,835.699999809265,"Conservative",NA,NA,NA,0.35,0.0333333333333333,0,0,0.35,0.0333333333333333,1.44859416940835,1.10961755111174,1.08181124224516,1.19466066406059,-2.21923510222348,0.986326712099325,1.83391463581591
"Exp. 2","ZQKO","Strategic","Liberal",160,49,5,71,35,120,40,54,106,1223.05562494993,1002.84999990463,"Liberal",NA,NA,NA,0.408333333333333,0.125,0,0,0.408333333333333,0.125,0.918515017922998,0.691091871414509,0.688445141847796,0.760260476330664,-1.38218374282902,0.614303885701786,1.15034938037601
"Exp. 2","ZQKO","FPF","Conservative",160,37,6,43,74,80,80,43,117,1458.59374998808,1143.85000038147,"Conservative",NA,35,0.813953488372093,0.4625,0.075,0,0,0.4625,0.075,1.34539405661492,0.766834442630996,1.05748776242723,1.16779987410314,-1.53366888526199,0.681630615671996,1.43953147093846
"Exp. 2","ZQKO","FPF","Liberal",160,43,7,37,73,80,80,50,110,1413.14562495351,1196.30000019073,"Liberal",NA,5,0.714285714285714,0.5375,0.0875,0,0,0.5375,0.0875,1.45044915965878,0.631087165505855,1.17918681059173,1.30219399020976,-1.26217433101171,0.560966369338538,1.35631174533525
"Exp. 2","aoox","Baseline","Conservative",160,28,48,12,72,40,120,76,84,1554.3562500082,1189.40000000596,"Conservative",NA,NA,NA,0.7,0.4,0,0,0.7,0.4,0.77774761584384,-0.13552670478612,0.72707819521668,0.802923546735232,0.271053409572241,-0.120468182032107,0.2533471031358
"Exp. 2","aoox","Baseline","Liberal",159,63,9,56,31,119,40,72,87,1350.99119497358,992.399999976158,"Liberal",NA,NA,NA,0.529411764705882,0.225,0,0,0.529411764705882,0.225,0.829206300168742,0.340811876276098,0.678123294896648,0.748861903223401,-0.681623752552197,0.302943890023199,0.755415026360469
"Exp. 2","aoox","Strategic","Conservative",160,29,47,11,73,40,120,76,84,1120.40187500529,961.249999970197,"Conservative",NA,NA,NA,0.725,0.391666666666667,0,0,0.725,0.391666666666667,0.872737875011483,-0.161391188536737,0.817742325217682,0.903045329097821,0.322782377073474,-0.143458834254877,0.274977748969005
"Exp. 2","aoox","Strategic","Liberal",160,101,21,19,19,120,40,122,38,1277.51812500581,1033.60000002384,"Liberal",NA,NA,NA,0.841666666666667,0.525,0,0,0.841666666666667,0.525,0.938624519582479,-0.532019037734453,0.951165875171122,1.05038699145464,1.06403807546891,-0.472905811319514,-0.0627067779432138
"Exp. 2","aoox","FPF","Conservative",160,57,25,23,55,80,80,82,78,1035.95562500544,927.300000011921,"Conservative",NA,17,0.739130434782609,0.7125,0.3125,0,0,0.7125,0.3125,1.04947944298975,-0.0359633103802069,0.951724160766819,1.05100351475782,0.0719266207604139,-0.0319673870046284,0.488776411114669
"Exp. 2","aoox","FPF","Liberal",160,57,39,23,41,80,80,96,64,1054.66750000566,951.09999999404,"Liberal",NA,26,0.666666666666667,0.7125,0.4875,0,0,0.7125,0.4875,0.59204101389651,-0.264682524926828,0.585773417492225,0.646878524277446,0.529365049853657,-0.235273355490514,0.0313379820214266
"Exp. 2","exew","Baseline","Conservative",159,23,47,17,72,40,119,70,89,1619.48993711052,1446,"Conservative",NA,NA,NA,0.575,0.394957983193277,0,0,0.575,0.394957983193277,0.455538163322468,0.0386506553884415,0.402254215912533,0.444215469332618,-0.0773013107768831,0.0343561381230592,0.266419737049675
"Exp. 2","exew","Baseline","Liberal",160,92,18,28,22,120,40,110,50,1492.51187498719,1166.29999995231,"Liberal",NA,NA,NA,0.766666666666667,0.45,0,0,0.766666666666667,0.45,0.853574637736718,-0.301125972013285,0.828442368365704,0.914861550036848,0.60225194402657,-0.267667530678476,0.125661346855074
"Exp. 2","exew","Strategic","Conservative",160,21,45,19,75,40,120,66,94,1283.19374998957,1081.64999997615,"Conservative",NA,NA,NA,0.525,0.375,0,0,0.525,0.375,0.381346141907589,0.127966293010581,0.317618269114714,0.350750701675892,-0.255932586021161,0.113747816009405,0.318639363964375
"Exp. 2","exew","Strategic","Liberal",160,91,23,29,17,120,40,114,46,1162.65562499613,1012.95000004769,"Liberal",NA,NA,NA,0.758333333333333,0.575,0,0,0.758333333333333,0.575,0.511832993311419,-0.445034922928502,0.549656678565978,0.606994258312723,0.890069845857004,-0.395586598158669,-0.189118426272792
"Exp. 2","exew","FPF","Conservative",160,57,36,23,44,80,80,93,67,1143.86750000417,1016.85000002385,"Conservative",NA,18,0.782608695652174,0.7125,0.45,0,0,0.7125,0.45,0.686364378730157,-0.217520842510005,0.661232109359142,0.730208709262199,0.435041685020009,-0.193351860008893,0.125661346855074
"Exp. 2","exew","FPF","Liberal",160,60,37,20,43,80,80,97,63,1046.41125000566,966.25,"Liberal",NA,30,0.810810810810811,0.75,0.4625,0,0,0.75,0.4625,0.768627164519618,-0.290176167936273,0.749799681654911,0.828015230955859,0.580352335872545,-0.257934371498909,0.0941374143235364
"Exp. 2","jmnd","Baseline","Conservative",160,21,10,19,110,40,120,31,129,1083.66062500477,815.900000572204,"Conservative",NA,NA,NA,0.525,0.0833333333333333,0,0,0.525,0.0833333333333333,1.44570090504385,0.660143674578712,1.16910207962372,1.29105726790125,-1.32028734915742,0.5867943774033,1.38299412710064
"Exp. 2","jmnd","Baseline","Liberal",160,50,4,70,36,120,40,54,106,1159.64500002861,877.800000190735,"Liberal",NA,NA,NA,0.416666666666667,0.1,0,0,0.416666666666667,0.1,1.07112317129668,0.745989979896263,0.814812858187756,0.899810273950814,-1.49197995979253,0.663102204352234,1.2815515655446
"Exp. 2","jmnd","Strategic","Conservative",159,11,38,29,81,40,119,49,110,1516.20628927339,847.199999809265,"Conservative",NA,NA,NA,0.275,0.319327731092437,0,0,0.275,0.319327731092437,-0.128180609866461,0.533669821109248,-0.222096513101665,-0.24526456877719,-1.0673396422185,0.474373174319331,0.469579516176017
"Exp. 2","jmnd","Strategic","Liberal",159,81,13,38,27,119,40,94,65,1509.00628931417,986.89999961853,"Liberal",NA,NA,NA,0.680672268907563,0.325,0,0,0.680672268907563,0.325,0.923341706345896,-0.00790866300306883,0.83258926831192,0.919441034932252,0.0158173260061377,-0.00702992266939452,0.453762190169879
"Exp. 2","jmnd","FPF","Conservative",160,42,29,38,51,80,80,71,89,1019.04625002742,852.150000095367,"Conservative",NA,28,0.736842105263158,0.525,0.3625,0,0,0.525,0.3625,0.41449112287837,0.144538783495971,0.344134253891339,0.380032708318492,-0.289077566991942,0.128478918663086,0.351784344935156
"Exp. 2","jmnd","FPF","Liberal",160,53,26,27,54,80,80,79,81,1067.1637499392,956.199999809265,"Liberal",NA,20,0.769230769230769,0.6625,0.325,0,0,0.6625,0.325,0.873057943211275,0.0172332185642416,0.782305505177299,0.863911907934829,-0.0344664371284833,0.0153184165015481,0.453762190169879
"Exp. 2","jocc","Baseline","Conservative",160,14,8,26,112,40,120,22,138,1101.8456249848,988.149999976158,"Conservative",NA,NA,NA,0.35,0.0666666666666667,0,0,0.35,0.0666666666666667,1.11576547963646,0.943203206225796,0.815548290427652,0.900622422996578,-1.88640641245159,0.838402849978485,1.50108594604402
"Exp. 2","jocc","Baseline","Liberal",160,84,4,36,36,120,40,88,72,1287.97937498093,1062.59999996424,"Liberal",NA,NA,NA,0.7,0.1,0,0,0.7,0.1,1.80595207825264,0.37857552641828,1.54964176514372,1.7112930499414,-0.75715105283656,0.336511579038471,1.2815515655446
"Exp. 2","jocc","Strategic","Conservative",160,25,15,15,105,40,120,40,120,1066.07937497348,941.850000023842,"Conservative",NA,NA,NA,0.625,0.125,0,0,0.625,0.125,1.46898874434038,0.415855008205816,1.23891886826518,1.36815701305446,-0.831710016411633,0.369648896182948,1.15034938037601
"Exp. 2","jocc","Strategic","Liberal",160,109,12,11,28,120,40,121,39,1297.05499998182,1033.05000001193,"Liberal",NA,NA,NA,0.908333333333333,0.3,0,0,0.908333333333333,0.3,1.85496202588694,-0.403080500235428,1.75008192334533,1.93264217551027,0.806161000470856,-0.358293777987047,0.524400512708041
"Exp. 2","jocc","FPF","Conservative",160,69,14,11,66,80,80,83,77,1290.32124998197,1052.80000001192,"Conservative",NA,9,0.818181818181818,0.8625,0.175,0,0,0.8625,0.175,2.02620965850765,-0.078515538180344,1.83929180029295,2.03115800403303,0.157031076360688,-0.0697915894936391,0.93458929107348
"Exp. 2","jocc","FPF","Liberal",160,61,16,19,64,80,80,77,83,1100.30562498122,954.75,"Liberal",NA,15,0.9375,0.7625,0.2,0,0,0.7625,0.2,1.5559886738531,0.0636268966463634,1.38766442713852,1.53241900368684,-0.127253793292727,0.0565572414634341,0.841621233572914
"Exp. 2","ptqy","Baseline","Conservative",160,21,35,19,85,40,120,56,104,1065.23187499531,869.64999999106,"Conservative",NA,NA,NA,0.525,0.291666666666667,0,0,0.525,0.291666666666667,0.611229060641312,0.242907752377442,0.501524604101692,0.553841273950331,-0.485815504754884,0.215918002113282,0.548522282698098
"Exp. 2","ptqy","Baseline","Liberal",160,42,10,78,30,120,40,52,108,1049.1981249949,848.20000000298,"Liberal",NA,NA,NA,0.35,0.25,0,0,0.35,0.25,0.289169283788514,0.529905108301825,0.154271333749298,0.170364188155369,-1.05981021660365,0.471026762934955,0.674489750196082
"Exp. 2","ptqy","Strategic","Conservative",160,20,25,20,95,40,120,45,115,1067.49687499572,736.79999999702,"Conservative",NA,NA,NA,0.5,0.208333333333333,0,0,0.5,0.208333333333333,0.812217801499913,0.406108900749956,0.64977424119993,0.717555610598337,-0.812217801499913,0.360985689555517,0.812217801499913
"Exp. 2","ptqy","Strategic","Liberal",159,105,18,15,21,120,39,123,36,992.918867921304,767.90000000596,"Liberal",NA,NA,NA,0.875,0.461538461538462,0,0,0.875,0.461538461538462,1.24690799566565,-0.526895382543184,1.22759627260772,1.35565329787864,1.05379076508637,-0.468351451149497,0.0965586152896391
"Exp. 2","ptqy","FPF","Conservative",160,43,19,37,61,80,80,62,98,1194.62562499587,925.64999999106,"Conservative",NA,25,0.675675675675676,0.5375,0.2375,0,0,0.5375,0.2375,0.808504854603724,0.310115012978326,0.665631366547686,0.735066876111466,-0.620230025956651,0.275657789314067,0.714367440280188
"Exp. 2","ptqy","FPF","Liberal",160,51,38,29,42,80,80,89,71,1145.61624999456,871.5,"Liberal",NA,29,0.763157894736842,0.6375,0.475,0,0,0.6375,0.475,0.41449112287837,-0.144538783495971,0.401949767289727,0.44387926207234,0.289077566991942,-0.128478918663085,0.0627067779432138
"Exp. 2","xjwa","Baseline","Conservative",160,9,12,31,108,40,120,21,139,1271.79624998271,1087.34999996424,"Conservative",NA,NA,NA,0.225,0.1,0,0,0.225,0.1,0.526136539184132,1.01848329595254,0.269826226075211,0.297973219205021,-2.03696659190507,0.905318485291142,1.2815515655446
"Exp. 2","xjwa","Baseline","Liberal",159,77,1,43,38,120,39,78,81,1273.33836476158,1091.5,"Liberal",NA,NA,NA,0.641666666666667,0.0256410256410256,0,0,0.641666666666667,0.0256410256410256,2.31202929207924,0.793097350900266,1.92220689269127,2.12272240591485,-1.58619470180053,0.704975423022459,1.94911199693989
"Exp. 2","xjwa","Strategic","Conservative",160,15,4,25,116,40,120,19,141,1356.28687497675,1147.44999992847,"Conservative",NA,NA,NA,0.375,0.0333333333333333,0,0,0.375,0.0333333333333333,1.51527527185154,1.07627699989014,1.14849234468836,1.26829762309214,-2.15255399978029,0.956690666569018,1.83391463581591
"Exp. 2","xjwa","Strategic","Liberal",160,70,7,50,33,120,40,77,83,1428.88062498495,1183.54999995231,"Liberal",NA,NA,NA,0.583333333333333,0.175,0,0,0.583333333333333,0.175,1.14501768532141,0.362080448412778,0.958099827106709,1.05804426039441,-0.724160896825555,0.321849287478025,0.93458929107348
"Exp. 2","xjwa","FPF","Conservative",160,36,10,44,70,80,80,46,114,1221.29999998882,1161.44999998808,"Conservative",NA,32,0.727272727272727,0.45,0.125,0,0,0.45,0.125,1.02468803352093,0.638005363615541,0.794618157445732,0.877508957735149,-1.27601072723108,0.56711587876937,1.15034938037601
"Exp. 2","xjwa","FPF","Liberal",160,52,13,28,67,80,80,65,95,1397.04874997959,1261.19999992847,"Liberal",NA,11,0.846153846153846,0.65,0.1625,0,0,0.65,0.1625,1.36955542685389,0.299457247019379,1.17270843476463,1.29503982091902,-0.598914494038757,0.266184219572781,0.984234960446325
"Exp. 3","BFTW","Strategic","Conservative",160,39,4,41,76,80,80,43,117,1202.94624999464,1054.34999990463,"Conservative",NA,NA,NA,0.4875,0.05,0,0,0.4875,0.05,1.61351564493005,0.83809580448645,1.28454491953975,1.41854255776466,-1.6761916089729,0.7449740484324,1.64485362695147
"Exp. 3","BFTW","Strategic","Liberal",160,33,6,47,74,80,80,39,121,1007.61812500209,903.799999952317,"Liberal",NA,NA,NA,0.4125,0.075,0,0,0.4125,0.075,1.21841275794089,0.830325091968013,0.930506463753194,1.02757248814774,-1.66065018393603,0.738066748416012,1.43953147093846
"Exp. 3","BFTW","FPF","Conservative",160,53,10,27,70,80,80,63,97,1354.314375,1209.1,"Conservative",NA,20,0.740740740740741,0.6625,0.125,0,0,0.6625,0.125,1.5696451334174,0.365526813667306,1.3395752573422,1.47931339960405,-0.731053627334612,0.324912723259828,1.15034938037601
"Exp. 3","BFTW","FPF","Liberal",160,48,31,32,49,80,80,79,81,1226.54125,1044.1,"Liberal",NA,21,0.67741935483871,0.6,0.3875,0,0,0.6,0.3875,0.539187978016965,0.0162468858726829,0.482019803040732,0.53230182448085,-0.0324937717453658,0.0144416763312737,0.285840874881166
"Exp. 3","BKGH","Strategic","Conservative",159,38,18,42,61,80,79,56,103,2035.58679244803,1516.90000009537,"Conservative",NA,NA,NA,0.475,0.227848101265823,0,0,0.475,0.227848101265823,0.683245567768132,0.40432956182728,0.534055098625863,0.589765195493067,-0.80865912365456,0.359404054957582,0.745952345711346
"Exp. 3","BKGH","Strategic","Liberal",160,34,10,46,70,80,80,44,116,1574.3162499845,1240.34999966621,"Liberal",NA,NA,NA,0.425,0.125,0,0,0.425,0.125,0.961230954103215,0.6697339033244,0.731161078028014,0.807432336531635,-1.3394678066488,0.595319025177245,1.15034938037601
"Exp. 3","BKGH","FPF","Conservative",159,45,14,35,65,80,79,59,100,2685.18301886792,2149.1,"Conservative",NA,27,0.771428571428571,0.5625,0.177215189873418,0,0,0.5625,0.177215189873418,1.08334070408724,0.384359667433452,0.89813470019183,0.991823855629585,-0.768719334866903,0.341653037718624,0.926030019477074
"Exp. 3","BKGH","FPF","Liberal",160,47,25,33,55,80,80,72,88,2329.893125,1491.35,"Liberal",NA,23,0.92,0.5875,0.3125,0,0,0.5875,0.3125,0.70989512411224,0.133828849058549,0.612139841889306,0.675995369110513,-0.267657698117099,0.118958976940933,0.488776411114669
"Exp. 3","BPVX","Strategic","Conservative",159,21,21,59,58,80,79,42,117,2103.14779874664,1390.40000009537,"Conservative",NA,NA,NA,0.2625,0.265822784810127,0,0,0.2625,0.265822784810127,-0.0101610087251456,0.63057650933501,-0.135260209719633,-0.149369913765429,-1.26115301867002,0.560512452742231,0.625496004972437
"Exp. 3","BPVX","Strategic","Liberal",160,12,6,68,74,80,80,18,142,1735.47687501013,1164.09999990463,"Liberal",NA,NA,NA,0.15,0.075,0,0,0.15,0.075,0.403098081444666,1.23798243021612,0.115191787256975,0.127208048580768,-2.47596486043224,1.10042882685878,1.43953147093846
"Exp. 3","BPVX","FPF","Conservative",160,25,10,55,70,80,80,35,125,1366.00375,1106.3,"Conservative",NA,42,0.763636363636364,0.3125,0.125,0,0,0.3125,0.125,0.661572969261338,0.819562895745339,0.431503093186137,0.476515450865618,-1.63912579149068,0.728500351773634,1.15034938037601
"Exp. 3","BPVX","FPF","Liberal",160,36,27,44,53,80,80,63,97,1231.965625,1027.5,"Liberal",NA,19,0.703703703703704,0.45,0.3375,0,0,0.45,0.3375,0.293634406186322,0.272478549948235,0.209775255578043,0.231658016062242,-0.54495709989647,0.242203155509542,0.419295753041396
"Exp. 3","BRCW","Strategic","Conservative",159,29,8,50,72,79,80,37,122,1318.54339622851,1135.20000004768,"Conservative",NA,NA,NA,0.367088607594937,0.1,0,0,0.367088607594937,0.1,0.941977372199365,0.810562879444918,0.685667059090445,0.757192597146098,-1.62112575888984,0.720500337284372,1.2815515655446
"Exp. 3","BRCW","Strategic","Liberal",159,53,22,26,58,79,80,75,84,1451.53584906065,1172.60000002384,"Liberal",NA,NA,NA,0.670886075949367,0.275,0,0,0.670886075949367,0.275,1.0401213303142,0.0776994608853798,0.920569305105702,1.01659873220484,-0.15539892177076,0.069066187453671,0.597760126042478
"Exp. 3","BRCW","FPF","Conservative",160,34,15,46,65,80,80,49,111,1371.91875,1059,"Conservative",NA,43,0.934782608695652,0.425,0.1875,0,0,0.425,0.1875,0.698028132746083,0.538132492645834,0.520598820942308,0.574905222694249,-1.07626498529167,0.478339993462964,0.887146559018876
"Exp. 3","BRCW","FPF","Liberal",160,32,16,48,64,80,80,48,112,1009.1125,869,"Liberal",NA,11,0.6875,0.4,0.2,0,0,0.4,0.2,0.588274130437114,0.547484168354357,0.419949883722532,0.463757065344335,-1.09496833670871,0.486652594092762,0.841621233572914
"Exp. 3","BZGK","Strategic","Conservative",160,19,3,61,77,80,80,22,138,947.202499998733,786.59999999404,"Conservative",NA,NA,NA,0.2375,0.0375,0,0,0.2375,0.0375,1.06609690141184,1.24741589098611,0.710004033073433,0.78406828891595,-2.49483178197221,1.10881412532098,1.78046434169203
"Exp. 3","BZGK","Strategic","Liberal",160,69,57,11,23,80,80,126,34,765.559374999255,614.000000029803,"Liberal",NA,NA,NA,0.8625,0.7125,0,0,0.8625,0.7125,0.530917335559085,-0.826161699654626,0.643057941934102,0.710138698823329,1.65232339930925,-0.734365955248556,-0.560703031875083
"Exp. 3","BZGK","FPF","Conservative",160,20,13,60,67,80,80,33,127,510.234375,296.9,"Conservative",NA,46,0.766666666666667,0.25,0.1625,0,0,0.25,0.1625,0.309745210250243,0.829362355321203,0.112898218160978,0.124675225226478,-1.65872471064241,0.737210982507736,0.984234960446325
"Exp. 3","BZGK","FPF","Liberal",160,41,23,39,57,80,80,64,96,1089.546875,984.8,"Liberal",NA,16,0.695652173913043,0.5125,0.2875,0,0,0.5125,0.2875,0.59204101389651,0.264682524926828,0.479900407521493,0.529961343665392,-0.529365049853657,0.235273355490514,0.560703031875083
"Exp. 3","CBTN","Strategic","Conservative",160,46,16,34,64,80,80,62,98,2030.96375001371,1691.64999985695,"Conservative",NA,NA,NA,0.575,0.2,0,0,0.575,0.2,1.03073965984571,0.326251403650061,0.862415413131124,0.952378501825393,-0.652502807300122,0.290001247688943,0.841621233572914
"Exp. 3","CBTN","Strategic","Liberal",159,55,33,25,46,80,79,88,71,2400.94968553459,1920.2999997139,"Liberal",NA,NA,NA,0.6875,0.417721518987342,0,0,0.6875,0.417721518987342,0.696502254146515,-0.140525284041412,0.654957085540146,0.723279104697321,0.281050568082824,-0.124911363592366,0.207725843031845
"Exp. 3","CBTN","FPF","Conservative",160,53,28,27,52,80,80,81,79,2211.42375,1616.1,"Conservative",NA,19,0.703703703703704,0.6625,0.35,0,0,0.6625,0.35,0.804616219448964,-0.0169876433169142,0.72755212616745,0.803446915916708,0.0339752866338284,-0.0151001273928126,0.385320466407568
"Exp. 3","CBTN","FPF","Liberal",160,68,31,12,49,80,80,99,61,1549.73375,1310.25,"Liberal",NA,22,0.709677419354839,0.85,0.3875,0,0,0.85,0.3875,1.32227426437495,-0.375296257306312,1.26510608939872,1.39707596098882,0.750592514612624,-0.333596673161166,0.285840874881166
"Exp. 3","CHBN","Strategic","Conservative",159,23,11,57,68,80,79,34,125,989.057861635168,822.800000000745,"Conservative",NA,NA,NA,0.2875,0.139240506329114,0,0,0.2875,0.139240506329114,0.523034898798753,0.82222048127446,0.306287312663986,0.338237753548476,-1.64444096254892,0.730862650021742,1.08373793067384
"Exp. 3","CHBN","Strategic","Liberal",160,52,50,28,30,80,80,102,58,975.198750000074,852.400000000373,"Liberal",NA,NA,NA,0.65,0.625,0,0,0.65,0.625,0.0666811024431925,-0.351979915185971,0.130408975236067,0.144012621491758,0.703959830371943,-0.312871035720863,-0.318639363964375
"Exp. 3","CHBN","FPF","Conservative",160,34,19,46,61,80,80,53,107,1284.4575,1020.6,"Conservative",NA,35,0.760869565217391,0.425,0.2375,0,0,0.425,0.2375,0.525249014007395,0.45174293327649,0.382375525951357,0.422263128644805,-0.90348586655298,0.401549274023547,0.714367440280188
"Exp. 3","CHBN","FPF","Liberal",160,55,39,25,41,80,80,94,66,1610.188125,1278.65,"Liberal",NA,27,0.692307692307692,0.6875,0.4875,0,0,0.6875,0.4875,0.520114393136096,-0.228719214546621,0.513846796731811,0.567448859317653,0.457438429093243,-0.203305968485886,0.0313379820214266
"Exp. 3","CPZH","Strategic","Conservative",160,49,29,31,51,80,80,78,82,1534.66812500097,1189.80000001192,"Conservative",NA,NA,NA,0.6125,0.3625,0,0,0.6125,0.3625,0.637625219816322,0.0329717350269952,0.567268350829291,0.6264430967604,-0.0659434700539904,0.0293082089128846,0.351784344935156
"Exp. 3","CPZH","Strategic","Liberal",159,50,34,30,45,80,79,84,75,1414.01194968613,1157.19999998808,"Liberal",NA,NA,NA,0.625,0.430379746835443,0,0,0.625,0.430379746835443,0.494046805585754,-0.0716159611714979,0.458965317261479,0.506842404006112,0.143231922342996,-0.0636586321524426,0.175407441621379
"Exp. 3","CPZH","FPF","Conservative",160,41,33,39,47,80,80,74,86,1019.225,823.65,"Conservative",NA,31,0.794871794871795,0.5125,0.4125,0,0,0.5125,0.4125,0.252456695018997,0.094890365488072,0.208232952419483,0.229954827147544,-0.189780730976144,0.0843469915449529,0.221118712997571
"Exp. 3","CPZH","FPF","Liberal",160,56,42,24,38,80,80,98,62,1144.3975,976.5,"Liberal",NA,30,0.714285714285714,0.7,0.525,0,0,0.7,0.525,0.461693734764827,-0.293553645325627,0.47423509035347,0.523705047459764,0.587107290651254,-0.26093657362278,-0.0627067779432138
"Exp. 3","CTSB","Strategic","Conservative",160,42,34,38,46,80,80,76,84,1160.55375001133,957.950000047683,"Conservative",NA,NA,NA,0.525,0.425,0,0,0.525,0.425,0.251825204216006,0.0632058241647893,0.214001518961448,0.236325143212479,-0.126411648329579,0.0561829548131461,0.189118426272792
"Exp. 3","CTSB","Strategic","Liberal",160,33,27,47,53,80,80,60,100,1449.34249998331,1233.75,"Liberal",NA,NA,NA,0.4125,0.3375,0,0,0.4125,0.3375,0.198177040043825,0.320207233019483,0.114317889435546,0.12624298988023,-0.640414466038967,0.284628651572874,0.419295753041396
"Exp. 3","CTSB","FPF","Conservative",160,59,38,21,42,80,80,97,63,1156.729375,996.65,"Conservative",NA,15,0.714285714285714,0.7375,0.475,0,0,0.7375,0.475,0.698363791640797,-0.286475117877184,0.685822436052154,0.757364182296082,0.572950235754369,-0.254644549224164,0.0627067779432138
"Exp. 3","CTSB","FPF","Liberal",160,42,43,38,37,80,80,85,75,1057.106875,922.2,"Liberal",NA,38,0.883720930232558,0.525,0.5375,0,0,0.525,0.5375,-0.0314306363803225,-0.0784220961333751,-0.0126031535156153,-0.0139178547608496,0.15684419226675,-0.0697085298963334,-0.0941374143235364
"Exp. 3","DBZM","Strategic","Conservative",160,65,13,15,67,80,80,78,82,1436.98625000417,1218.84999990463,"Conservative",NA,NA,NA,0.8125,0.1625,0,0,0.8125,0.1625,1.8713815194652,0.0485442007137245,1.67453452737594,1.84921403323146,-0.097088401427449,0.0431504006344218,0.984234960446325
"Exp. 3","DBZM","Strategic","Liberal",160,76,44,4,36,80,80,120,40,1438.2437500149,1205.4500002861,"Liberal",NA,NA,NA,0.95,0.55,0,0,0.95,0.55,1.5191922800964,-0.885257486903273,1.54432454946741,1.70542116752536,1.77051497380655,-0.78689554391402,-0.125661346855074
"Exp. 3","DBZM","FPF","Conservative",160,46,23,34,57,80,80,69,91,1595.380625,1345.5,"Conservative",NA,27,0.794117647058823,0.575,0.2875,0,0,0.575,0.2875,0.749821458147876,0.185792302801145,0.637680851772859,0.704200696099848,-0.371584605602291,0.165148713601018,0.560703031875083
"Exp. 3","DBZM","FPF","Liberal",160,60,29,20,51,80,80,89,71,1562.781875,1270.95,"Liberal",NA,24,0.827586206896552,0.75,0.3625,0,0,0.75,0.3625,1.02627409513124,-0.161352702630463,0.955917226144207,1.05563398084339,0.322705405260926,-0.143424624560411,0.351784344935156
"Exp. 3","DCSK","Strategic","Conservative",160,48,23,32,57,80,80,71,89,1569.53312499821,1215.89999985695,"Conservative",NA,NA,NA,0.6,0.2875,0,0,0.6,0.2875,0.814050135010883,0.153677964369642,0.701909528635866,0.775129404137349,-0.307355928739284,0.136602634995237,0.560703031875083
"Exp. 3","DCSK","Strategic","Liberal",160,51,35,29,45,80,80,86,74,1466.70624999404,1200.65000009537,"Liberal",NA,NA,NA,0.6375,0.4375,0,0,0.6375,0.4375,0.509095029545327,-0.0972368301624927,0.477632892623293,0.527457292359335,0.194473660324985,-0.0864327379222157,0.157310684610171
"Exp. 3","DCSK","FPF","Conservative",160,43,21,37,59,80,80,64,96,1247.839375,1100.75,"Conservative",NA,30,0.810810810810811,0.5375,0.2625,0,0,0.5375,0.2625,0.729794428021119,0.270759799687023,0.602663025281602,0.665529975907312,-0.541519599374046,0.240675377499576,0.635657013697583
"Exp. 3","DCSK","FPF","Liberal",160,60,32,20,48,80,80,92,68,1527.845,1235.8,"Liberal",NA,29,0.90625,0.75,0.4,0,0,0.75,0.4,0.927836853331881,-0.210571323530141,0.877167432704722,0.968669382167377,0.421142647060282,-0.18717450980457,0.2533471031358
"Exp. 3","DRNY","Strategic","Conservative",160,46,18,34,62,80,80,64,96,1745.74125000238,1454.4500002861,"Conservative",NA,NA,NA,0.575,0.225,0,0,0.575,0.225,0.944533452633262,0.283148300043838,0.793450447361168,0.876219437668635,-0.566296600087677,0.251687377816745,0.755415026360469
"Exp. 3","DRNY","Strategic","Liberal",160,43,10,37,70,80,80,53,107,1845.04000001848,1394.75,"Liberal",NA,NA,NA,0.5375,0.125,0,0,0.5375,0.125,1.24448679469954,0.528105983026236,1.01441691862434,1.1202360839983,-1.05621196605247,0.469427540467765,1.15034938037601
"Exp. 3","DRNY","FPF","Conservative",160,60,9,20,71,80,80,69,91,1138.4525,1035.25,"Conservative",NA,16,0.8,0.75,0.1125,0,0,0.75,0.1125,1.8878293726846,0.269424936146218,1.6451614481869,1.81677689362784,-0.538849872292436,0.239488832129972,1.21333962248852
"Exp. 3","DRNY","FPF","Liberal",160,57,14,23,66,80,80,71,89,1114.88625,1027.6,"Liberal",NA,13,0.928571428571429,0.7125,0.175,0,0,0.7125,0.175,1.49529232294856,0.186943129599198,1.30837446473387,1.44485788817921,-0.373886259198397,0.166171670754843,0.93458929107348
"Exp. 3","DZFG","Strategic","Conservative",160,28,12,52,68,80,80,40,120,887.599374997616,784.550000071525,"Conservative",NA,NA,NA,0.35,0.15,0,0,0.35,0.15,0.651112923086222,0.710876927950678,0.443826245187464,0.490124095681207,-1.42175385590136,0.631890602622825,1.03643338949379
"Exp. 3","DZFG","Strategic","Liberal",160,39,14,41,66,80,80,53,107,1236.6650000006,1042.44999980927,"Liberal",NA,NA,NA,0.4875,0.175,0,0,0.4875,0.175,0.903251309052054,0.482963636547453,0.716333450837358,0.791057961544305,-0.965927273094907,0.429301010264403,0.93458929107348
"Exp. 3","DZFG","FPF","Conservative",160,51,42,29,38,80,80,93,67,1084.99375,1009.7,"Conservative",NA,19,0.655172413793103,0.6375,0.525,0,0,0.6375,0.525,0.289077566991942,-0.207245561439185,0.301618922580585,0.33308237913625,0.41449112287837,-0.184218276834831,-0.0627067779432138
"Exp. 3","DZFG","FPF","Liberal",160,65,57,15,23,80,80,122,38,1117.5075,1029.95,"Liberal",NA,43,0.754385964912281,0.8125,0.7125,0,0,0.8125,0.7125,0.326443527143793,-0.72392479544698,0.438584133518809,0.484335151766964,1.44784959089396,-0.643488707063982,-0.560703031875083
"Exp. 3","FGYC","Strategic","Conservative",159,55,48,24,32,79,80,103,56,1635.81572326324,1425,"Conservative",NA,NA,NA,0.69620253164557,0.6,0,0,0.69620253164557,0.6,0.260162440425133,-0.383428323348366,0.310831861052293,0.343256367686893,0.766856646696732,-0.340825176309659,-0.2533471031358
"Exp. 3","FGYC","Strategic","Liberal",160,44,39,36,41,80,80,83,77,1583.58875001073,1358.60000014305,"Liberal",NA,NA,NA,0.55,0.4875,0,0,0.55,0.4875,0.156999328876501,-0.0471616824168238,0.150731732472215,0.166455352448122,0.0943233648336475,-0.0419214954816211,0.0313379820214266
"Exp. 3","FGYC","FPF","Conservative",160,46,27,34,53,80,80,73,87,1005.83875,884,"Conservative",NA,30,0.882352941176471,0.575,0.3375,0,0,0.575,0.3375,0.608414179314188,0.115088663384302,0.524555028705909,0.579274123302285,-0.230177326768604,0.102301034119379,0.419295753041396
"Exp. 3","FGYC","FPF","Liberal",160,65,27,15,53,80,80,92,68,976.96375,879.4,"Liberal",NA,23,0.851851851851852,0.8125,0.3375,0,0,0.8125,0.3375,1.30644231206027,-0.23392540298874,1.22258316145199,1.35011724272554,0.46785080597748,-0.207933691545547,0.419295753041396
"Exp. 3","FMXR","Strategic","Conservative",160,41,39,39,41,80,80,80,80,1264.49374999404,1131.40000009537,"Conservative",NA,NA,NA,0.5125,0.4875,0,0,0.5125,0.4875,0.0626759640428531,6.59194920871187e-17,0.0564083676385678,0.0622926212171803,-1.31838984174237e-16,5.85951040774388e-17,0.0313379820214266
"Exp. 3","FMXR","Strategic","Liberal",160,68,54,12,26,80,80,122,38,1282.79812500477,1077.45000004768,"Liberal",NA,NA,NA,0.85,0.675,0,0,0.85,0.675,0.58267119932391,-0.745097789831835,0.673423637357886,0.743671999683054,1.49019557966367,-0.662309146517186,-0.45376219016988
"Exp. 3","FMXR","FPF","Conservative",160,44,24,36,56,80,80,68,92,1712.94124997556,1508.29999995231,"Conservative",NA,25,0.694444444444444,0.55,0.3,0,0,0.55,0.3,0.650061859563115,0.199369582926483,0.545181757021507,0.602052534160512,-0.398739165852967,0.177217407045763,0.524400512708041
"Exp. 3","FMXR","FPF","Liberal",159,50,40,29,40,79,80,90,69,1393.85345914529,1186,"Liberal",NA,26,0.65,0.632911392405063,0.5,0,0,0.632911392405063,0.5,0.339574193345236,-0.169787096672618,0.339574193345236,0.374996963867494,0.339574193345236,-0.150921863708994,0
"Exp. 3","FNYS","Strategic","Conservative",159,46,17,34,62,80,79,63,96,1257.29559745429,1100.39999961853,"Conservative",NA,NA,NA,0.575,0.215189873417722,0,0,0.575,0.215189873417722,0.977660417339562,0.299711782396988,0.819952019126208,0.905485527802589,-0.599423564793977,0.266410473241767,0.788541991066769
"Exp. 3","FNYS","Strategic","Liberal",160,61,25,19,55,80,80,86,74,1264.46624999046,972.900000095367,"Liberal",NA,NA,NA,0.7625,0.3125,0,0,0.7625,0.3125,1.20314385139486,-0.112795514582759,1.10538856917192,1.22069746599347,0.225591029165518,-0.100262679629119,0.488776411114669
"Exp. 3","FNYS","FPF","Conservative",159,51,27,29,52,80,79,78,81,1413.17547169811,1104.2,"Conservative",NA,23,0.793103448275862,0.6375,0.341772151898734,0,0,0.6375,0.341772151898734,0.759415750601031,0.0279235303653592,0.677889469467856,0.748603686234034,-0.0558470607307183,0.0248209158803193,0.407631405665874
"Exp. 3","FNYS","FPF","Liberal",160,49,31,31,49,80,80,80,80,1466.375,1049.3,"Liberal",NA,23,0.741935483870968,0.6125,0.3875,0,0,0.6125,0.3875,0.571681749762331,-8.32667268468867e-17,0.514513574786098,0.568185192498535,1.66533453693773e-16,-7.40148683083438e-17,0.285840874881166
"Exp. 3","FVYN","Strategic","Conservative",160,53,15,27,65,80,80,68,92,1290.86812500209,1042.70000004769,"Conservative",NA,NA,NA,0.6625,0.1875,0,0,0.6625,0.1875,1.30644231206027,0.23392540298874,1.1290130002565,1.24678628576666,-0.46785080597748,0.207933691545547,0.887146559018876
"Exp. 3","FVYN","Strategic","Liberal",160,52,23,28,57,80,80,75,85,1390.93624999896,1120.89999997616,"Liberal",NA,NA,NA,0.65,0.2875,0,0,0.65,0.2875,0.946023498282651,0.0876912827337578,0.833882891907634,0.920869603210663,-0.175382565467516,0.0779478068744514,0.560703031875083
"Exp. 3","FVYN","FPF","Conservative",160,52,37,28,43,80,80,89,71,1216.41125,1086.25,"Conservative",NA,26,0.928571428571429,0.65,0.4625,0,0,0.65,0.4625,0.479457880731104,-0.145591526042016,0.460630397866397,0.508681177928499,0.291183052084031,-0.129414689815125,0.0941374143235364
"Exp. 3","FVYN","FPF","Liberal",160,58,28,22,52,80,80,86,74,1040.023125,916,"Liberal",NA,20,0.714285714285714,0.725,0.35,0,0,0.725,0.35,0.983080592450046,-0.106219829817455,0.906016499168533,1.00052784652171,0.212439659634911,-0.0944176265044048,0.385320466407568
"Exp. 3","FYQK","Strategic","Conservative",160,67,43,13,37,80,80,110,50,2384.94937500358,1927.85000014305,"Conservative",NA,NA,NA,0.8375,0.5375,0,0,0.8375,0.5375,0.890097546122788,-0.539186187384931,0.908925028987496,1.00373978038713,1.07837237476986,-0.479276611008827,-0.0941374143235364
"Exp. 3","FYQK","Strategic","Liberal",160,71,57,9,23,80,80,128,32,2387.69062502384,2061.90000009536,"Liberal",NA,NA,NA,0.8875,0.7125,0,0,0.8875,0.7125,0.652636590613434,-0.887021327181801,0.764777196988451,0.844555129706782,1.7740426543636,-0.788463401939378,-0.560703031875083
"Exp. 3","FYQK","FPF","Conservative",160,39,19,41,61,80,80,58,102,1706.6675,1556.35,"Conservative",NA,29,0.707317073170732,0.4875,0.2375,0,0,0.4875,0.2375,0.683029458258761,0.372852711150807,0.540155970202723,0.596502481079261,-0.745705422301614,0.331424632134051,0.714367440280188
"Exp. 3","FYQK","FPF","Liberal",160,51,35,29,45,80,80,86,74,1892.990625,1621.2,"Liberal",NA,25,0.714285714285714,0.6375,0.4375,0,0,0.6375,0.4375,0.509095029545327,-0.0972368301624927,0.477632892623293,0.527457292359335,0.194473660324985,-0.0864327379222157,0.157310684610171
"Exp. 3","GBXV","Strategic","Conservative",160,47,52,33,28,80,80,99,61,1368.86812502444,1176.80000019073,"Conservative",NA,NA,NA,0.5875,0.65,0,0,0.5875,0.65,-0.164201753409997,-0.303219589702569,-0.0871376601284836,-0.0962274478657975,0.606439179405138,-0.269528524180061,-0.385320466407568
"Exp. 3","GBXV","Strategic","Liberal",160,62,43,18,37,80,80,105,55,1449.52624997199,1236.2999997139,"Liberal",NA,NA,NA,0.775,0.5375,0,0,0.775,0.5375,0.661277612036933,-0.424776220342003,0.68010509490164,0.751050435212665,0.849552440684006,-0.377578862526225,-0.0941374143235364
"Exp. 3","GBXV","FPF","Conservative",160,38,18,42,62,80,80,56,104,1158.8775,966.9,"Conservative",NA,26,0.619047619047619,0.475,0.225,0,0,0.475,0.225,0.692708248417256,0.409060902151842,0.541625243145162,0.5981250216118,-0.818121804303683,0.363609690801637,0.755415026360469
"Exp. 3","GBXV","FPF","Liberal",160,58,42,22,38,80,80,100,60,1137.27125,1019.6,"Liberal",NA,30,0.714285714285714,0.725,0.525,0,0,0.725,0.525,0.535053348099265,-0.330233451992846,0.547594703687907,0.60471718798759,0.660466903985692,-0.293540846215863,-0.0627067779432138
"Exp. 3","GFKQ","Strategic","Conservative",160,49,43,31,37,80,80,92,68,1061.62937501967,869.5,"Conservative",NA,NA,NA,0.6125,0.5375,0,0,0.6125,0.5375,0.191703460557629,-0.189989144602351,0.210530943422337,0.232492533681058,0.379978289204702,-0.168879239646534,-0.0941374143235364
"Exp. 3","GFKQ","Strategic","Liberal",160,59,38,21,42,80,80,97,63,1142.80500001609,884.900000095367,"Liberal",NA,NA,NA,0.7375,0.475,0,0,0.7375,0.475,0.698363791640797,-0.286475117877184,0.685822436052154,0.757364182296082,0.572950235754369,-0.254644549224164,0.0627067779432138
"Exp. 3","GFKQ","FPF","Conservative",160,32,23,48,57,80,80,55,105,937.891249996424,799.449999809265,"Conservative",NA,39,0.8125,0.4,0.2875,0,0,0.4,0.2875,0.307355928739284,0.407025067505442,0.195215322364267,0.215579259618791,-0.814050135010883,0.361800060004837,0.560703031875083
"Exp. 3","GFKQ","FPF","Liberal",160,56,29,24,51,80,80,85,75,1113.35687498152,1004.15000009536,"Liberal",NA,25,0.862068965517241,0.7,0.3625,0,0,0.7,0.3625,0.876184857643197,-0.0863080838864422,0.805827988656166,0.889888145411245,0.172616167772884,-0.0767182967879487,0.351784344935156
"Exp. 3","GFLT","Strategic","Conservative",160,41,12,39,68,80,80,53,107,1240.64187503159,1072.85000014305,"Conservative",NA,NA,NA,0.5125,0.15,0,0,0.5125,0.15,1.06777137151522,0.502547703736181,0.860484693616458,0.950246378801122,-1.00509540747236,0.446709069987717,1.03643338949379
"Exp. 3","GFLT","Strategic","Liberal",160,62,19,18,61,80,80,81,79,1566.09437502623,1218.59999990463,"Liberal",NA,NA,NA,0.775,0.2375,0,0,0.775,0.2375,1.46978246664066,-0.0205237930401409,1.32690897858462,1.46532583467515,0.0410475860802818,-0.0182433715912364,0.714367440280188
"Exp. 3","GFLT","FPF","Conservative",160,43,13,37,67,80,80,56,104,1383.97625,1265.35,"Conservative",NA,28,0.756756756756757,0.5375,0.1625,0,0,0.5375,0.1625,1.07837237476986,0.445048773061394,0.881525382680596,0.973481932831313,-0.890097546122788,0.395598909387906,0.984234960446325
"Exp. 3","GFLT","FPF","Liberal",160,47,11,33,69,80,80,58,102,1714.0075,1539.7,"Liberal",NA,7,0.636363636363636,0.5875,0.1375,0,0,0.5875,0.1375,1.31273908043174,0.435250827218299,1.09441500694491,1.2085791937614,-0.870501654436597,0.386889624194043,1.09162036743417
"Exp. 3","GHQC","Strategic","Conservative",160,68,40,12,40,80,80,108,52,1682.40874998868,1284.29999995231,"Conservative",NA,NA,NA,0.85,0.5,0,0,0.85,0.5,1.03643338949379,-0.518216694746895,1.03643338949379,1.14454920876725,1.03643338949379,-0.46063706199724,0
"Exp. 3","GHQC","Strategic","Liberal",160,72,33,8,47,80,80,105,55,1438.32937500328,1049.80000007153,"Liberal",NA,NA,NA,0.9,0.4125,0,0,0.9,0.4125,1.50267027854217,-0.530216426273515,1.45844653594266,1.61058476662721,1.06043285254703,-0.471303490020902,0.221118712997571
"Exp. 3","GHQC","FPF","Conservative",160,61,23,19,57,80,80,84,76,1602.9425,1199.55,"Conservative",NA,11,0.578947368421053,0.7625,0.2875,0,0,0.7625,0.2875,1.27507047215527,-0.076832204202552,1.16292986578025,1.2842411979613,0.153664408405104,-0.0682952926244907,0.560703031875083
"Exp. 3","GHQC","FPF","Liberal",159,64,53,16,26,80,79,117,42,1452.01194968553,1091.5,"Liberal",NA,41,0.773584905660377,0.8,0.670886075949367,0,0,0.8,0.670886075949367,0.399260029301196,-0.641991218922317,0.487732270155539,0.538610189092255,1.28398243784463,-0.570658861264281,-0.442361204271719
"Exp. 3","GLRP","Strategic","Conservative",159,44,24,35,56,79,80,68,91,2079.63333332614,1756.60000002384,"Conservative",NA,NA,NA,0.556962025316456,0.3,0,0,0.556962025316456,0.3,0.667671777107155,0.190564624154463,0.562791674565547,0.621499434844918,-0.381129248308926,0.169390777026189,0.524400512708041
"Exp. 3","GLRP","Strategic","Liberal",159,50,35,30,44,80,79,85,74,1772.95911949236,1420,"Liberal",NA,NA,NA,0.625,0.443037974683544,0,0,0.625,0.443037974683544,0.46191062836349,-0.0876840497826303,0.433256375483667,0.478451627263181,0.175368099565261,-0.0779413775845603,0.143271264399115
"Exp. 3","GLRP","FPF","Conservative",160,55,31,25,49,80,80,86,74,1161.378125,1027.1,"Conservative",NA,17,0.68,0.6875,0.3875,0,0,0.6875,0.3875,0.774617285995835,-0.101467768116752,0.717449111019602,0.792290002109367,0.202935536233504,-0.090193571659335,0.285840874881166
"Exp. 3","GLRP","FPF","Liberal",160,59,36,21,44,80,80,95,65,1350.05625,1106.65,"Liberal",NA,27,0.75,0.7375,0.45,0,0,0.7375,0.45,0.761318360552657,-0.254997833421254,0.736186091181642,0.812981535242649,0.509995666842509,-0.226664740818893,0.125661346855074
"Exp. 3","GLXR","Strategic","Conservative",160,15,13,65,67,80,80,28,132,1092.73125000596,870.200000047683,"Conservative",NA,NA,NA,0.1875,0.1625,0,0,0.1875,0.1625,0.097088401427449,0.9356907597326,-0.0997585906618159,-0.110164934058603,-1.8713815194652,0.831725119762311,0.984234960446325
"Exp. 3","GLXR","Strategic","Liberal",159,33,35,46,45,79,80,68,91,1408.19245283709,1055.70000004768,"Liberal",NA,NA,NA,0.417721518987342,0.4375,0,0,0.417721518987342,0.4375,-0.0504151584216745,0.182518263821008,-0.0818772953437086,-0.0904183467568667,-0.365036527642016,0.162238456729785,0.157310684610171
"Exp. 3","GLXR","FPF","Conservative",159,28,9,52,70,80,79,37,122,1307.13018867925,1119.1,"Conservative",NA,35,0.673076923076923,0.35,0.113924050632911,0,0,0.35,0.113924050632911,0.820600148108052,0.795620540461594,0.579416025204929,0.63985795895602,-1.59124108092319,0.707218258188083,1.20592061451562
"Exp. 3","GLXR","FPF","Liberal",159,46,16,34,63,80,79,62,97,1180.74528301887,1021.2,"Liberal",NA,14,0.875,0.575,0.20253164556962,0,0,0.575,0.20253164556962,1.02173095427714,0.321747050865779,0.855208448676272,0.944419740994228,-0.643494101731557,0.285997378547359,0.83261252800435
"Exp. 3","GQVT","Strategic","Conservative",160,22,10,58,70,80,80,32,128,2100.11749999523,1840.34999990463,"Conservative",NA,NA,NA,0.275,0.125,0,0,0.275,0.125,0.552589254333529,0.874054753209243,0.322519378258328,0.356163071297778,-1.74810950641849,0.776937558408216,1.15034938037601
"Exp. 3","GQVT","Strategic","Liberal",160,47,22,33,58,80,80,69,91,1795.80937498212,1604.09999990463,"Liberal",NA,NA,NA,0.5875,0.275,0,0,0.5875,0.275,0.818878839040049,0.188320706522454,0.699326813831553,0.772277272764785,-0.376641413044908,0.167396183575515,0.597760126042478
"Exp. 3","GQVT","FPF","Conservative",160,56,27,24,53,80,80,83,77,1282.045,1094.9,"Conservative",NA,20,0.833333333333333,0.7,0.3375,0,0,0.7,0.3375,0.943696265749437,-0.0525523798333223,0.859837115141157,0.949531248008316,0.105104759666645,-0.0467132265185087,0.419295753041396
"Exp. 3","GQVT","FPF","Liberal",160,58,17,22,63,80,80,75,85,1505.4375,1300,"Liberal",NA,13,0.764705882352941,0.725,0.2125,0,0,0.725,0.2125,1.39553697216772,0.10000836004138,1.23598160294267,1.36491334613394,-0.20001672008276,0.0888963200367821,0.797776846125238
"Exp. 3","GVLB","Strategic","Conservative",159,50,13,29,67,79,80,63,96,1882.86666665587,1499.80000019073,"Conservative",NA,NA,NA,0.632911392405063,0.1625,0,0,0.632911392405063,0.1625,1.32380915379156,0.322330383550544,1.1269621617023,1.24452151345393,-0.644660767101089,0.286515896489373,0.984234960446325
"Exp. 3","GVLB","Strategic","Liberal",160,69,28,11,52,80,80,97,63,1897.73374998271,1661.19999980927,"Liberal",NA,NA,NA,0.8625,0.35,0,0,0.8625,0.35,1.47694083384174,-0.3531499505133,1.39987674056022,1.54590524776747,0.706299901026601,-0.313911067122934,0.385320466407568
"Exp. 3","GVLB","FPF","Conservative",159,48,14,32,65,80,79,62,97,1618.24968553339,1322.5,"Conservative",NA,27,0.84375,0.6,0.177215189873418,0,0,0.6,0.177215189873418,1.17937712261287,0.336341458170637,0.994171118717459,1.09787833819506,-0.672682916341274,0.298970185040566,0.926030019477074
"Exp. 3","GVLB","FPF","Liberal",160,65,11,15,69,80,80,76,84,2087.54687497914,1635.89999985695,"Liberal",NA,8,0.727272727272727,0.8125,0.1375,0,0,0.8125,0.1375,1.97876692645304,0.102236904207646,1.76044285296621,1.94408390820615,-0.204473808415292,0.0908772481845743,1.09162036743417
"Exp. 3","GXFY","Strategic","Conservative",160,52,42,28,38,80,80,94,66,819.104999965429,736.450000286102,"Conservative",NA,NA,NA,0.65,0.525,0,0,0.65,0.525,0.322613688464354,-0.224013622175391,0.335155044052997,0.370116829864548,0.448027244350781,-0.199123219711458,-0.0627067779432138
"Exp. 3","GXFY","Strategic","Liberal",160,60,39,20,41,80,80,99,61,805.787500032782,750.800000190734,"Liberal",NA,NA,NA,0.75,0.4875,0,0,0.75,0.4875,0.705827732217508,-0.321575884087328,0.699560135813223,0.772534933789811,0.643151768174655,-0.285845230299847,0.0313379820214266
"Exp. 3","GXFY","FPF","Conservative",160,56,26,24,54,80,80,82,78,816.4075,756.8,"Conservative",NA,21,0.875,0.7,0.325,0,0,0.7,0.325,0.97816270287792,-0.0353191612690807,0.887410264843944,0.979980698012005,0.0706383225381614,-0.0313948100169606,0.453762190169879
"Exp. 3","GXFY","FPF","Liberal",160,53,41,27,39,80,80,94,66,729.56375,692.15,"Liberal",NA,27,0.658536585365854,0.6625,0.5125,0,0,0.6625,0.5125,0.38795777101997,-0.225316867531411,0.394225367424255,0.435349089420775,0.450633735062822,-0.200281660027921,-0.0313379820214265
"Exp. 3","HCVB","Strategic","Conservative",159,26,16,53,64,79,80,42,117,1467.43396227015,1144.60000038147,"Conservative",NA,NA,NA,0.329113924050633,0.2,0,0,0.329113924050633,0.2,0.399260029301195,0.641991218922316,0.230935782586613,0.255025908963286,-1.28398243784463,0.570658861264281,0.841621233572914
"Exp. 3","HCVB","Strategic","Liberal",159,56,43,24,36,80,79,99,60,1845.4320754675,1296.09999990463,"Liberal",NA,NA,NA,0.7,0.544303797468354,0,0,0.7,0.544303797468354,0.41311810461776,-0.31784146039916,0.435374586235816,0.480790799722261,0.635682920798321,-0.282525742577032,-0.11128240809028
"Exp. 3","HCVB","FPF","Conservative",160,27,16,53,64,80,80,43,117,1319.26437498331,1049.04999995231,"Conservative",NA,39,0.735849056603774,0.3375,0.2,0,0,0.3375,0.2,0.422325480531518,0.630458493307155,0.254001233816935,0.280497438752981,-1.26091698661431,0.56040754960636,0.841621233572914
"Exp. 3","HCVB","FPF","Liberal",160,47,42,33,38,80,80,89,71,1162.97937503159,1040.65000009537,"Liberal",NA,28,0.666666666666667,0.5875,0.525,0,0,0.5875,0.525,0.158411935054357,-0.141912745470392,0.170953290642999,0.188786327732232,0.283825490940784,-0.126144662640349,-0.0627067779432138
"Exp. 3","HCXG","Strategic","Conservative",159,33,22,46,58,79,80,55,104,1514.62767295118,1255.09999990463,"Conservative",NA,NA,NA,0.417721518987342,0.275,0,0,0.417721518987342,0.275,0.390034283010633,0.402742984537162,0.270482257802138,0.298697685052601,-0.805485969074324,0.357993764033033,0.597760126042478
"Exp. 3","HCXG","Strategic","Liberal",160,54,22,26,58,80,80,76,84,1843.33500002027,1507.25000023841,"Liberal",NA,NA,NA,0.675,0.275,0,0,0.675,0.275,1.05152231621236,0.0719989679362994,0.931970291003862,1.02918901491975,-0.143997935872599,0.0639990826100439,0.597760126042478
"Exp. 3","HCXG","FPF","Conservative",160,30,18,50,62,80,80,48,112,1148.44624999762,1055.69999980927,"Conservative",NA,40,0.8,0.375,0.225,0,0,0.375,0.225,0.436775662396094,0.537027195162422,0.285692657124,0.315494761145812,-1.07405439032484,0.477357506811042,0.755415026360469
"Exp. 3","HCXG","FPF","Liberal",160,55,27,25,53,80,80,82,78,1305.99187502861,1155,"Liberal",NA,20,0.740740740740741,0.6875,0.3375,0,0,0.6875,0.3375,0.908072164156065,-0.0347403290366367,0.824213013547786,0.910191008968302,0.0694806580732734,-0.0308802924770104,0.419295753041396
"Exp. 3","HRZP","Strategic","Conservative",160,59,37,21,43,80,80,96,64,1630.4618750155,1204.65000009537,"Conservative",NA,NA,NA,0.7375,0.4625,0,0,0.7375,0.4625,0.729794428021119,-0.270759799687023,0.710966945156412,0.785131647423943,0.541519599374046,-0.240675377499576,0.0941374143235364
"Exp. 3","HRZP","Strategic","Liberal",159,52,41,27,39,79,80,93,66,1382.99748426413,1179.40000009537,"Liberal",NA,NA,NA,0.658227848101266,0.5125,0,0,0.658227848101266,0.5125,0.376293423644448,-0.21948469384365,0.382561020048733,0.422467972607316,0.438969387687301,-0.1950975056388,-0.0313379820214265
"Exp. 3","HRZP","FPF","Conservative",160,49,32,31,48,80,80,81,79,1643.079375,1447.45,"Conservative",NA,21,0.67741935483871,0.6125,0.4,0,0,0.6125,0.4,0.539187978016965,-0.016246885872683,0.488518557389806,0.539478498084387,0.032493771745366,-0.0144416763312738,0.2533471031358
"Exp. 3","HRZP","FPF","Liberal",160,46,28,34,52,80,80,74,86,1421.904375,1237.45,"Liberal",NA,21,0.75,0.575,0.35,0,0,0.575,0.35,0.57443889268036,0.0981010200673876,0.497374799398847,0.549258581287853,-0.196202040134775,0.0872009067265668,0.385320466407568
"Exp. 3","KBGR","Strategic","Conservative",159,27,23,52,57,79,80,50,109,1417.44905660437,1090.59999996424,"Conservative",NA,NA,NA,0.341772151898734,0.2875,0,0,0.341772151898734,0.2875,0.153071626209209,0.484167218770479,0.0409310198341922,0.0452007498408966,-0.968334437540958,0.430370861129315,0.560703031875083
"Exp. 3","KBGR","Strategic","Liberal",160,63,45,17,35,80,80,108,52,2025.20249999836,1431.84999999404,"Liberal",NA,NA,NA,0.7875,0.5625,0,0,0.7875,0.5625,0.640466161515068,-0.477543765367704,0.671928298437102,0.74202067409284,0.955087530735409,-0.424483346993515,-0.157310684610171
"Exp. 3","KBGR","FPF","Conservative",160,53,20,27,60,80,80,73,87,1649.89687499926,1329.9999999702,"Conservative",NA,17,0.62962962962963,0.6625,0.25,0,0,0.6625,0.25,1.09378550323748,0.127596998577343,0.958887553198261,1.0589141583386,-0.255193997154686,0.113419554290971,0.674489750196082
"Exp. 3","KBGR","FPF","Liberal",160,58,40,22,40,80,80,98,62,1462.59500000104,1131.90000000596,"Liberal",NA,28,0.7,0.725,0.5,0,0,0.725,0.5,0.597760126042478,-0.298880063021239,0.597760126042478,0.660115629455635,0.597760126042478,-0.26567116712999,0
"Exp. 3","KFHT","Strategic","Conservative",160,54,13,26,67,80,80,67,93,1673.92062500417,1601.70000004768,"Conservative",NA,NA,NA,0.675,0.1625,0,0,0.675,0.1625,1.4379971506162,0.265236385138223,1.24115015852694,1.37062106094168,-0.530472770276445,0.23576567567842,0.984234960446325
"Exp. 3","KFHT","Strategic","Liberal",160,61,25,19,55,80,80,86,74,2386.47687500864,2433.14999997616,"Liberal",NA,NA,NA,0.7625,0.3125,0,0,0.7625,0.3125,1.20314385139486,-0.112795514582759,1.10538856917192,1.22069746599347,0.225591029165518,-0.100262679629119,0.488776411114669
"Exp. 3","KFHT","FPF","Conservative",160,51,26,29,54,80,80,77,83,1195.20875,1080.65,"Conservative",NA,24,0.827586206896552,0.6375,0.325,0,0,0.6375,0.325,0.805546535105035,0.0509889226173616,0.71479409707106,0.789358029688491,-0.101977845234723,0.0453234867709881,0.453762190169879
"Exp. 3","KFHT","FPF","Liberal",160,64,14,16,66,80,80,78,82,1398.834375,1279.35,"Liberal",NA,11,0.785714285714286,0.8,0.175,0,0,0.8,0.175,1.77621052464639,0.0464840287502829,1.5892926664317,1.75508014533615,-0.0929680575005658,0.0413191366669181,0.93458929107348
"Exp. 3","KFTZ","Strategic","Conservative",160,50,24,30,56,80,80,74,86,1413.99000002146,1223.59999990463,"Conservative",NA,NA,NA,0.625,0.3,0,0,0.625,0.3,0.843039876672416,0.102880574371833,0.738159774130808,0.815161103443291,-0.205761148743666,0.0914493994416291,0.524400512708041
"Exp. 3","KFTZ","Strategic","Liberal",160,61,37,19,43,80,80,98,62,1548.50250000954,1310.20000004769,"Liberal",NA,NA,NA,0.7625,0.4625,0,0,0.7625,0.4625,0.808504854603724,-0.310115012978325,0.789677371739017,0.872052772679135,0.620230025956651,-0.275657789314067,0.0941374143235364
"Exp. 3","KFTZ","FPF","Conservative",160,53,42,27,38,80,80,95,65,1334.651875,1208.45,"Conservative",NA,22,0.814814814814815,0.6625,0.525,0,0,0.6625,0.525,0.356588975098182,-0.241001265492305,0.369130330686825,0.407636257382588,0.48200253098461,-0.214223347104271,-0.0627067779432138
"Exp. 3","KFTZ","FPF","Liberal",160,53,36,27,44,80,80,89,71,1430.89,1260.65,"Liberal",NA,26,0.722222222222222,0.6625,0.45,0,0,0.6625,0.45,0.54495709989647,-0.146817203093161,0.519824830525455,0.574050493265245,0.293634406186322,-0.130504180527254,0.125661346855074
"Exp. 3","KTBH","Strategic","Conservative",160,32,3,48,77,80,80,35,125,1187.72500002384,973,"Conservative",NA,NA,NA,0.4,0.0375,0,0,0.4,0.0375,1.52711723855623,1.01690572241391,1.17102437021782,1.2931800827399,-2.03381144482783,0.903916197701256,1.78046434169203
"Exp. 3","KTBH","Strategic","Liberal",159,40,6,39,74,79,80,46,113,1215.45471697333,1020.7000002861,"Liberal",NA,NA,NA,0.506329113924051,0.075,0,0,0.506329113924051,0.075,1.4553968724113,0.711833034732808,1.1674905782236,1.28927766231238,-1.42366606946562,0.632740475318052,1.43953147093846
"Exp. 3","KTBH","FPF","Conservative",160,42,25,38,55,80,80,67,93,1089.670625,980.35,"Conservative",NA,29,0.763157894736842,0.525,0.3125,0,0,0.525,0.3125,0.551483189057883,0.213034816585728,0.453727906834949,0.501058651745293,-0.426069633171456,0.189364281409536,0.488776411114669
"Exp. 3","KTBH","FPF","Liberal",160,58,45,22,35,80,80,103,57,1019.43,992.9,"Liberal",NA,35,0.777777777777778,0.725,0.5625,0,0,0.725,0.5625,0.440449441432308,-0.377535405326325,0.471911578354342,0.521139157700595,0.755070810652649,-0.335587026956733,-0.157310684610171
"Exp. 3","KXZM","Strategic","Conservative",160,24,13,56,67,80,80,37,123,1233.0974999845,1026.90000057221,"Conservative",NA,NA,NA,0.3,0.1625,0,0,0.3,0.1625,0.459834447738284,0.754317736577183,0.262987455649019,0.290421060658622,-1.50863547315437,0.670504654735274,0.984234960446325
"Exp. 3","KXZM","Strategic","Liberal",160,43,29,37,51,80,80,72,88,1716.50875000358,1541.09999990463,"Liberal",NA,NA,NA,0.5375,0.3625,0,0,0.5375,0.3625,0.445921759258693,0.12882346530581,0.375564890271661,0.414742039728318,-0.25764693061162,0.114509746938498,0.351784344935156
"Exp. 3","KXZM","FPF","Conservative",160,26,9,54,71,80,80,35,125,2419.286875,2068.05,"Conservative",NA,42,0.777777777777778,0.325,0.1125,0,0,0.325,0.1125,0.759577432318639,0.833550906329199,0.516909507820935,0.570831057912637,-1.6671018126584,0.740934138959288,1.21333962248852
"Exp. 3","KXZM","FPF","Liberal",160,39,17,41,63,80,80,56,104,2182.29,1738.95,"Liberal",NA,13,0.764705882352941,0.4875,0.2125,0,0,0.4875,0.2125,0.766438864103812,0.414557414073332,0.606883494878764,0.670190704890982,-0.829114828146665,0.368495479176295,0.797776846125238
"Exp. 3","LNDP","Strategic","Conservative",159,33,10,47,69,80,79,43,116,1219.51572330643,1070.7000002861,"Conservative",NA,NA,NA,0.4125,0.126582278481013,0,0,0.4125,0.126582278481013,0.921577947161272,0.681907686578206,0.693038615129503,0.765333118975493,-1.36381537315641,0.606140165847295,1.14269666015884
"Exp. 3","LNDP","Strategic","Liberal",160,49,42,31,38,80,80,91,69,1541.16124999821,1097.95000004769,"Liberal",NA,NA,NA,0.6125,0.525,0,0,0.6125,0.525,0.223134096937952,-0.17427382641219,0.235675452526595,0.260259998808919,0.34854765282438,-0.154910067921947,-0.0627067779432138
"Exp. 3","LNDP","FPF","Conservative",160,37,28,43,52,80,80,65,95,790.506874978542,734.900000095367,"Conservative",NA,36,0.837209302325581,0.4625,0.35,0,0,0.4625,0.35,0.291183052084031,0.239728940365552,0.214118958802518,0.236454833821192,-0.479457880731104,0.213092391436046,0.385320466407568
"Exp. 3","LNDP","FPF","Liberal",160,45,40,35,40,80,80,85,75,1181.18812501132,1054.15000009537,"Liberal",NA,35,0.875,0.5625,0.5,0,0,0.5625,0.5,0.157310684610171,-0.0786553423050853,0.157310684610171,0.1737205896938,0.157310684610171,-0.0699158598267425,0
"Exp. 3","LTZX","Strategic","Conservative",160,36,40,44,40,80,80,76,84,1609.70562500022,1139.20000001788,"Conservative",NA,NA,NA,0.45,0.5,0,0,0.45,0.5,-0.125661346855074,0.062830673427537,-0.125661346855074,-0.138769743018264,-0.125661346855074,0.055849487491144,0
"Exp. 3","LTZX","Strategic","Liberal",159,52,52,28,27,80,79,104,55,1340.34088050269,1028.5,"Liberal",NA,NA,NA,0.65,0.658227848101266,0,0,0.65,0.658227848101266,-0.0223109392583067,-0.396475936036721,0.0592153418748682,0.0653924057028546,0.792951872073442,-0.352423054254863,-0.407631405665874
"Exp. 3","LTZX","FPF","Conservative",160,26,21,54,59,80,80,47,113,868.354375,730.4,"Conservative",NA,37,0.685185185185185,0.325,0.2625,0,0,0.325,0.2625,0.181894823527703,0.544709601933731,0.0547634207881867,0.0604760813071844,-1.08941920386746,0.484186312829983,0.635657013697583
"Exp. 3","LTZX","FPF","Liberal",160,51,39,29,41,80,80,90,70,1077.155625,890.8,"Liberal",NA,26,0.666666666666667,0.6375,0.4875,0,0,0.6375,0.4875,0.383122326956583,-0.160223181456865,0.376854730552297,0.416166430034153,0.320446362913729,-0.142420605739435,0.0313379820214266
"Exp. 3","LZPK","Strategic","Conservative",159,45,22,34,58,79,80,67,92,2188.08176100254,1819.69999998808,"Conservative",NA,NA,NA,0.569620253164557,0.275,0,0,0.569620253164557,0.275,0.773167567663858,0.21117634221055,0.653615542455362,0.721797618195843,-0.422352684421099,0.187712304187155,0.597760126042478
"Exp. 3","LZPK","Strategic","Liberal",160,62,26,18,54,80,80,88,72,2328.67937500067,1776.40000000596,"Liberal",NA,NA,NA,0.775,0.325,0,0,0.775,0.325,1.20917721653035,-0.150826418095295,1.11842477849637,1.23509355089277,0.30165283619059,-0.134067927195818,0.453762190169879
"Exp. 3","LZPK","FPF","Conservative",160,50,26,30,54,80,80,76,84,1776.563125,1381.5,"Conservative",NA,22,0.733333333333333,0.625,0.325,0,0,0.625,0.325,0.772401554134254,0.0675614131027521,0.681649116100279,0.75275552138524,-0.135122826205504,0.0600545894246685,0.453762190169879
"Exp. 3","LZPK","FPF","Liberal",160,65,40,15,40,80,80,105,55,1506.941875,1291.25,"Liberal",NA,27,0.675,0.8125,0.5,0,0,0.8125,0.5,0.887146559018876,-0.443573279509438,0.887146559018876,0.979689483645034,0.887146559018876,-0.394287359563945,0
"Exp. 3","MDBT","Strategic","Conservative",160,44,21,36,59,80,80,65,95,1264.55875000134,1151.55000001192,"Conservative",NA,NA,NA,0.55,0.2625,0,0,0.55,0.2625,0.761318360552657,0.254997833421254,0.63418695781314,0.700342335680694,-0.509995666842508,0.226664740818893,0.635657013697583
"Exp. 3","MDBT","Strategic","Liberal",160,55,36,25,44,80,80,91,69,1235.89937500097,1114.90000000596,"Liberal",NA,NA,NA,0.6875,0.45,0,0,0.6875,0.45,0.614437757969743,-0.181557532129798,0.589305488598729,0.650779044302407,0.363115064259595,-0.161384473004265,0.125661346855074
"Exp. 3","MDBT","FPF","Conservative",160,48,25,32,55,80,80,73,87,1318.6475,1155.55,"Conservative",NA,23,0.71875,0.6,0.3125,0,0,0.6,0.3125,0.742123514250469,0.117714653989435,0.644368232027535,0.711585672169515,-0.23542930797887,0.104635247990609,0.488776411114669
"Exp. 3","MDBT","FPF","Liberal",160,49,15,31,65,80,80,64,96,1379.008125,1246,"Liberal",NA,13,0.866666666666667,0.6125,0.1875,0,0,0.6125,0.1875,1.17298743390004,0.300652842068855,0.995558122096267,1.09941002719299,-0.60130568413771,0.267246970727871,0.887146559018876
"Exp. 3","MHKL","Strategic","Conservative",160,59,20,21,60,80,80,79,81,1285.96812499464,953.399999976158,"Conservative",NA,NA,NA,0.7375,0.25,0,0,0.7375,0.25,1.31014676389366,0.0194163682492495,1.17524881385445,1.297845200316,-0.0388327364984989,0.0172589939993329,0.674489750196082
"Exp. 3","MHKL","Strategic","Liberal",160,54,23,26,57,80,80,77,83,1095.65937500447,903.75,"Liberal",NA,NA,NA,0.675,0.2875,0,0,0.675,0.2875,1.01446522204496,0.0534704208526018,0.902324615669946,0.996450843233316,-0.106940841705204,0.0475292629800905,0.560703031875083
"Exp. 3","MHKL","FPF","Conservative",160,48,34,32,46,80,80,82,78,1052.66875,896.35,"Conservative",NA,24,0.75,0.6,0.425,0,0,0.6,0.425,0.442465529408592,-0.0321143384315036,0.404641844154034,0.446852163636702,0.0642286768630073,-0.028546078605781,0.189118426272792
"Exp. 3","MHKL","FPF","Liberal",160,52,23,28,57,80,80,75,85,1348.725625,1077.45,"Liberal",NA,15,0.652173913043478,0.65,0.2875,0,0,0.65,0.2875,0.946023498282651,0.0876912827337578,0.833882891907634,0.920869603210663,-0.175382565467516,0.0779478068744514,0.560703031875083
"Exp. 3","MHVX","Strategic","Conservative",160,42,20,38,60,80,80,62,98,1626.27812500014,1262.90000000223,"Conservative",NA,NA,NA,0.525,0.25,0,0,0.525,0.25,0.737196528139296,0.305891486126434,0.602298578100079,0.665127511323019,-0.611782972252868,0.271903543223497,0.674489750196082
"Exp. 3","MHVX","Strategic","Liberal",160,54,51,26,29,80,80,105,55,1268.87250000061,1023.35000000149,"Liberal",NA,NA,NA,0.675,0.6375,0,0,0.675,0.6375,0.101977845234724,-0.402773267552518,0.172334714221755,0.190311854871809,0.805546535105036,-0.358020682268905,-0.351784344935156
"Exp. 3","MHVX","FPF","Conservative",160,38,24,42,56,80,80,62,98,1443.18125,1071.35,"Conservative",NA,32,0.761904761904762,0.475,0.3,0,0,0.475,0.3,0.461693734764827,0.293553645325627,0.356813632223219,0.394034739307191,-0.587107290651254,0.26093657362278,0.524400512708041
"Exp. 3","MHVX","FPF","Liberal",160,60,50,20,30,80,80,110,50,1912.08,1485.95,"Liberal",NA,39,0.78,0.75,0.625,0,0,0.75,0.625,0.355850386231707,-0.496564557080228,0.419578259024582,0.463346674519118,0.993129114160457,-0.441390717404647,-0.318639363964375
"Exp. 3","MXGP","Strategic","Conservative",160,29,20,51,60,80,80,49,111,1106.15312500484,846.5,"Conservative",NA,NA,NA,0.3625,0.25,0,0,0.3625,0.25,0.322705405260926,0.513137047565619,0.187807455221709,0.207398638883667,-1.02627409513124,0.456121820058328,0.674489750196082
"Exp. 3","MXGP","Strategic","Liberal",160,48,53,32,27,80,80,101,59,1113.19187499993,857.450000017882,"Liberal",NA,NA,NA,0.6,0.6625,0,0,0.6,0.6625,-0.165948649905596,-0.336321428088598,-0.082089499297317,-0.0906526868212276,0.672642856177196,-0.298952380523198,-0.419295753041396
"Exp. 3","MXGP","FPF","Conservative",160,46,25,34,55,80,80,71,89,1460.27249999642,1164.19999998808,"Conservative",NA,23,0.676470588235294,0.575,0.3125,0,0,0.575,0.3125,0.677894837387462,0.149828992420939,0.580139555164528,0.640656964132014,-0.299657984841877,0.13318132659639,0.488776411114669
"Exp. 3","MXGP","FPF","Liberal",160,58,41,22,39,80,80,99,61,1009.22062500082,867.300000011921,"Liberal",NA,34,0.829268292682927,0.725,0.5125,0,0,0.725,0.5125,0.566422144021052,-0.314549054031952,0.572689740425337,0.632430020025777,0.629098108063905,-0.279599159139513,-0.0313379820214265
"Exp. 3","NDRL","Strategic","Conservative",160,48,16,32,64,80,80,64,96,1506.37187499995,1294.29999999982,"Conservative",NA,NA,NA,0.6,0.2,0,0,0.6,0.2,1.09496833670871,0.294137065218557,0.926644089994131,1.02330720986289,-0.588274130437114,0.261455169083162,0.841621233572914
"Exp. 3","NDRL","Strategic","Liberal",160,44,13,36,67,80,80,57,103,1247.11124999997,1101.25,"Liberal",NA,NA,NA,0.55,0.1625,0,0,0.55,0.1625,1.1098963073014,0.429286806795625,0.913049315212134,1.0082942926047,-0.858573613591251,0.381588272707223,0.984234960446325
"Exp. 3","NDRL","FPF","Conservative",159,33,15,47,64,80,79,48,111,1133.16981132075,995.1,"Conservative",NA,40,0.851063829787234,0.4125,0.189873417721519,0,0,0.4125,0.189873417721519,0.657244142147315,0.549740784071228,0.481571571118338,0.531806835128596,-1.09948156814246,0.488658474729981,0.878362855144886
"Exp. 3","NDRL","FPF","Liberal",160,47,32,33,48,80,80,79,81,873.421875,809.7,"Liberal",NA,25,0.78125,0.5875,0.4,0,0,0.5875,0.4,0.47446581613337,0.0161141950691146,0.42379639550621,0.468004827007701,-0.0322283901382292,0.0143237289503241,0.2533471031358
"Exp. 3","NPKB","Strategic","Conservative",160,34,32,46,48,80,80,66,94,925.728749996424,812.099999904633,"Conservative",NA,NA,NA,0.425,0.4,0,0,0.425,0.4,0.0642286768630073,0.221232764704296,0.0135592562358473,0.014973693585645,-0.442465529408592,0.196651346403819,0.2533471031358
"Exp. 3","NPKB","Strategic","Liberal",160,40,40,40,40,80,80,80,80,1088.08874997497,884.200000047684,"Liberal",NA,NA,NA,0.5,0.5,0,0,0.5,0.5,0,0,0,0,0,0,0
"Exp. 3","NPKB","FPF","Conservative",160,26,7,54,73,80,80,33,127,1110.6425,922.8,"Conservative",NA,41,0.759259259259259,0.325,0.0875,0,0,0.325,0.0875,0.902549555165368,0.905036967752563,0.631287206098318,0.697140095609635,-1.81007393550513,0.804477304668945,1.35631174533525
"Exp. 3","NPKB","FPF","Liberal",159,30,24,50,55,80,79,54,105,924.594339622642,827.6,"Liberal",NA,18,0.75,0.375,0.30379746835443,0,0,0.375,0.30379746835443,0.194870179596557,0.416074453762654,0.0921682708843709,0.101782828094409,-0.832148907525308,0.369843958900137,0.513509543560932
"Exp. 3","NSVX","Strategic","Conservative",160,45,21,35,59,80,80,66,94,1042.53312502801,883.600000143051,"Conservative",NA,NA,NA,0.5625,0.2625,0,0,0.5625,0.2625,0.792967698307753,0.239173164543706,0.665836295568237,0.73529318235623,-0.478346329087412,0.212598368483294,0.635657013697583
"Exp. 3","NSVX","Strategic","Liberal",160,62,41,18,39,80,80,103,57,920.604375016689,888.200000047683,"Liberal",NA,NA,NA,0.775,0.5125,0,0,0.775,0.5125,0.724077044339043,-0.393376504190948,0.730344640743328,0.806530732378713,0.786753008381896,-0.349668003725287,-0.0313379820214265
"Exp. 3","NSVX","FPF","Conservative",160,38,14,42,66,80,80,52,108,923.04,840.45,"Conservative",NA,31,0.738095238095238,0.475,0.175,0,0,0.475,0.175,0.871882513130266,0.498648034508347,0.68496465491557,0.756416921496571,-0.997296069016694,0.443242697340753,0.93458929107348
"Exp. 3","NSVX","FPF","Liberal",160,61,16,19,64,80,80,77,83,1029.074375,940.6,"Liberal",NA,10,0.625,0.7625,0.2,0,0,0.7625,0.2,1.5559886738531,0.0636268966463634,1.38766442713852,1.53241900368684,-0.127253793292727,0.0565572414634341,0.841621233572914
"Exp. 3","NVPY","Strategic","Conservative",160,56,15,24,65,80,80,71,89,1593.92187500894,1305.79999995232,"Conservative",NA,NA,NA,0.7,0.1875,0,0,0.7,0.1875,1.41154707172692,0.181373023155418,1.23411775992314,1.36285507584384,-0.362746046310835,0.161220465027038,0.887146559018876
"Exp. 3","NVPY","Strategic","Liberal",159,43,16,36,64,79,80,59,100,1283.26603774005,1004,"Liberal",NA,NA,NA,0.544303797468354,0.2,0,0,0.544303797468354,0.2,0.952903641663194,0.365169412741317,0.784579394948612,0.866422999110549,-0.730338825482634,0.324595033547837,0.841621233572914
"Exp. 3","NVPY","FPF","Conservative",160,39,16,41,64,80,80,55,105,1156.12875,918.85,"Conservative",NA,33,0.804878048780488,0.4875,0.2,0,0,0.4875,0.2,0.810283251551488,0.43647960779717,0.641959004836905,0.708925125816292,-0.872959215594341,0.387981873597485,0.841621233572914
"Exp. 3","NVPY","FPF","Liberal",160,45,27,35,53,80,80,72,88,1056.058125,929.15,"Liberal",NA,20,0.740740740740741,0.5625,0.3375,0,0,0.5625,0.3375,0.576606437651567,0.130992534215613,0.492747287043287,0.544148348774307,-0.261985068431225,0.116437808191656,0.419295753041396
"Exp. 3","NVQM","Strategic","Conservative",160,43,9,37,71,80,80,52,108,1398.54124999866,1177.29999998212,"Conservative",NA,NA,NA,0.5375,0.1125,0,0,0.5375,0.1125,1.30747703681205,0.559601104082491,1.06480911231435,1.17588495251276,-1.11920220816498,0.497423203628881,1.21333962248852
"Exp. 3","NVQM","Strategic","Liberal",160,40,17,40,63,80,80,57,103,1380.83874999732,1210.79999998212,"Liberal",NA,NA,NA,0.5,0.2125,0,0,0.5,0.2125,0.797776846125238,0.398888423062619,0.638221476900191,0.704797716678305,-0.797776846125238,0.354567487166773,0.797776846125238
"Exp. 3","NVQM","FPF","Conservative",160,35,6,45,74,80,80,41,119,1421.830625,1140.75,"Conservative",NA,30,0.666666666666667,0.4375,0.075,0,0,0.4375,0.075,1.28222078632829,0.798421077774313,0.994314492140594,1.09803666765422,-1.59684215554863,0.709707624688278,1.43953147093846
"Exp. 3","NVQM","FPF","Liberal",160,34,21,46,59,80,80,55,105,1319.549375,1091.35,"Liberal",NA,14,0.666666666666667,0.425,0.2625,0,0,0.425,0.2625,0.44653858742479,0.412387719985188,0.319407184685274,0.352726228440651,-0.824775439970375,0.366566862209056,0.635657013697583
"Exp. 3","NXZB","Strategic","Conservative",159,32,12,47,68,79,80,44,115,1213.5999999976,1058.7000002861,"Conservative",NA,NA,NA,0.40506329113924,0.15,0,0,0.40506329113924,0.15,0.796170654691061,0.638348062148259,0.588883976792303,0.650313562381986,-1.27669612429652,0.567420499687341,1.03643338949379
"Exp. 3","NXZB","Strategic","Liberal",160,56,37,24,43,80,80,93,67,1476.95812499225,1184.5,"Liberal",NA,NA,NA,0.7,0.4625,0,0,0.7,0.4625,0.618537927031577,-0.215131549192252,0.59971044416687,0.662269395523715,0.430263098384504,-0.191228043726446,0.0941374143235364
"Exp. 3","NXZB","FPF","Conservative",160,42,31,38,49,80,80,73,87,1473.2025,1204,"Conservative",NA,30,0.789473684210526,0.525,0.3875,0,0,0.525,0.3875,0.348547652824379,0.111567048468976,0.291379477848146,0.321774804056627,-0.223134096937952,0.0991707097502008,0.285840874881166
"Exp. 3","NXZB","FPF","Liberal",160,42,24,38,56,80,80,66,94,1518.605,1288.25,"Liberal",NA,21,0.875,0.525,0.3,0,0,0.525,0.3,0.587107290651254,0.230846867382413,0.482227188109646,0.532530842977303,-0.461693734764827,0.205197215451034,0.524400512708041
"Exp. 3","NYXL","Strategic","Conservative",160,58,47,22,33,80,80,105,55,815.013749999995,755.950000000186,"Conservative",NA,NA,NA,0.725,0.5875,0,0,0.725,0.5875,0.376641413044908,-0.409439419520024,0.420865155644422,0.464767814095413,0.818878839040049,-0.363946150684466,-0.221118712997571
"Exp. 3","NYXL","Strategic","Liberal",159,64,53,16,26,80,79,117,42,693.584276729556,611.700000000186,"Liberal",NA,NA,NA,0.8,0.670886075949367,0,0,0.8,0.670886075949367,0.399260029301196,-0.641991218922317,0.487732270155539,0.538610189092255,1.28398243784463,-0.570658861264281,-0.442361204271719
"Exp. 3","NYXL","FPF","Conservative",160,55,14,25,66,80,80,69,91,990.516875,858.3,"Conservative",NA,20,0.8,0.6875,0.175,0,0,0.6875,0.175,1.42336570218815,0.222906439979405,1.23644784397345,1.36542822321942,-0.445812879958811,0.198139057759471,0.93458929107348
"Exp. 3","NYXL","FPF","Liberal",160,47,25,33,55,80,80,72,88,875.330625,795.75,"Liberal",NA,18,0.72,0.5875,0.3125,0,0,0.5875,0.3125,0.70989512411224,0.133828849058549,0.612139841889306,0.675995369110513,-0.267657698117099,0.118958976940933,0.488776411114669
"Exp. 3","PHYS","Strategic","Conservative",159,53,14,27,65,80,79,67,92,1859.36477987271,1423.29999995232,"Conservative",NA,NA,NA,0.6625,0.177215189873418,0,0,0.6625,0.177215189873418,1.34532577251847,0.253367133217839,1.16011976862305,1.28113796478642,-0.506734266435678,0.225215229526968,0.926030019477074
"Exp. 3","PHYS","Strategic","Liberal",160,72,14,8,66,80,80,86,74,2085.04624999762,1445.89999997615,"Liberal",NA,NA,NA,0.9,0.175,0,0,0.9,0.175,2.21614085661808,-0.17348113723556,2.02922299840339,2.24090192459862,0.346962274471121,-0.154205455320498,0.93458929107348
"Exp. 3","PHYS","FPF","Conservative",160,64,9,16,71,80,80,73,87,1515.07625,1113.8,"Conservative",NA,13,0.8125,0.8,0.1125,0,0,0.8,0.1125,2.05496085606143,0.185859194457802,1.81229293156373,2.0013427412724,-0.371718388915603,0.165208172851379,1.21333962248852
"Exp. 3","PHYS","FPF","Liberal",160,54,10,26,70,80,80,64,96,1673.54375,1211.55,"Liberal",NA,7,0.7,0.675,0.125,0,0,0.675,0.125,1.60411157054589,0.348293595103064,1.37404169447069,1.51737521210866,-0.696587190206128,0.309594306758279,1.15034938037601
"Exp. 3","PNCX","Strategic","Conservative",160,21,7,59,73,80,80,28,132,1562.61312500238,1347,"Conservative",NA,NA,NA,0.2625,0.0875,0,0,0.2625,0.0875,0.720654731637665,0.995984379516415,0.449392382570615,0.496270866136843,-1.99196875903283,0.885319448459035,1.35631174533525
"Exp. 3","PNCX","Strategic","Liberal",160,31,7,49,73,80,80,38,122,1785.79625000358,1434.75000023842,"Liberal",NA,NA,NA,0.3875,0.0875,0,0,0.3875,0.0875,1.07047087045408,0.821076310108206,0.799208521387032,0.882578166687916,-1.64215262021641,0.729845608985072,1.35631174533525
"Exp. 3","PNCX","FPF","Conservative",160,30,2,50,78,80,80,32,128,1591.23,1276.35,"Conservative",NA,37,0.74,0.375,0.025,0,0,0.375,0.025,1.64132462057568,1.13930167425221,1.24933182366767,1.37965619861492,-2.27860334850443,1.0127125993353,1.95996398454005
"Exp. 3","PNCX","FPF","Liberal",160,38,26,42,54,80,80,64,96,1495.19875,1309.4,"Liberal",NA,19,0.730769230769231,0.475,0.325,0,0,0.475,0.325,0.391055412226665,0.258234484056547,0.30030297419269,0.33162915724914,-0.516468968113093,0.229541763605819,0.453762190169879
"Exp. 3","PYTC","Strategic","Conservative",160,19,7,61,73,80,80,26,134,1138.79812499434,861.300000011921,"Conservative",NA,NA,NA,0.2375,0.0875,0,0,0.2375,0.0875,0.64194430505506,1.03533959280772,0.37068195598801,0.409349740881651,-2.07067918561543,0.920301860273527,1.35631174533525
"Exp. 3","PYTC","Strategic","Liberal",160,56,15,24,65,80,80,71,89,1424.29187500104,992.25,"Liberal",NA,NA,NA,0.7,0.1875,0,0,0.7,0.1875,1.41154707172692,0.181373023155418,1.23411775992314,1.36285507584384,-0.362746046310835,0.161220465027038,0.887146559018876
"Exp. 3","PYTC","FPF","Conservative",160,32,14,48,66,80,80,46,114,883.461875,825,"Conservative",NA,35,0.729166666666667,0.4,0.175,0,0,0.4,0.175,0.68124218793768,0.59396819710464,0.494324329722984,0.545889901072348,-1.18793639420928,0.52797173075968,0.93458929107348
"Exp. 3","PYTC","FPF","Liberal",160,45,28,35,52,80,80,73,87,1236.69625,1022.4,"Liberal",NA,20,0.714285714285714,0.5625,0.35,0,0,0.5625,0.35,0.542631151017738,0.114004890898698,0.465567057736225,0.514132806759875,-0.228009781797397,0.101337680798843,0.385320466407568
"Exp. 3","PZWH","Strategic","Conservative",160,51,6,29,74,80,80,57,103,1259.14062500075,1002.25,"Conservative",NA,NA,NA,0.6375,0.075,0,0,0.6375,0.075,1.79131581587361,0.54387356300165,1.50340952168592,1.66023807795231,-1.0877471260033,0.483443167112578,1.43953147093846
"Exp. 3","PZWH","Strategic","Liberal",160,53,11,27,69,80,80,64,96,1273.49312499948,1048.59999996424,"Liberal",NA,NA,NA,0.6625,0.1375,0,0,0.6625,0.1375,1.51091612047556,0.336162307196386,1.29259204698873,1.42742912341175,-0.672324614392772,0.298810939730121,1.09162036743417
"Exp. 3","PZWH","FPF","Conservative",160,38,11,42,69,80,80,49,111,1379.09687499739,1057.54999998212,"Conservative",NA,34,0.80952380952381,0.475,0.1375,0,0,0.475,0.1375,1.02891358949095,0.577163572688691,0.810589516004121,0.895146372726063,-1.15432714537738,0.513034286834392,1.09162036743417
"Exp. 3","PZWH","FPF","Liberal",160,52,12,28,68,80,80,64,96,1505.41999999955,1122.05000001192,"Liberal",NA,9,0.75,0.65,0.15,0,0,0.65,0.15,1.42175385590136,0.325556461543111,1.2144671780026,1.34115463834639,-0.651112923086222,0.289383521371654,1.03643338949379
"Exp. 3","QDCW","Strategic","Conservative",159,32,10,47,70,79,80,42,117,1380.80880499786,1101.60000038147,"Conservative",NA,NA,NA,0.40506329113924,0.125,0,0,0.40506329113924,0.125,0.91008664557328,0.695306057589368,0.680016769498078,0.750952896121599,-1.39061211517874,0.618049828968327,1.15034938037601
"Exp. 3","QDCW","Strategic","Liberal",160,44,20,36,60,80,80,64,96,1476.18500003815,1143.19999980927,"Liberal",NA,NA,NA,0.55,0.25,0,0,0.55,0.25,0.800151097051156,0.274414201670504,0.665253147011939,0.734649202506227,-0.548828403341008,0.243923734818226,0.674489750196082
"Exp. 3","QDCW","FPF","Conservative",160,29,22,51,58,80,80,51,109,876.406875,865.8,"Conservative",NA,42,0.823529411764706,0.3625,0.275,0,0,0.3625,0.275,0.245975781107322,0.474772235488817,0.126423755898827,0.139611682960213,-0.949544470977635,0.422019764878949,0.597760126042478
"Exp. 3","QDCW","FPF","Liberal",160,55,50,25,30,80,80,105,55,1252.535625,1128.85,"Liberal",NA,38,0.76,0.6875,0.625,0,0,0.6875,0.625,0.170137047150294,-0.403707887539522,0.233864919943169,0.25826060004696,0.807415775079044,-0.358851455590686,-0.318639363964375
"Exp. 3","QDCZ","Strategic","Conservative",160,34,14,46,66,80,80,48,112,1069.32562500127,932.049999982118,"Conservative",NA,NA,NA,0.425,0.175,0,0,0.425,0.175,0.745470864800688,0.561853858673136,0.558553006585992,0.616818609109849,-1.12370771734627,0.499425652153899,0.93458929107348
"Exp. 3","QDCZ","Strategic","Liberal",160,31,18,49,62,80,80,49,111,980.753749999031,866.09999999404,"Liberal",NA,NA,NA,0.3875,0.225,0,0,0.3875,0.225,0.469574151479304,0.520627950620817,0.31849114620721,0.351714633169893,-1.04125590124163,0.462780400551838,0.755415026360469
"Exp. 3","QDCZ","FPF","Conservative",160,42,14,38,66,80,80,56,104,1354.3125,1179.4,"Conservative",NA,30,0.789473684210526,0.525,0.175,0,0,0.525,0.175,0.997296069016694,0.435941256565133,0.810378210801998,0.894913025166683,-0.871882513130266,0.387503339169007,0.93458929107348
"Exp. 3","QDCZ","FPF","Liberal",160,33,19,47,61,80,80,52,108,1086.785625,992.45,"Liberal",NA,12,0.631578947368421,0.4125,0.2375,0,0,0.4125,0.2375,0.493248727282617,0.467743076638879,0.350375239226579,0.386924723666306,-0.935486153277758,0.415771623679004,0.714367440280188
"Exp. 3","QHVN","Strategic","Conservative",160,35,17,45,63,80,80,52,108,1143.66499999762,1022.94999980926,"Conservative",NA,NA,NA,0.4375,0.2125,0,0,0.4375,0.2125,0.640466161515068,0.477543765367704,0.48091079229002,0.531077126984504,-0.955087530735409,0.424483346993515,0.797776846125238
"Exp. 3","QHVN","Strategic","Liberal",160,53,48,27,32,80,80,101,59,1105.86187497973,986.049999952317,"Liberal",NA,NA,NA,0.6625,0.6,0,0,0.6625,0.6,0.165948649905596,-0.336321428088598,0.216618070532756,0.23921464104321,0.672642856177196,-0.298952380523198,-0.2533471031358
"Exp. 3","QHVN","FPF","Conservative",160,43,26,37,54,80,80,69,91,1216.91812498868,1058.44999980927,"Conservative",NA,27,0.72972972972973,0.5375,0.325,0,0,0.5375,0.325,0.547899604493416,0.179812387923171,0.45714716645944,0.504834592329078,-0.359624775846343,0.159833233709486,0.453762190169879
"Exp. 3","QHVN","FPF","Liberal",160,60,49,20,31,80,80,109,51,1350.11187499762,1117.14999985695,"Liberal",NA,38,0.775510204081633,0.75,0.6125,0,0,0.75,0.6125,0.388648875314916,-0.480165312538624,0.445817050291149,0.492322572138382,0.960330625077247,-0.426813611145443,-0.285840874881166
"Exp. 3","QKGD","Strategic","Conservative",159,32,18,48,61,80,79,50,109,1740.86792451331,1339.80000019073,"Conservative",NA,NA,NA,0.4,0.227848101265823,0,0,0.4,0.227848101265823,0.492605242575546,0.499649724423573,0.343414773433277,0.379238175068845,-0.999299448847146,0.444133088376509,0.745952345711346
"Exp. 3","QKGD","Strategic","Liberal",159,13,7,66,73,79,80,20,139,1027.74339621322,740.099999904633,"Liberal",NA,NA,NA,0.164556962025316,0.0875,0,0,0.164556962025316,0.0875,0.380411547431685,1.1661059716194,0.109149198364635,0.120535125452528,-2.33221194323881,1.03653864143947,1.35631174533525
"Exp. 3","QKGD","FPF","Conservative",160,12,8,68,72,80,80,20,140,860.819999980926,750.899999856949,"Conservative",NA,55,0.808823529411765,0.15,0.1,0,0,0.15,0.1,0.245118176050811,1.1589924775192,-0.0111921370581087,-0.0123596477536579,-2.31798495503839,1.03021553557262,1.2815515655446
"Exp. 3","QKGD","FPF","Liberal",160,49,46,31,34,80,80,95,65,1304.25750002265,1053.80000019073,"Liberal",NA,35,0.760869565217391,0.6125,0.575,0,0,0.6125,0.575,0.0967224486083734,-0.237479650576979,0.134546133862932,0.148581348899542,0.474959301153958,-0.211093022735093,-0.189118426272792
"Exp. 3","QTGM","Strategic","Conservative",160,37,15,43,65,80,80,52,108,1276.97874999568,1054.85000002384,"Conservative",NA,NA,NA,0.4625,0.1875,0,0,0.4625,0.1875,0.793009144695339,0.490641986671206,0.615579832891564,0.679794203671145,-0.981283973342412,0.436126210374405,0.887146559018876
"Exp. 3","QTGM","Strategic","Liberal",160,42,23,38,57,80,80,65,95,1248.92937500328,942.850000023842,"Liberal",NA,NA,NA,0.525,0.2875,0,0,0.525,0.2875,0.623409809818297,0.248998126965935,0.51126920344328,0.564602383713126,-0.497996253931869,0.221331668414164,0.560703031875083
"Exp. 3","QTGM","FPF","Conservative",160,35,40,45,40,80,80,75,85,890.459999999404,698.149999976158,"Conservative",NA,31,0.688888888888889,0.4375,0.5,0,0,0.4375,0.5,-0.157310684610171,0.0786553423050853,-0.157310684610171,-0.1737205896938,-0.157310684610171,0.0699158598267425,0
"Exp. 3","QTGM","FPF","Liberal",160,42,48,38,32,80,80,90,70,1113.9900000006,1002.15000009537,"Liberal",NA,33,0.6875,0.525,0.6,0,0,0.525,0.6,-0.190640325192586,-0.158026940539507,-0.139970904565426,-0.154572005972367,0.316053881079014,-0.140468391590673,-0.2533471031358
"Exp. 3","QZKF","Strategic","Conservative",160,44,31,36,49,80,80,75,85,1518.97812500261,1211.44999998808,"Conservative",NA,NA,NA,0.55,0.3875,0,0,0.55,0.3875,0.41150222173624,0.0800897640130457,0.354334046760007,0.391296495239836,-0.160179528026091,0.0711909013449295,0.285840874881166
"Exp. 3","QZKF","Strategic","Liberal",160,48,50,32,30,80,80,98,62,1628.53937499523,1240.44999998808,"Liberal",NA,NA,NA,0.6,0.625,0,0,0.6,0.625,-0.0652922608285754,-0.285993233550087,-0.00156438803570036,-0.00172757758155622,0.571986467100175,-0.254216207600078,-0.318639363964375
"Exp. 3","QZKF","FPF","Conservative",160,33,26,47,54,80,80,59,101,784.313749996647,740.399999976158,"Conservative",NA,37,0.787234042553192,0.4125,0.325,0,0,0.4125,0.325,0.232643477172309,0.337440451583725,0.141891039138333,0.156692439883919,-0.67488090316745,0.299947068074422,0.453762190169879
"Exp. 3","QZKF","FPF","Liberal",160,48,24,32,56,80,80,72,88,1080.40124999993,921.100000023842,"Liberal",NA,16,0.666666666666667,0.6,0.3,0,0,0.6,0.3,0.77774761584384,0.13552670478612,0.672867513302232,0.743057863401526,-0.271053409572241,0.120468182032107,0.524400512708041
"Exp. 3","RBWH","Strategic","Conservative",160,38,12,42,68,80,80,50,110,1265.62375001311,933.450000047684,"Conservative",NA,NA,NA,0.475,0.15,0,0,0.475,0.15,0.973726611550576,0.549570083718502,0.766439933651818,0.846391315178744,-1.099140167437,0.488506741083113,1.03643338949379
"Exp. 3","RBWH","Strategic","Liberal",158,68,33,11,46,79,79,101,57,1542.87721517418,1128.29999995231,"Liberal",NA,NA,NA,0.860759493670886,0.417721518987342,0,0,0.860759493670886,0.417721518987342,1.29146377370568,-0.438006043820996,1.24991860509931,1.38030419030461,0.876012087641991,-0.389338705618663,0.207725843031845
"Exp. 3","RBWH","FPF","Conservative",160,56,20,24,60,80,80,76,84,1058.5225,958.1,"Conservative",NA,17,0.708333333333333,0.7,0.25,0,0,0.7,0.25,1.19889026290412,0.0750446187440205,1.06399231286491,1.17498294841577,-0.150089237488041,0.0667063277724627,0.674489750196082
"Exp. 3","RBWH","FPF","Liberal",160,62,38,18,42,80,80,100,60,907.0825,834.2,"Liberal",NA,29,0.763157894736842,0.775,0.475,0,0,0.775,0.475,0.818121804303683,-0.346354124208628,0.80558044871504,0.889614783276616,0.692708248417256,-0.307870332629891,0.0627067779432138
"Exp. 3","RLBQ","Strategic","Conservative",160,52,39,28,41,80,80,91,69,816.143125009537,768.900000572204,"Conservative",NA,NA,NA,0.65,0.4875,0,0,0.65,0.4875,0.416658448428994,-0.17699124219307,0.410390852024709,0.453200880762451,0.353982484386141,-0.157325548616063,0.0313379820214266
"Exp. 3","RLBQ","Strategic","Liberal",160,24,13,56,67,80,80,37,123,743.165625041723,665.299999713897,"Liberal",NA,NA,NA,0.3,0.1625,0,0,0.3,0.1625,0.459834447738284,0.754317736577183,0.262987455649019,0.290421060658622,-1.50863547315437,0.670504654735274,0.984234960446325
"Exp. 3","RLBQ","FPF","Conservative",160,32,17,48,63,80,80,49,111,952.634375,854.85,"Conservative",NA,28,0.583333333333333,0.4,0.2125,0,0,0.4,0.2125,0.544429742989438,0.525561974630519,0.384874373764391,0.425022644419026,-1.05112394926104,0.467166199671572,0.797776846125238
"Exp. 3","RLBQ","FPF","Liberal",160,63,65,17,15,80,80,128,32,431.905625,318.9,"Liberal",NA,48,0.738461538461539,0.7875,0.8125,0,0,0.7875,0.8125,-0.0893697128936377,-0.842461702572057,0.0880595989101374,0.0972455589318536,1.68492340514411,-0.748854846730717,-0.887146559018876
"Exp. 3","RTDV","Strategic","Conservative",160,21,8,59,72,80,80,29,131,2687.24187499285,2141.80000019073,"Conservative",NA,NA,NA,0.2625,0.1,0,0,0.2625,0.1,0.645894551847018,0.958604289621092,0.389584238738098,0.430223820185555,-1.91720857924218,0.852092701885415,1.2815515655446
"Exp. 3","RTDV","Strategic","Liberal",158,63,55,15,25,78,80,118,40,2284.66265821457,1748.29999995231,"Liberal",NA,NA,NA,0.807692307692308,0.6875,0,0,0.807692307692308,0.6875,0.380647362174217,-0.679100092201778,0.47840264439715,0.528307340990194,1.35820018440356,-0.60364452640158,-0.488776411114669
"Exp. 3","RTDV","FPF","Conservative",160,47,24,33,56,80,80,71,89,1631.31812498271,1451.5,"Conservative",NA,24,0.727272727272727,0.5875,0.3,0,0,0.5875,0.3,0.745519225705611,0.151640899855235,0.640639123164003,0.707467560342524,-0.30328179971047,0.134791910982431,0.524400512708041
"Exp. 3","RTDV","FPF","Liberal",160,56,36,24,44,80,80,92,68,1460.11687498987,1300.54999995231,"Liberal",NA,26,0.722222222222222,0.7,0.45,0,0,0.7,0.45,0.650061859563115,-0.199369582926483,0.6249295901921,0.69011928334242,0.398739165852967,-0.177217407045763,0.125661346855074
"Exp. 3","RYHQ","Strategic","Conservative",160,48,19,32,61,80,80,67,93,1208.31625000276,988.149999976158,"Conservative",NA,NA,NA,0.6,0.2375,0,0,0.6,0.2375,0.967714543415987,0.230510168572194,0.82484105535995,0.910884565125862,-0.461020337144388,0.204897927619728,0.714367440280188
"Exp. 3","RYHQ","Strategic","Liberal",160,53,23,27,57,80,80,76,84,1365.67312500067,1173.34999999404,"Liberal",NA,NA,NA,0.6625,0.2875,0,0,0.6625,0.2875,0.979998784916479,0.0707036394168437,0.867858178541463,0.958389030728704,-0.141407278833687,0.0628476794816388,0.560703031875083
"Exp. 3","RYHQ","FPF","Conservative",160,61,34,19,46,80,80,95,65,978.78125000298,880.800000011921,"Conservative",NA,15,0.789473684210526,0.7625,0.425,0,0,0.7625,0.425,0.90348586655298,-0.262624507003697,0.865662181298421,0.955963957460652,0.525249014007395,-0.233444006225509,0.189118426272792
"Exp. 3","RYHQ","FPF","Liberal",160,60,29,20,51,80,80,89,71,1037.39312499911,898.09999999404,"Liberal",NA,25,0.862068965517241,0.75,0.3625,0,0,0.75,0.3625,1.02627409513124,-0.161352702630463,0.955917226144207,1.05563398084339,0.322705405260926,-0.143424624560411,0.351784344935156
"Exp. 3","RZLY","Strategic","Conservative",160,47,6,33,74,80,80,53,107,1889.78375001848,1299.75,"Conservative",NA,NA,NA,0.5875,0.075,0,0,0.5875,0.075,1.66065018393603,0.609206378970443,1.37274388974834,1.5159420265483,-1.21841275794089,0.54151678130706,1.43953147093846
"Exp. 3","RZLY","Strategic","Liberal",160,44,12,36,68,80,80,56,104,1555.32062498629,1262.20000004768,"Liberal",NA,NA,NA,0.55,0.15,0,0,0.55,0.15,1.16209473634886,0.455386021319358,0.954808058450106,1.05440911003206,-0.910772042638715,0.404787574506096,1.03643338949379
"Exp. 3","RZLY","FPF","Conservative",160,30,20,50,60,80,80,50,110,2239.16312501132,1840.15000009537,"Conservative",NA,37,0.74,0.375,0.25,0,0,0.375,0.25,0.355850386231707,0.496564557080228,0.22095243619249,0.244001147186919,-0.993129114160457,0.441390717404647,0.674489750196082
"Exp. 3","RZLY","FPF","Liberal",160,47,18,33,62,80,80,65,95,2678.21687500477,2268.05000019073,"Liberal",NA,9,0.5,0.5875,0.225,0,0,0.5875,0.225,0.97653373935804,0.267148156681449,0.825450734085946,0.911557842647134,-0.534296313362899,0.237465028161288,0.755415026360469
"Exp. 3","SDXY","Strategic","Conservative",158,26,13,52,67,78,80,39,119,1564.5734177179,1280.14999985695,"Conservative",NA,NA,NA,0.333333333333333,0.1625,0,0,0.333333333333333,0.1625,0.553507661150867,0.707481129870891,0.356660669061602,0.393865819753486,-1.41496225974178,0.628872115440792,0.984234960446325
"Exp. 3","SDXY","Strategic","Liberal",160,44,18,36,62,80,80,62,98,2003.41187500656,1590.85000014305,"Liberal",NA,NA,NA,0.55,0.225,0,0,0.55,0.225,0.881076373215543,0.314876839752698,0.72999336794345,0.806142816465121,-0.629753679505395,0.27989052422462,0.755415026360469
"Exp. 3","SDXY","FPF","Conservative",160,37,18,43,62,80,80,55,105,1371.598125,1126.3,"Conservative",NA,33,0.767441860465116,0.4625,0.225,0,0,0.4625,0.225,0.661277612036933,0.424776220342003,0.510194606764839,0.563415690201974,-0.849552440684006,0.377578862526225,0.755415026360469
"Exp. 3","SDXY","FPF","Liberal",160,48,14,32,66,80,80,62,98,1439.14375,1295.4,"Liberal",NA,11,0.785714285714286,0.6,0.175,0,0,0.6,0.175,1.18793639420928,0.34062109396884,1.00101853599458,1.10544004559091,-0.68124218793768,0.30277430575008,0.93458929107348
"Exp. 3","SGXY","Strategic","Conservative",159,58,20,22,59,80,79,78,81,2661.13836475588,2176.7000002861,"Conservative",NA,NA,NA,0.725,0.253164556962025,0,0,0.725,0.253164556962025,1.26232457545306,0.0334021616840507,1.12941168557094,1.24722656004364,-0.0668043233681014,0.0296908103858228,0.66456444941058
"Exp. 3","SGXY","Strategic","Liberal",159,62,42,18,37,80,79,104,55,2595.79685535671,2160.2999997139,"Liberal",NA,NA,NA,0.775,0.531645569620253,0,0,0.775,0.531645569620253,0.676007975728931,-0.417411038496004,0.691889385855239,0.764064007549823,0.834822076992008,-0.37103203421867,-0.0794070506315384
"Exp. 3","SGXY","FPF","Conservative",160,39,19,41,61,80,80,58,102,1232.399375,1067.35,"Conservative",NA,35,0.853658536585366,0.4875,0.2375,0,0,0.4875,0.2375,0.683029458258761,0.372852711150807,0.540155970202723,0.596502481079261,-0.745705422301614,0.331424632134051,0.714367440280188
"Exp. 3","SGXY","FPF","Liberal",160,66,38,14,42,80,80,104,56,2010.300625,1677.6,"Liberal",NA,31,0.815789473684211,0.825,0.475,0,0,0.825,0.475,0.997296069016694,-0.435941256565133,0.984754713428051,1.08747965813258,0.871882513130266,-0.387503339169007,0.0627067779432138
"Exp. 3","SKGV","Strategic","Conservative",160,61,16,19,64,80,80,77,83,1739.62187500596,1466.65000009537,"Conservative",NA,NA,NA,0.7625,0.2,0,0,0.7625,0.2,1.5559886738531,0.0636268966463634,1.38766442713852,1.53241900368684,-0.127253793292727,0.0565572414634341,0.841621233572914
"Exp. 3","SKGV","Strategic","Liberal",159,63,20,17,59,80,79,83,76,1867.84088048695,1433.30000019073,"Liberal",NA,NA,NA,0.7875,0.253164556962025,0,0,0.7875,0.253164556962025,1.46234129553582,-0.0666061983573292,1.3294284056537,1.46810807643588,0.133212396714658,-0.0592055096509593,0.66456444941058
"Exp. 3","SKGV","FPF","Conservative",160,64,11,16,69,80,80,75,85,1146.20625,1031.85,"Conservative",NA,11,0.6875,0.8,0.1375,0,0,0.8,0.1375,1.93324160100708,0.124999566930627,1.71491752752025,1.89380959656564,-0.249999133861254,0.111110726160557,1.09162036743417
"Exp. 3","SKGV","FPF","Liberal",160,73,29,7,51,80,80,102,58,1411.685,1218.6,"Liberal",NA,23,0.793103448275862,0.9125,0.3625,0,0,0.9125,0.3625,1.7080960902704,-0.502263700200045,1.63773922128337,1.80858041518954,1.00452740040009,-0.44645662240004,0.351784344935156
"Exp. 3","SLPW","Strategic","Conservative",160,40,16,40,64,80,80,56,104,1476.66999999881,1190.09999990463,"Conservative",NA,NA,NA,0.5,0.2,0,0,0.5,0.2,0.841621233572914,0.420810616786457,0.673296986858331,0.743532137603614,-0.841621233572914,0.374053881587962,0.841621233572914
"Exp. 3","SLPW","Strategic","Liberal",160,42,15,38,65,80,80,57,103,1321.58687499166,981.799999952317,"Liberal",NA,NA,NA,0.525,0.1875,0,0,0.525,0.1875,0.94985333696209,0.412219890537831,0.772424025158315,0.852999638751083,-0.824439781075662,0.366417680478072,0.887146559018876
"Exp. 3","SLPW","FPF","Conservative",160,19,9,61,71,80,80,28,132,930.268125,785.7,"Conservative",NA,48,0.786885245901639,0.2375,0.1125,0,0,0.2375,0.1125,0.49897218220833,0.963853531384353,0.256304257710627,0.283040703184653,-1.92770706276871,0.856758694563869,1.21333962248852
"Exp. 3","SLPW","FPF","Liberal",160,45,47,35,33,80,80,92,68,887.816875,780.3,"Liberal",NA,31,0.659574468085106,0.5625,0.5875,0,0,0.5625,0.5875,-0.0638080283873999,-0.189214698803871,-0.0195842857878858,-0.0216272256664216,0.378429397607741,-0.168190843381218,-0.221118712997571
"Exp. 3","SVNC","Strategic","Conservative",160,63,48,17,32,80,80,111,49,1460.90687503219,1203.75000023842,"Conservative",NA,NA,NA,0.7875,0.6,0,0,0.7875,0.6,0.544429742989438,-0.525561974630519,0.595099163616598,0.657177088040457,1.05112394926104,-0.467166199671572,-0.2533471031358
"Exp. 3","SVNC","Strategic","Liberal",160,57,52,23,28,80,80,109,51,1647.31312501431,1349.39999985695,"Liberal",NA,NA,NA,0.7125,0.65,0,0,0.7125,0.65,0.175382565467516,-0.473011749141325,0.252446658749029,0.278780697781513,0.946023498282651,-0.420454888125623,-0.385320466407568
"Exp. 3","SVNC","FPF","Conservative",159,54,44,26,35,80,79,98,61,1204.5748427673,1059,"Conservative",NA,16,0.615384615384615,0.675,0.556962025316456,0,0,0.675,0.556962025316456,0.310490925770765,-0.298516727284497,0.339145178650588,0.374523196393109,0.597033454568994,-0.265348202030664,-0.143271264399114
"Exp. 3","SVNC","FPF","Liberal",160,70,53,10,27,80,80,123,37,1239.1,1074.9,"Liberal",NA,36,0.679245283018868,0.875,0.6625,0,0,0.875,0.6625,0.731053627334612,-0.784822566708702,0.814912777942891,0.89992061686126,1.5696451334174,-0.697620059296624,-0.419295753041396
"Exp. 3","SVNG","Strategic","Conservative",160,25,15,55,65,80,80,40,120,683.43937497735,613.599999904633,"Conservative",NA,NA,NA,0.3125,0.1875,0,0,0.3125,0.1875,0.398370147904206,0.687961485066773,0.220940836100431,0.243988337028232,-1.37592297013355,0.611521320059353,0.887146559018876
"Exp. 3","SVNG","Strategic","Liberal",160,35,35,45,45,80,80,70,90,582.456875026226,475.699999809265,"Liberal",NA,NA,NA,0.4375,0.4375,0,0,0.4375,0.4375,0,0.157310684610171,-0.0314621369220341,-0.03474411793876,-0.314621369220341,0.139831719653485,0.157310684610171
"Exp. 3","SVNG","FPF","Conservative",160,23,22,57,58,80,80,45,115,570.835,496.55,"Conservative",NA,45,0.789473684210526,0.2875,0.275,0,0,0.2875,0.275,0.0370570941673951,0.579231578958781,-0.0824949310411006,-0.0911004112830796,-1.15846315791756,0.514872514630027,0.597760126042478
"Exp. 3","SVNG","FPF","Liberal",160,63,58,17,22,80,80,121,39,822.7325,699.85,"Liberal",NA,47,0.810344827586207,0.7875,0.725,0,0,0.7875,0.725,0.20001672008276,-0.697768486083858,0.319568745291255,0.352904642283373,1.39553697216772,-0.620238654296763,-0.597760126042478
"Exp. 3","SVZQ","Strategic","Conservative",160,22,9,58,71,80,80,31,129,1195.31624999996,1011.29999999888,"Conservative",NA,NA,NA,0.275,0.1125,0,0,0.275,0.1125,0.615579496446039,0.905549874265498,0.372911571948336,0.411811939812247,-1.811099748531,0.804933221569332,1.21333962248852
"Exp. 3","SVZQ","Strategic","Liberal",160,51,28,29,52,80,80,79,81,1096.30812499984,987.25,"Liberal",NA,NA,NA,0.6375,0.35,0,0,0.6375,0.35,0.737104811342724,0.0167680607362058,0.66004071806121,0.72889303767037,-0.0335361214724115,0.0149049428766273,0.385320466407568
"Exp. 3","SVZQ","FPF","Conservative",160,36,30,44,50,80,80,66,94,1223.991875,1151.4,"Conservative",NA,37,0.840909090909091,0.45,0.375,0,0,0.45,0.375,0.192978017109301,0.222150355409725,0.129250144316426,0.142732906822571,-0.444300710819449,0.197466982586422,0.318639363964375
"Exp. 3","SVZQ","FPF","Liberal",160,56,43,24,37,80,80,99,61,988.118125,924.85,"Liberal",NA,27,0.627906976744186,0.7,0.5375,0,0,0.7,0.5375,0.430263098384504,-0.309268963515789,0.449090581249212,0.495937582331903,0.618537927031577,-0.274905745347368,-0.0941374143235364
"Exp. 3","SWKN","Strategic","Conservative",159,41,7,38,73,79,80,48,111,2348.39811320875,1898.7000002861,"Conservative",NA,NA,NA,0.518987341772152,0.0875,0,0,0.518987341772152,0.0875,1.40392393580938,0.654349777430558,1.13266158674233,1.25081547550313,-1.30869955486112,0.58164424660494,1.35631174533525
"Exp. 3","SWKN","Strategic","Liberal",160,33,11,47,69,80,80,44,116,1560.58250003159,1378.45000004769,"Liberal",NA,NA,NA,0.4125,0.1375,0,0,0.4125,0.1375,0.870501654436597,0.656369540215869,0.652177580949764,0.720209655360842,-1.31273908043174,0.583439591302995,1.09162036743417
"Exp. 3","SWKN","FPF","Conservative",160,43,8,37,72,80,80,51,109,1262.33875,1195.85,"Conservative",NA,27,0.72972972972973,0.5375,0.1,0,0,0.5375,0.1,1.37568897986814,0.593707075610532,1.11937866675922,1.23614694425847,-1.18741415122106,0.527739622764918,1.2815515655446
"Exp. 3","SWKN","FPF","Liberal",160,51,20,29,60,80,80,71,89,1232.355,1164.25,"Liberal",NA,12,0.6,0.6375,0.25,0,0,0.6375,0.25,1.02627409513124,0.161352702630463,0.891376145092021,0.984360280092258,-0.322705405260926,0.143424624560411,0.674489750196082
"Exp. 3","SXWH","Strategic","Conservative",160,39,16,41,64,80,80,55,105,1235.63687498125,1047.15,"Conservative",NA,NA,NA,0.4875,0.2,0,0,0.4875,0.2,0.810283251551488,0.43647960779717,0.641959004836905,0.708925125816292,-0.872959215594341,0.387981873597485,0.841621233572914
"Exp. 3","SXWH","Strategic","Liberal",160,60,33,20,47,80,80,93,67,1222.9137500075,1065.45,"Liberal",NA,NA,NA,0.75,0.4125,0,0,0.75,0.4125,0.895608463193652,-0.226685518599256,0.851384720594138,0.940197139720175,0.453371037198511,-0.201498238754894,0.221118712997571
"Exp. 3","SXWH","FPF","Conservative",160,37,36,43,44,80,80,73,87,1385.5125,1231.25,"Conservative",NA,25,0.581395348837209,0.4625,0.45,0,0,0.4625,0.45,0.0315239325315376,0.109899380589305,0.00639166316052284,0.00705841116972914,-0.21979876117861,0.0976883383016046,0.125661346855074
"Exp. 3","SXWH","FPF","Liberal",160,59,38,21,42,80,80,97,63,1529.479375,1232,"Liberal",NA,31,0.815789473684211,0.7375,0.475,0,0,0.7375,0.475,0.698363791640797,-0.286475117877184,0.685822436052154,0.757364182296082,0.572950235754369,-0.254644549224164,0.0627067779432138
"Exp. 3","THKY","Strategic","Conservative",160,48,32,32,48,80,80,80,80,2041.19687500447,1890.64999997616,"Conservative",NA,NA,NA,0.6,0.4,0,0,0.6,0.4,0.5066942062716,0,0.45602478564444,0.503595130066702,0,0,0.2533471031358
"Exp. 3","THKY","Strategic","Liberal",160,60,47,20,33,80,80,107,53,1924.83499999344,1547.39999997615,"Liberal",NA,NA,NA,0.75,0.5875,0,0,0.75,0.5875,0.453371037198511,-0.447804231596826,0.497594779798025,0.549501508999731,0.895608463193652,-0.398048205863845,-0.221118712997571
"Exp. 3","THKY","FPF","Conservative",160,43,28,37,52,80,80,71,89,1249.119375,1157.35,"Conservative",NA,32,0.864864864864865,0.5375,0.35,0,0,0.5375,0.35,0.479457880731104,0.145591526042016,0.402393787449591,0.444369600310957,-0.291183052084031,0.129414689815125,0.385320466407568
"Exp. 3","THKY","FPF","Liberal",160,70,52,10,28,80,80,122,38,1578.035,1329.7,"Liberal",NA,41,0.788461538461538,0.875,0.65,0,0,0.875,0.65,0.76502891396844,-0.767834923391788,0.842093007249954,0.929936158875692,1.53566984678358,-0.682519931903811,-0.385320466407568
"Exp. 3","TKQB","Strategic","Conservative",160,41,19,39,61,80,80,60,100,1309.26875,1009.85000014305,"Conservative",NA,NA,NA,0.5125,0.2375,0,0,0.5125,0.2375,0.745705422301614,0.341514729129381,0.602831934245576,0.665716504653906,-0.683029458258761,0.303568648115005,0.714367440280188
"Exp. 3","TKQB","Strategic","Liberal",160,39,34,41,46,80,80,73,87,1377.58375002444,1065.05000019073,"Liberal",NA,NA,NA,0.4875,0.425,0,0,0.4875,0.425,0.157780444251366,0.11022820414711,0.119956758996807,0.1324700795901,-0.220456408294219,0.0979806259085418,0.189118426272792
"Exp. 3","TKQB","FPF","Conservative",160,37,10,43,70,80,80,47,113,1664.584375,1378.2,"Conservative",NA,30,0.697674418604651,0.4625,0.125,0,0,0.4625,0.125,1.05621196605247,0.622243397349772,0.82614208997727,0.912321317508531,-1.24448679469954,0.553105242088686,1.15034938037601
"Exp. 3","TKQB","FPF","Liberal",160,35,22,45,58,80,80,57,103,1295.57625,1072.55,"Liberal",NA,15,0.681818181818182,0.4375,0.275,0,0,0.4375,0.275,0.440449441432308,0.377535405326325,0.320897416223812,0.354371913870708,-0.755070810652649,0.335587026956733,0.597760126042478
"Exp. 3","TQCL","Strategic","Conservative",160,49,19,31,61,80,80,68,92,1688.11312499866,1427.90000000596,"Conservative",NA,NA,NA,0.6125,0.2375,0,0,0.6125,0.2375,1.00020831516135,0.214263282699511,0.857334827105316,0.946767933143547,-0.428526565399022,0.190456251288454,0.714367440280188
"Exp. 3","TQCL","Strategic","Liberal",159,30,12,50,67,80,79,42,117,1438.88301886515,1231.5,"Liberal",NA,NA,NA,0.375,0.151898734177215,0,0,0.375,0.151898734177215,0.70968458683809,0.67348165738342,0.504019796677597,0.556596753190409,-1.34696331476684,0.598650362118596,1.02832395080247
"Exp. 3","TQCL","FPF","Conservative",160,39,19,41,61,80,80,58,102,1072.3,1019.65,"Conservative",NA,26,0.634146341463415,0.4875,0.2375,0,0,0.4875,0.2375,0.683029458258761,0.372852711150807,0.540155970202723,0.596502481079261,-0.745705422301614,0.331424632134051,0.714367440280188
"Exp. 3","TQCL","FPF","Liberal",160,51,16,29,64,80,80,67,93,1171.19375,1082.7,"Liberal",NA,8,0.5,0.6375,0.2,0,0,0.6375,0.2,1.19340557850807,0.244918444318879,1.02508133179349,1.13201295820791,-0.489836888637758,0.217705283839004,0.841621233572914
"Exp. 3","TXYK","Strategic","Conservative",160,45,31,35,49,80,80,76,84,1122.71624998748,884.949999809265,"Conservative",NA,NA,NA,0.5625,0.3875,0,0,0.5625,0.3875,0.443151559491336,0.0642650951354975,0.385983384515103,0.426247341915371,-0.128530190270995,0.0571245290093311,0.285840874881166
"Exp. 3","TXYK","Strategic","Liberal",160,49,32,31,48,80,80,81,79,1092.51874999106,848.149999856949,"Liberal",NA,NA,NA,0.6125,0.4,0,0,0.6125,0.4,0.539187978016965,-0.016246885872683,0.488518557389806,0.539478498084387,0.032493771745366,-0.0144416763312738,0.2533471031358
"Exp. 3","TXYK","FPF","Conservative",160,27,3,53,77,80,80,30,130,1179.296875,964.8,"Conservative",NA,44,0.830188679245283,0.3375,0.0375,0,0,0.3375,0.0375,1.36116858865063,1.09988004736671,1.00507572031222,1.10992045614855,-2.19976009473342,0.977671153214854,1.78046434169203
"Exp. 3","TXYK","FPF","Liberal",160,43,25,37,55,80,80,68,92,937.70625,826.1,"Liberal",NA,19,0.76,0.5375,0.3125,0,0,0.5375,0.3125,0.582913825438206,0.197319498395567,0.485158543215272,0.535767983155119,-0.394638996791133,0.175395109684948,0.488776411114669
"Exp. 3","VFTX","Strategic","Conservative",160,49,28,31,52,80,80,77,83,1333.15062498748,1151.00000011921,"Conservative",NA,NA,NA,0.6125,0.35,0,0,0.6125,0.35,0.671161341288733,0.0497397957632009,0.59409724800722,0.656070657343039,-0.0994795915264018,0.0442131517895119,0.385320466407568
"Exp. 3","VFTX","Strategic","Liberal",160,51,40,29,40,80,80,91,69,1398.77812499255,1210.44999992847,"Liberal",NA,NA,NA,0.6375,0.5,0,0,0.6375,0.5,0.351784344935156,-0.175892172467578,0.351784344935156,0.388480820604295,0.351784344935156,-0.156348597748958,0
"Exp. 3","VFTX","FPF","Conservative",160,61,37,19,43,80,80,98,62,1347.7975,1095.25,"Conservative",NA,16,0.842105263157895,0.7625,0.4625,0,0,0.7625,0.4625,0.808504854603724,-0.310115012978325,0.789677371739017,0.872052772679135,0.620230025956651,-0.275657789314067,0.0941374143235364
"Exp. 3","VFTX","FPF","Liberal",160,58,35,22,45,80,80,93,67,1563.480625,1246.05,"Liberal",NA,26,0.742857142857143,0.725,0.4375,0,0,0.725,0.4375,0.755070810652649,-0.220224720716154,0.723608673730615,0.799092101210675,0.440449441432308,-0.195755307303248,0.157310684610171
"Exp. 3","VFZY","Strategic","Conservative",160,49,15,31,65,80,80,64,96,2218.31187500656,1727.40000009537,"Conservative",NA,NA,NA,0.6125,0.1875,0,0,0.6125,0.1875,1.17298743390004,0.300652842068855,0.995558122096267,1.09941002719299,-0.60130568413771,0.267246970727871,0.887146559018876
"Exp. 3","VFZY","Strategic","Liberal",159,63,32,17,47,80,79,95,64,2008.43396229414,1515,"Liberal",NA,NA,NA,0.7875,0.40506329113924,0,0,0.7875,0.40506329113924,1.03803958092797,-0.278757055661255,0.989987033967421,1.09325778955333,0.55751411132251,-0.247784049476671,0.240262734802728
"Exp. 3","VFZY","FPF","Conservative",160,40,17,40,63,80,80,57,103,1675.32125,1317.1,"Conservative",NA,27,0.675,0.5,0.2125,0,0,0.5,0.2125,0.797776846125238,0.398888423062619,0.638221476900191,0.704797716678305,-0.797776846125238,0.354567487166773,0.797776846125238
"Exp. 3","VFZY","FPF","Liberal",160,61,20,19,60,80,80,81,79,1670.41,1439.35,"Liberal",NA,17,0.85,0.7625,0.25,0,0,0.7625,0.25,1.38885719047627,-0.0199388450420528,1.25395924043705,1.38476632557119,0.0398776900841057,-0.0177234178151581,0.674489750196082
"Exp. 3","VLDM","Strategic","Conservative",160,23,17,57,63,80,80,40,120,1416.00375003815,1190.50000047683,"Conservative",NA,NA,NA,0.2875,0.2125,0,0,0.2875,0.2125,0.237073814250155,0.679239939000161,0.0775184450251073,0.0856048018307169,-1.35847987800032,0.60376883466681,0.797776846125238
"Exp. 3","VLDM","Strategic","Liberal",160,50,41,30,39,80,80,91,69,1762.11124998927,1472.60000038147,"Liberal",NA,NA,NA,0.625,0.5125,0,0,0.625,0.5125,0.287301381942949,-0.174988672992901,0.293568978347234,0.324192702871186,0.349977345985802,-0.155545487104801,-0.0313379820214265
"Exp. 3","VLDM","FPF","Conservative",159,39,18,40,62,79,80,57,102,1677.6893081761,1412.8,"Conservative",NA,28,0.7,0.493670886075949,0.225,0,0,0.493670886075949,0.225,0.73954962488763,0.385640213916654,0.588466619615536,0.649852668482499,-0.771280427833309,0.342791301259248,0.755415026360469
"Exp. 3","VLDM","FPF","Liberal",160,61,21,19,59,80,80,82,78,1640.136875,1331.35,"Liberal",NA,16,0.761904761904762,0.7625,0.2625,0,0,0.7625,0.2625,1.35002445397777,-0.0393552132913024,1.22289305123825,1.35045945874566,0.0787104265826049,-0.034982411814491,0.635657013697583
"Exp. 3","VQZX","Strategic","Conservative",160,38,11,42,69,80,80,49,111,2068.98187500536,1836.34999990463,"Conservative",NA,NA,NA,0.475,0.1375,0,0,0.475,0.1375,1.02891358949095,0.577163572688691,0.810589516004121,0.895146372726063,-1.15432714537738,0.513034286834392,1.09162036743417
"Exp. 3","VQZX","Strategic","Liberal",160,47,38,33,42,80,80,85,75,2309.9687499851,2147.20000004768,"Liberal",NA,NA,NA,0.5875,0.475,0,0,0.5875,0.475,0.283825490940784,-0.0792059675271784,0.271284135352142,0.299583210668322,0.158411935054357,-0.070405304468603,0.0627067779432138
"Exp. 3","VQZX","FPF","Conservative",160,40,18,40,62,80,80,58,102,1528.00499997437,1398.7000002861,"Conservative",NA,28,0.7,0.5,0.225,0,0,0.5,0.225,0.755415026360469,0.377707513180235,0.604332021088375,0.667373073446856,-0.755415026360469,0.335740011715764,0.755415026360469
"Exp. 3","VQZX","FPF","Liberal",160,60,24,20,56,80,80,84,76,1699.07937501371,1505.04999995231,"Liberal",NA,17,0.708333333333333,0.75,0.3,0,0,0.75,0.3,1.19889026290412,-0.0750446187440205,1.09401016036251,1.2081321155022,0.150089237488041,-0.0667063277724627,0.524400512708041
"Exp. 3","VXLQ","Strategic","Conservative",160,54,27,26,53,80,80,81,79,1335.18874999285,1240.64999961853,"Conservative",NA,NA,NA,0.675,0.3375,0,0,0.675,0.3375,0.873057943211276,-0.0172332185642418,0.789198792602996,0.871524270435752,0.0344664371284836,-0.0153184165015483,0.419295753041396
"Exp. 3","VXLQ","Strategic","Liberal",160,73,28,7,52,80,80,101,59,1474.01249999404,1380.44999980927,"Liberal",NA,NA,NA,0.9125,0.35,0,0,0.9125,0.35,1.74163221174281,-0.48549563946384,1.6645681184613,1.83820797577217,0.97099127892768,-0.431551679523413,0.385320466407568
"Exp. 3","VXLQ","FPF","Conservative",160,57,19,23,61,80,80,76,84,979.91375,946.45,"Conservative",NA,17,0.739130434782609,0.7125,0.2375,0,0,0.7125,0.2375,1.27507047215527,0.0768322042025521,1.13219698409923,1.25030240771417,-0.153664408405104,0.0682952926244908,0.714367440280188
"Exp. 3","VXLQ","FPF","Liberal",160,74,26,6,54,80,80,100,60,936.271875,881.75,"Liberal",NA,20,0.769230769230769,0.925,0.325,0,0,0.925,0.325,1.89329366110834,-0.492884640384288,1.80254122307436,1.99057378076922,0.985769280768577,-0.43811968034159,0.453762190169879
"Exp. 3","VXQF","Strategic","Conservative",160,25,24,55,56,80,80,49,111,1209.25374998152,961.250000238418,"Conservative",NA,NA,NA,0.3125,0.3,0,0,0.3125,0.3,0.0356241015933713,0.506588461911355,-0.0692560009482369,-0.0764804587455482,-1.01317692382271,0.450300855032316,0.524400512708041
"Exp. 3","VXQF","Strategic","Liberal",160,35,20,45,60,80,80,55,105,1214.96375000775,1064.20000004769,"Liberal",NA,NA,NA,0.4375,0.25,0,0,0.4375,0.25,0.517179065585911,0.415900217403126,0.382281115546695,0.422158869794162,-0.831800434806252,0.369689082136112,0.674489750196082
"Exp. 3","VXQF","FPF","Conservative",160,24,4,56,76,80,80,28,132,1521.67312498689,1355.75,"Conservative",NA,42,0.75,0.3,0.05,0,0,0.3,0.05,1.12045311424343,1.08462706982976,0.791482388853137,0.874046080624171,-2.16925413965951,0.964112950959784,1.64485362695147
"Exp. 3","VXQF","FPF","Liberal",160,35,23,45,57,80,80,58,102,1226.39750001132,1064.59999990463,"Liberal",NA,17,0.739130434782609,0.4375,0.2875,0,0,0.4375,0.2875,0.403392347264913,0.359006858242627,0.291251740889896,0.32163374218427,-0.718013716485254,0.31911720732678,0.560703031875083
"Exp. 3","VZFR","Strategic","Conservative",160,40,37,40,43,80,80,77,83,580.236249996722,470.649999976158,"Conservative",NA,NA,NA,0.5,0.4625,0,0,0.5,0.4625,0.0941374143235364,0.0470687071617682,0.0753099314588291,0.0831659065959059,-0.0941374143235364,0.0418388508104606,0.0941374143235364
"Exp. 3","VZFR","Strategic","Liberal",160,62,55,18,25,80,80,117,43,535.559999996424,466.5,"Liberal",NA,NA,NA,0.775,0.6875,0,0,0.775,0.6875,0.2666386152458,-0.622095718737569,0.364393897468734,0.402405741898334,1.24419143747514,-0.552973972211173,-0.488776411114669
"Exp. 3","VZFR","FPF","Conservative",159,42,39,37,41,79,80,81,78,814.743396226415,662.9,"Conservative",NA,28,0.756756756756757,0.531645569620253,0.4875,0,0,0.531645569620253,0.4875,0.110745032652965,-0.0240345343050559,0.10447743624868,0.115376027253292,0.0480690686101118,-0.021364030493383,0.0313379820214266
"Exp. 3","VZFR","FPF","Liberal",160,67,62,13,18,80,80,129,31,933.254375,792.1,"Liberal",NA,49,0.790322580645161,0.8375,0.775,0,0,0.8375,0.775,0.228819934085856,-0.869824993403397,0.379902939357949,0.419532613536182,1.73964998680679,-0.773177771914131,-0.755415026360469
"Exp. 3","WNHG","Strategic","Conservative",160,46,22,34,58,80,80,68,92,1794.00312500894,1429.05000019073,"Conservative",NA,NA,NA,0.575,0.275,0,0,0.575,0.275,0.786878552315271,0.204320849884843,0.667326527106775,0.736938867786286,-0.408641699769686,0.181618533230972,0.597760126042478
"Exp. 3","WNHG","Strategic","Liberal",159,54,13,25,67,79,80,67,92,1621.514465425,1495.30000019073,"Liberal",NA,NA,NA,0.683544303797468,0.1625,0,0,0.683544303797468,0.1625,1.46186802581893,0.253300947536858,1.26502103372967,1.39698203271547,-0.506601895073717,0.225156397810541,0.984234960446325
"Exp. 3","WNHG","FPF","Conservative",160,64,20,16,60,80,80,84,76,1320.459375,1199.7,"Conservative",NA,11,0.6875,0.8,0.25,0,0,0.8,0.25,1.516110983769,-0.0835657416884164,1.38121303372978,1.52529463149248,0.167131483376833,-0.0742806592785923,0.674489750196082
"Exp. 3","WNHG","FPF","Liberal",160,64,15,16,65,80,80,79,81,1427.0375,1308.85,"Liberal",NA,11,0.733333333333333,0.8,0.1875,0,0,0.8,0.1875,1.72876779259179,0.0227626627229807,1.55133848078802,1.71316675892055,-0.0455253254459614,0.0202334779759829,0.887146559018876
"Exp. 3","WQBF","Strategic","Conservative",160,29,19,51,61,80,80,48,112,957.99499999769,803.199999988079,"Conservative",NA,NA,NA,0.3625,0.2375,0,0,0.3625,0.2375,0.362583095345031,0.533075892607672,0.219709607288994,0.242628672262288,-1.06615178521534,0.473845237873486,0.714367440280188
"Exp. 3","WQBF","Strategic","Liberal",160,36,12,44,68,80,80,48,112,879.714374998212,772.84999999404,"Liberal",NA,NA,NA,0.45,0.15,0,0,0.45,0.15,0.910772042638715,0.581047368174432,0.703485364739957,0.776869623995535,-1.16209473634886,0.516486549488384,1.03643338949379
"Exp. 3","WQBF","FPF","Conservative",160,27,13,53,67,80,80,40,120,1129.301875,904.2,"Conservative",NA,45,0.849056603773585,0.3375,0.1625,0,0,0.3375,0.1625,0.564939207404929,0.70176535674386,0.368092215315664,0.406489850735798,-1.40353071348772,0.623791428216765,0.984234960446325
"Exp. 3","WQBF","FPF","Liberal",160,64,45,16,35,80,80,109,51,1286.915625,1048.85,"Liberal",NA,30,0.666666666666667,0.8,0.5625,0,0,0.8,0.5625,0.684310548962744,-0.499465959091543,0.715772685884778,0.790438700249478,0.998931918183085,-0.443969741414705,-0.157310684610171
"Exp. 3","WQHX","Strategic","Conservative",160,48,11,32,69,80,80,59,101,1549.78124999776,1221.75,"Conservative",NA,NA,NA,0.6,0.1375,0,0,0.6,0.1375,1.34496747056997,0.419136632149184,1.12664339708313,1.2441694968204,-0.838273264298368,0.372565895243719,1.09162036743417
"Exp. 3","WQHX","Strategic","Liberal",160,47,8,33,72,80,80,55,105,1703.65625000037,1296.65000000596,"Liberal",NA,NA,NA,0.5875,0.1,0,0,0.5875,0.1,1.50267027854217,0.530216426273515,1.24635996543325,1.37637433021387,-1.06043285254703,0.471303490020902,1.2815515655446
"Exp. 3","WQHX","FPF","Conservative",160,45,18,35,62,80,80,63,97,1211.24125,1013.8,"Conservative",NA,27,0.771428571428571,0.5625,0.225,0,0,0.5625,0.225,0.91272571097064,0.299052170875149,0.761642705698546,0.841093663140657,-0.598104341750299,0.265824151889022,0.755415026360469
"Exp. 3","WQHX","FPF","Liberal",160,63,21,17,59,80,80,84,76,1434.5375,1188.75,"Liberal",NA,12,0.571428571428571,0.7875,0.2625,0,0,0.7875,0.2625,1.43343385982282,-0.0810599162138278,1.3063024570833,1.44256973851031,0.162119832427656,-0.0720532588567358,0.635657013697583
"Exp. 3","WVDQ","Strategic","Conservative",160,48,13,32,67,80,80,61,99,1349.9375000298,1099.35000014305,"Conservative",NA,NA,NA,0.6,0.1625,0,0,0.6,0.1625,1.23758206358212,0.365443928655263,1.04073507149286,1.14929962184571,-0.730887857310525,0.324839047693567,0.984234960446325
"Exp. 3","WVDQ","Strategic","Liberal",160,58,31,22,49,80,80,89,71,1192.87687500715,994.650000333786,"Liberal",NA,NA,NA,0.725,0.3875,0,0,0.725,0.3875,0.883601000923644,-0.155959625580656,0.826432825947411,0.912642381677206,0.311919251161313,-0.138630778293917,0.285840874881166
"Exp. 3","WVDQ","FPF","Conservative",160,44,31,36,49,80,80,75,85,1237.761875,1094.7,"Conservative",NA,24,0.666666666666667,0.55,0.3875,0,0,0.55,0.3875,0.41150222173624,0.0800897640130457,0.354334046760007,0.391296495239836,-0.160179528026091,0.0711909013449295,0.285840874881166
"Exp. 3","WVDQ","FPF","Liberal",160,51,15,29,65,80,80,66,94,1509.550625,1239.55,"Liberal",NA,9,0.6,0.6375,0.1875,0,0,0.6375,0.1875,1.23893090395403,0.26768110704186,1.06150159215026,1.17223240752032,-0.53536221408372,0.237938761814987,0.887146559018876
"Exp. 3","XBQK","Strategic","Conservative",160,55,6,25,74,80,80,61,99,1654.99437500387,1311.29999995231,"Conservative",NA,NA,NA,0.6875,0.075,0,0,0.6875,0.075,1.92830788205312,0.475377529911893,1.64040158786543,1.81152050723581,-0.950755059823786,0.422557804366127,1.43953147093846
"Exp. 3","XBQK","Strategic","Liberal",160,69,15,11,65,80,80,84,76,1418.56687499359,1113.89999997616,"Liberal",NA,NA,NA,0.8625,0.1875,0,0,0.8625,0.1875,1.97876692645304,-0.102236904207646,1.80133761464927,1.98924461761743,0.204473808415292,-0.0908772481845744,0.887146559018876
"Exp. 3","XBQK","FPF","Conservative",160,35,10,45,70,80,80,45,115,1336.70625,1159.75,"Conservative",NA,37,0.822222222222222,0.4375,0.125,0,0,0.4375,0.125,0.993038695765837,0.653830032493089,0.762968819690636,0.842558111059613,-1.30766006498618,0.581182251104968,1.15034938037601
"Exp. 3","XBQK","FPF","Liberal",160,54,16,26,64,80,80,70,90,1621.235,1353.85,"Liberal",NA,10,0.625,0.675,0.2,0,0,0.675,0.2,1.29538342374279,0.193929521701517,1.12705917702821,1.24462864895886,-0.387859043403035,0.172381797068015,0.841621233572914
"Exp. 3","XLVP","Strategic","Conservative",160,42,26,38,54,80,80,68,92,2099.33500002325,1579.09999990463,"Conservative",NA,NA,NA,0.525,0.325,0,0,0.525,0.325,0.516468968113093,0.195527706113333,0.425716530079117,0.470125260919252,-0.391055412226665,0.173802405434074,0.453762190169879
"Exp. 3","XLVP","Strategic","Liberal",160,55,44,25,36,80,80,99,61,1932.53500002325,1486.05000019073,"Liberal",NA,NA,NA,0.6875,0.55,0,0,0.6875,0.55,0.363115064259595,-0.307218878984872,0.38824733363061,0.428747455473184,0.614437757969744,-0.273083447986553,-0.125661346855074
"Exp. 3","XLVP","FPF","Conservative",160,41,31,39,49,80,80,72,88,2497.455,2029.55,"Conservative",NA,33,0.846153846153846,0.5125,0.3875,0,0,0.5125,0.3875,0.317178856902592,0.12725144642987,0.260010681926359,0.287133764008893,-0.254502892859739,0.113112396826551,0.285840874881166
"Exp. 3","XLVP","FPF","Liberal",160,46,38,34,42,80,80,84,76,2205.57625,1797.9,"Liberal",NA,32,0.842105263157895,0.575,0.475,0,0,0.575,0.475,0.251825204216006,-0.0632058241647893,0.239283848627363,0.264244805689823,0.126411648329579,-0.056182954813146,0.0627067779432138
"Exp. 3","XVGB","Strategic","Conservative",160,55,28,25,52,80,80,83,77,1601.29812499732,1245.25,"Conservative",NA,NA,NA,0.6875,0.35,0,0,0.6875,0.35,0.874096877522237,-0.0517279723535509,0.797032784240724,0.88017546695387,0.103455944707102,-0.045980419869823,0.385320466407568
"Exp. 3","XVGB","Strategic","Liberal",160,51,17,29,63,80,80,68,92,1713.68124999851,1452.64999997616,"Liberal",NA,NA,NA,0.6375,0.2125,0,0,0.6375,0.2125,1.14956119106039,0.222996250595041,0.990005821835347,1.0932785372826,-0.445992501190082,0.198218889417814,0.797776846125238
"Exp. 3","XVGB","FPF","Conservative",160,33,11,47,69,80,80,44,116,1193.40125,952.5,"Conservative",NA,37,0.787234042553192,0.4125,0.1375,0,0,0.4125,0.1375,0.870501654436597,0.656369540215869,0.652177580949764,0.720209655360842,-1.31273908043174,0.583439591302995,1.09162036743417
"Exp. 3","XVGB","FPF","Liberal",160,60,11,20,69,80,80,71,89,1403.591875,1241.5,"Liberal",NA,8,0.727272727272727,0.75,0.1375,0,0,0.75,0.1375,1.76611011763025,0.208565308619043,1.54778604414342,1.70924374892107,-0.417130617238086,0.185391385439149,1.09162036743417
"Exp. 3","YHSR","Strategic","Conservative",159,40,6,40,73,80,79,46,113,1142.94025158732,1033.90000009537,"Conservative",NA,NA,NA,0.5,0.0759493670886076,0,0,0.5,0.0759493670886076,1.43285690818656,0.716428454093282,1.14628552654925,1.26586060014343,-1.43285690818656,0.636825292527362,1.43285690818656
"Exp. 3","YHSR","Strategic","Liberal",160,48,34,32,46,80,80,82,78,1054.37499999404,983.950000047683,"Liberal",NA,NA,NA,0.6,0.425,0,0,0.6,0.425,0.442465529408592,-0.0321143384315036,0.404641844154034,0.446852163636702,0.0642286768630073,-0.028546078605781,0.189118426272792
"Exp. 3","YHSR","FPF","Conservative",160,29,26,51,54,80,80,55,105,608.19,508.15,"Conservative",NA,41,0.803921568627451,0.3625,0.325,0,0,0.3625,0.325,0.101977845234723,0.402773267552518,0.0112254072007473,0.0123963884799009,-0.805546535105035,0.358020682268905,0.453762190169879
"Exp. 3","YHSR","FPF","Liberal",160,62,54,18,26,80,80,116,44,787.8725,721.25,"Liberal",NA,37,0.685185185185185,0.775,0.675,0,0,0.775,0.675,0.30165283619059,-0.604588608265174,0.392405274224566,0.433339132724374,1.20917721653035,-0.537412096235711,-0.45376219016988
"Exp. 3","YKQN","Strategic","Conservative",160,24,8,56,72,80,80,32,128,1495.37812502384,1130.09999990463,"Conservative",NA,NA,NA,0.3,0.1,0,0,0.3,0.1,0.75715105283656,0.902976039126321,0.50084073972764,0.553086072085783,-1.80595207825264,0.802645368112285,1.2815515655446
"Exp. 3","YKQN","Strategic","Liberal",160,48,18,32,62,80,80,66,94,1901.70937500894,1628.7000002861,"Liberal",NA,NA,NA,0.6,0.225,0,0,0.6,0.225,1.00876212949627,0.251033961612335,0.857679124224175,0.947148145706136,-0.50206792322467,0.223141299210964,0.755415026360469
"Exp. 3","YKQN","FPF","Conservative",160,38,19,42,61,80,80,57,103,1143.99375,1062.8,"Conservative",NA,33,0.785714285714286,0.475,0.2375,0,0,0.475,0.2375,0.651660662336974,0.388537109111701,0.508787174280936,0.561861441031527,-0.777074218223401,0.345366319210401,0.714367440280188
"Exp. 3","YKQN","FPF","Liberal",160,47,15,33,65,80,80,62,98,1335.548125,1181.65,"Liberal",NA,12,0.8,0.5875,0.1875,0,0,0.5875,0.1875,1.10826527201645,0.333013923010653,0.930835960212671,1.0279363561163,-0.666027846021305,0.296012376009469,0.887146559018876
"Exp. 3","YTLW","Strategic","Conservative",159,44,14,35,66,79,80,58,101,1711.21383647813,1414.60000000149,"Conservative",NA,NA,NA,0.556962025316456,0.175,0,0,0.556962025316456,0.175,1.07786055547259,0.395659013337183,0.890942697257899,0.983881617034297,-0.791318026674366,0.351696900744163,0.93458929107348
"Exp. 3","YTLW","Strategic","Liberal",160,59,20,21,60,80,80,79,81,2318.26874999981,1969.79999999702,"Liberal",NA,NA,NA,0.7375,0.25,0,0,0.7375,0.25,1.31014676389366,0.0194163682492495,1.17524881385445,1.297845200316,-0.0388327364984989,0.0172589939993329,0.674489750196082
"Exp. 3","YTLW","FPF","Conservative",160,56,20,24,60,80,80,76,84,1338.685625,1207.65,"Conservative",NA,21,0.875,0.7,0.25,0,0,0.7,0.25,1.19889026290412,0.0750446187440205,1.06399231286491,1.17498294841577,-0.150089237488041,0.0667063277724627,0.674489750196082
"Exp. 3","YTLW","FPF","Liberal",160,58,23,22,57,80,80,81,79,1509.4975,1344.95,"Liberal",NA,20,0.869565217391304,0.725,0.2875,0,0,0.725,0.2875,1.15846315791756,-0.0185285470836976,1.04632255154254,1.15546996133371,0.0370570941673951,-0.0164698196299534,0.560703031875083
"Exp. 3","YTML","Strategic","Conservative",160,31,9,49,71,80,80,40,120,1623.82500000894,1408.19999980927,"Conservative",NA,NA,NA,0.3875,0.1125,0,0,0.3875,0.1125,0.927498747607352,0.749590248684842,0.684830823109649,0.756269128990918,-1.49918049736968,0.666302443275415,1.21333962248852
"Exp. 3","YTML","Strategic","Liberal",160,52,36,28,44,80,80,88,72,1680.14812503159,1465.34999990463,"Liberal",NA,NA,NA,0.65,0.45,0,0,0.65,0.45,0.510981813262642,-0.129829559776247,0.485849543891627,0.536531065747205,0.259659119552494,-0.115404053134442,0.125661346855074
"Exp. 3","YTML","FPF","Conservative",160,46,11,34,69,80,80,57,103,1321.93187498748,1177.90000009537,"Conservative",NA,25,0.735294117647059,0.575,0.1375,0,0,0.575,0.1375,1.28073879370696,0.451250970580688,1.06241472022013,1.1732407887829,-0.902501941161376,0.4011119738495,1.09162036743417
"Exp. 3","YTML","FPF","Liberal",160,46,6,34,74,80,80,52,108,1314.31125001013,1139.85000014305,"Liberal",NA,5,0.833333333333333,0.575,0.075,0,0,0.575,0.075,1.62864989721125,0.625206522332832,1.34074360302356,1.4806036215698,-1.25041304466566,0.555739130962517,1.43953147093846
"Exp. 3","YZKH","Strategic","Conservative",160,35,14,45,66,80,80,49,111,1011.86687499844,879.15000000596,"Conservative",NA,NA,NA,0.4375,0.175,0,0,0.4375,0.175,0.777278606463309,0.545949987841825,0.590360748248614,0.651944383637827,-1.09189997568365,0.485288878081623,0.93458929107348
"Exp. 3","YZKH","Strategic","Liberal",160,65,34,15,46,80,80,99,61,1287.42187500298,1068.10000002384,"Liberal",NA,NA,NA,0.8125,0.425,0,0,0.8125,0.425,1.07626498529167,-0.349014066373042,1.03844130003711,1.14676657502246,0.698028132746083,-0.310234725664926,0.189118426272792
"Exp. 3","YZKH","FPF","Conservative",160,35,23,45,57,80,80,58,102,885.245000000298,781.34999999404,"Conservative",NA,39,0.866666666666667,0.4375,0.2875,0,0,0.4375,0.2875,0.403392347264913,0.359006858242627,0.291251740889896,0.32163374218427,-0.718013716485254,0.31911720732678,0.560703031875083
"Exp. 3","YZKH","FPF","Liberal",160,66,50,14,30,80,80,116,44,661.270624997839,641.15000000596,"Liberal",NA,35,0.7,0.825,0.625,0,0,0.825,0.625,0.615949927109105,-0.626614327518927,0.67967779990198,0.750578566823698,1.25322865503785,-0.556990513350158,-0.318639363964375
"Exp. 3","ZCNG","Strategic","Conservative",160,27,8,53,72,80,80,35,125,1769.10750001371,1595.69999980927,"Conservative",NA,NA,NA,0.3375,0.1,0,0,0.3375,0.1,0.862255812503205,0.850423659292998,0.605945499394285,0.669154862162959,-1.700847318586,0.755932141593776,1.2815515655446
"Exp. 3","ZCNG","Strategic","Liberal",160,43,23,37,57,80,80,66,94,1838.36750000417,1510.00000023841,"Liberal",NA,NA,NA,0.5375,0.2875,0,0,0.5375,0.2875,0.65484044619862,0.233282808775773,0.542699839823603,0.599311715122953,-0.466565617551547,0.207362496689576,0.560703031875083
"Exp. 3","ZCNG","FPF","Conservative",160,33,10,47,70,80,80,43,117,1185.49249999821,993.999999761582,"Conservative",NA,39,0.829787234042553,0.4125,0.125,0,0,0.4125,0.125,0.929230667378437,0.685734046686789,0.699160791303236,0.772093931553136,-1.37146809337358,0.609541374832702,1.15034938037601
"Exp. 3","ZCNG","FPF","Liberal",160,37,8,43,72,80,80,45,115,1338.34937500656,1232.05000019073,"Liberal",NA,6,0.75,0.4625,0.1,0,0,0.4625,0.1,1.18741415122106,0.687844489934069,0.931103838112144,1.02823217776871,-1.37568897986814,0.611417324385839,1.2815515655446
"Exp. 3","ZCVF","Strategic","Conservative",160,35,18,45,62,80,80,53,107,1336.55999999866,970.25,"Conservative",NA,NA,NA,0.4375,0.225,0,0,0.4375,0.225,0.598104341750299,0.45636285548532,0.447021336478205,0.493652483753056,-0.91272571097064,0.405655871542507,0.755415026360469
"Exp. 3","ZCVF","Strategic","Liberal",160,44,37,36,43,80,80,81,79,1463.57749999687,1041.5,"Liberal",NA,NA,NA,0.55,0.4625,0,0,0.55,0.4625,0.21979876117861,-0.0157619662657689,0.200971278313903,0.22193564961417,0.0315239325315378,-0.0140106366806835,0.0941374143235364
"Exp. 3","ZCVF","FPF","Conservative",160,40,11,40,69,80,80,51,109,1190.464375,956,"Conservative",NA,30,0.75,0.5,0.1375,0,0,0.5,0.1375,1.09162036743417,0.545810183717084,0.873296293947334,0.964394424561119,-1.09162036743417,0.485164607748519,1.09162036743417
"Exp. 3","ZCVF","FPF","Liberal",160,44,23,36,57,80,80,67,93,1171.365625,901.55,"Liberal",NA,18,0.782608695652174,0.55,0.2875,0,0,0.55,0.2875,0.686364378730157,0.217520842510005,0.574223772355141,0.634124074896335,-0.435041685020009,0.193351860008893,0.560703031875083
"Exp. 3","ZNKC","Strategic","Conservative",160,32,3,48,77,80,80,35,125,1540.39875001907,1198.25,"Conservative",NA,NA,NA,0.4,0.0375,0,0,0.4,0.0375,1.52711723855623,1.01690572241391,1.17102437021782,1.2931800827399,-2.03381144482783,0.903916197701256,1.78046434169203
"Exp. 3","ZNKC","Strategic","Liberal",160,59,9,21,71,80,80,68,92,1748.00500000119,1482.54999995232,"Liberal",NA,NA,NA,0.7375,0.1125,0,0,0.7375,0.1125,1.8489966361861,0.288841304395468,1.6063287116884,1.77389331009592,-0.577682608790935,0.256747826129304,1.21333962248852
"Exp. 3","ZNKC","FPF","Conservative",160,50,3,30,77,80,80,53,107,1797.30687502325,1494.39999985695,"Conservative",NA,22,0.733333333333333,0.625,0.0375,0,0,0.625,0.0375,2.0991037056564,0.730912488863825,1.743010837318,1.92483346730022,-1.46182497772765,0.649699990101178,1.78046434169203
"Exp. 3","ZNKC","FPF","Liberal",160,54,13,26,67,80,80,67,93,1988.06750000417,1668.75,"Liberal",NA,8,0.615384615384615,0.675,0.1625,0,0,0.675,0.1625,1.4379971506162,0.265236385138223,1.24115015852694,1.37062106094168,-0.530472770276445,0.23576567567842,0.984234960446325
"Exp. 3","ZRNG","Strategic","Conservative",160,47,26,33,54,80,80,73,87,1138.95874999911,1049.55000001192,"Conservative",NA,NA,NA,0.5875,0.325,0,0,0.5875,0.325,0.67488090316745,0.116321738586154,0.584128465133474,0.645061978284473,-0.232643477172309,0.103397100965471,0.453762190169879
"Exp. 3","ZRNG","Strategic","Liberal",160,54,36,26,44,80,80,90,70,1321.31124999374,1103.05000001193,"Liberal",NA,NA,NA,0.675,0.45,0,0,0.675,0.45,0.579423537024954,-0.164050421657403,0.554291267653939,0.612112305769857,0.328100843314806,-0.145822597028802,0.125661346855074
"Exp. 3","ZRNG","FPF","Conservative",160,45,23,35,57,80,80,68,92,1470.2975,1327.85,"Conservative",NA,25,0.714285714285714,0.5625,0.2875,0,0,0.5625,0.2875,0.718013716485254,0.201696173632456,0.605873110110237,0.66907492157187,-0.403392347264913,0.179285487673295,0.560703031875083
"Exp. 3","ZRNG","FPF","Liberal",160,39,17,41,63,80,80,56,104,1690.505,1517.5,"Liberal",NA,13,0.764705882352941,0.4875,0.2125,0,0,0.4875,0.2125,0.766438864103812,0.414557414073332,0.606883494878764,0.670190704890982,-0.829114828146665,0.368495479176295,0.797776846125238
"Exp. 3","ZVPW","Strategic","Conservative",160,28,15,52,65,80,80,43,117,1203.68187499987,1001.50000000373,"Conservative",NA,NA,NA,0.35,0.1875,0,0,0.35,0.1875,0.501826092611308,0.636233512713222,0.324396780807533,0.358236315583434,-1.27246702542644,0.56554090018953,0.887146559018876
"Exp. 3","ZVPW","Strategic","Liberal",159,53,39,26,41,79,80,92,67,1194.50754716997,1005,"Liberal",NA,NA,NA,0.670886075949367,0.4875,0,0,0.670886075949367,0.4875,0.473699186293145,-0.205511611125146,0.46743158988886,0.516191838070186,0.411023222250292,-0.182676987666797,0.0313379820214266
"Exp. 3","ZVPW","FPF","Conservative",160,25,8,55,72,80,80,33,127,1372.37625,1139.9,"Conservative",NA,40,0.727272727272727,0.3125,0.1,0,0,0.3125,0.1,0.792775154429931,0.885163988329635,0.536464841321011,0.592426311125797,-1.77032797665927,0.786812434070787,1.2815515655446
"Exp. 3","ZVPW","FPF","Liberal",160,33,9,47,71,80,80,42,118,1078.236875,974.7,"Liberal",NA,6,0.666666666666667,0.4125,0.1125,0,0,0.4125,0.1125,0.992220909490947,0.717229167743044,0.749552984993244,0.827742800067605,-1.43445833548609,0.637537037993817,1.21333962248852
"Exp. 3","ZWQY","Strategic","Conservative",158,39,12,39,68,78,80,51,107,2038.04999999909,1648.84999990463,"Conservative",NA,NA,NA,0.5,0.15,0,0,0.5,0.15,1.03643338949379,0.518216694746895,0.829146711595032,0.9156393670138,-1.03643338949379,0.46063706199724,1.03643338949379
"Exp. 3","ZWQY","Strategic","Liberal",160,59,20,21,60,80,80,79,81,2574.42999999821,2171.10000002384,"Liberal",NA,NA,NA,0.7375,0.25,0,0,0.7375,0.25,1.31014676389366,0.0194163682492495,1.17524881385445,1.297845200316,-0.0388327364984989,0.0172589939993329,0.674489750196082
"Exp. 3","ZWQY","FPF","Conservative",160,58,14,22,66,80,80,72,88,1388.169375,1275.35,"Conservative",NA,17,0.772727272727273,0.725,0.175,0,0,0.725,0.175,1.53234941711596,0.168414582515501,1.34543155890126,1.48578060278726,-0.336829165031002,0.14970185112489,0.93458929107348
"Exp. 3","ZWQY","FPF","Liberal",160,66,15,14,65,80,80,81,79,1412.291875,1380.9,"Liberal",NA,13,0.866666666666667,0.825,0.1875,0,0,0.825,0.1875,1.82173585009236,-0.023721366027302,1.64430653828858,1.81583280358056,0.0474427320546039,-0.0210856586909351,0.887146559018876
"Exp. 3","ZXST","Strategic","Conservative",160,53,27,27,53,80,80,80,80,1220.1018749997,1016.5,"Conservative",NA,NA,NA,0.6625,0.3375,0,0,0.6625,0.3375,0.838591506082792,0,0.754732355474513,0.83346245793114,0,0,0.419295753041396
"Exp. 3","ZXST","Strategic","Liberal",160,59,38,21,42,80,80,97,63,1367.04624999613,1066.59999990463,"Liberal",NA,NA,NA,0.7375,0.475,0,0,0.7375,0.475,0.698363791640797,-0.286475117877184,0.685822436052154,0.757364182296082,0.572950235754369,-0.254644549224164,0.0627067779432138
"Exp. 3","ZXST","FPF","Conservative",160,29,10,51,70,80,80,39,121,1510.575625,1186.2,"Conservative",NA,35,0.686274509803922,0.3625,0.125,0,0,0.3625,0.125,0.798565035440852,0.751066862655582,0.56849515936565,0.627797880149118,-1.50213372531116,0.667614989027184,1.15034938037601
"Exp. 3","ZXST","FPF","Liberal",160,46,30,34,50,80,80,76,84,1299.715625,1025.55,"Liberal",NA,20,0.666666666666667,0.575,0.375,0,0,0.575,0.375,0.507757790237167,0.0647604688457914,0.444029917444293,0.490349014062613,-0.129520937691583,0.057564861196259,0.318639363964375
"Exp. 3","wvkq","Strategic","Conservative",160,47,28,33,52,80,80,75,85,1633.69500000849,1400.70000004768,"Conservative",NA,NA,NA,0.5875,0.35,0,0,0.5875,0.35,0.606439179405138,0.0821008767049985,0.529375086123625,0.584596986266352,-0.164201753409997,0.0729785570711098,0.385320466407568
"Exp. 3","wvkq","Strategic","Liberal",159,36,22,43,58,79,80,58,101,1394.64968553579,1189.30000007153,"Liberal",NA,NA,NA,0.455696202531646,0.275,0,0,0.455696202531646,0.275,0.486477717952198,0.354521267066379,0.366925692743703,0.405201642057573,-0.709042534132759,0.315130015170115,0.597760126042478
"Exp. 3","wvkq","FPF","Conservative",160,28,24,52,56,80,80,52,108,1408.41375,1200.55,"Conservative",NA,40,0.769230769230769,0.35,0.3,0,0,0.35,0.3,0.139080046300473,0.454860489557804,0.0341999437588649,0.0377675198096538,-0.909720979115608,0.404320435162493,0.524400512708041
"Exp. 3","wvkq","FPF","Liberal",160,43,36,37,44,80,80,79,81,1343.520625,1173.55,"Liberal",NA,26,0.722222222222222,0.5375,0.45,0,0,0.5375,0.45,0.21979876117861,0.0157619662657688,0.194666491807596,0.214973177659494,-0.0315239325315376,0.0140106366806834,0.125661346855074
